PDB_CHAIN,WILD_RES,RES_NUM_PDB,MUTANT_RES,Category_x,EXP_DDG_x,PH_x,TEMPERATURE_x,PDB_SEQUENCE_x,RES_IND_SEQ_x,Category_y,PH_y,TEMPERATURE_y,EXP_DDG_y,PDB_SEQUENCE_y,RES_IND_SEQ_y
1AJ3A,H,10,A,Reverse,-0.5,7.0,25.0,,,Forward,7.0,25.0,0.5,HQFFRDMDDEESWIKEKKLLVSSEDYGRDLTGVQNLRKKHKRLEAELAAHEPAIQGVLDTGKKLSDDNTIGKEEIQQRLAQFVDHWKELKQLAAARGQ,0
1AJ3A,E,25,A,Reverse,-0.1,7.0,25.0,,,Forward,7.0,25.0,0.1,HQFFRDMDDEESWIKEKKLLVSSEDYGRDLTGVQNLRKKHKRLEAELAAHEPAIQGVLDTGKKLSDDNTIGKEEIQQRLAQFVDHWKELKQLAAARGQ,15
1AJ3A,K,26,A,Reverse,0.0,7.0,25.0,,,Forward,7.0,25.0,0.0,HQFFRDMDDEESWIKEKKLLVSSEDYGRDLTGVQNLRKKHKRLEAELAAHEPAIQGVLDTGKKLSDDNTIGKEEIQQRLAQFVDHWKELKQLAAARGQ,16
1AJ3A,V,30,A,Reverse,0.2,7.0,25.0,,,Forward,7.0,25.0,-0.2,HQFFRDMDDEESWIKEKKLLVSSEDYGRDLTGVQNLRKKHKRLEAELAAHEPAIQGVLDTGKKLSDDNTIGKEEIQQRLAQFVDHWKELKQLAAARGQ,20
1AJ3A,T,40,A,Reverse,-0.3,7.0,25.0,,,Forward,7.0,25.0,0.3,HQFFRDMDDEESWIKEKKLLVSSEDYGRDLTGVQNLRKKHKRLEAELAAHEPAIQGVLDTGKKLSDDNTIGKEEIQQRLAQFVDHWKELKQLAAARGQ,30
1AJ3A,V,42,A,Reverse,0.4,7.0,25.0,,,Forward,7.0,25.0,-0.4,HQFFRDMDDEESWIKEKKLLVSSEDYGRDLTGVQNLRKKHKRLEAELAAHEPAIQGVLDTGKKLSDDNTIGKEEIQQRLAQFVDHWKELKQLAAARGQ,32
1AJ3A,N,44,G,Reverse,0.4,7.0,25.0,,,Forward,7.0,25.0,-0.4,HQFFRDMDDEESWIKEKKLLVSSEDYGRDLTGVQNLRKKHKRLEAELAAHEPAIQGVLDTGKKLSDDNTIGKEEIQQRLAQFVDHWKELKQLAAARGQ,34
1AJ3A,L,45,A,Reverse,0.2,7.0,25.0,,,Forward,7.0,25.0,-0.2,HQFFRDMDDEESWIKEKKLLVSSEDYGRDLTGVQNLRKKHKRLEAELAAHEPAIQGVLDTGKKLSDDNTIGKEEIQQRLAQFVDHWKELKQLAAARGQ,35
1AJ3A,K,47,A,Reverse,-0.4,7.0,25.0,,,Forward,7.0,25.0,0.4,HQFFRDMDDEESWIKEKKLLVSSEDYGRDLTGVQNLRKKHKRLEAELAAHEPAIQGVLDTGKKLSDDNTIGKEEIQQRLAQFVDHWKELKQLAAARGQ,37
1AJ3A,K,47,G,Reverse,0.5,7.0,25.0,,,Forward,7.0,25.0,-0.5,HQFFRDMDDEESWIKEKKLLVSSEDYGRDLTGVQNLRKKHKRLEAELAAHEPAIQGVLDTGKKLSDDNTIGKEEIQQRLAQFVDHWKELKQLAAARGQ,37
1AJ3A,I,84,A,Reverse,2.0,7.0,25.0,,,Forward,7.0,25.0,-2.0,HQFFRDMDDEESWIKEKKLLVSSEDYGRDLTGVQNLRKKHKRLEAELAAHEPAIQGVLDTGKKLSDDNTIGKEEIQQRLAQFVDHWKELKQLAAARGQ,74
1AJ3A,Q,86,A,Reverse,0.0,7.0,25.0,,,Forward,7.0,25.0,0.0,HQFFRDMDDEESWIKEKKLLVSSEDYGRDLTGVQNLRKKHKRLEAELAAHEPAIQGVLDTGKKLSDDNTIGKEEIQQRLAQFVDHWKELKQLAAARGQ,76
1AJ3A,Q,86,G,Reverse,1.3,7.0,25.0,,,Forward,7.0,25.0,-1.3,HQFFRDMDDEESWIKEKKLLVSSEDYGRDLTGVQNLRKKHKRLEAELAAHEPAIQGVLDTGKKLSDDNTIGKEEIQQRLAQFVDHWKELKQLAAARGQ,76
1AJ3A,D,93,A,Reverse,-0.7,7.0,25.0,,,Forward,7.0,25.0,0.7,HQFFRDMDDEESWIKEKKLLVSSEDYGRDLTGVQNLRKKHKRLEAELAAHEPAIQGVLDTGKKLSDDNTIGKEEIQQRLAQFVDHWKELKQLAAARGQ,83
1AJ3A,D,93,G,Reverse,0.3,7.0,25.0,,,Forward,7.0,25.0,-0.3,HQFFRDMDDEESWIKEKKLLVSSEDYGRDLTGVQNLRKKHKRLEAELAAHEPAIQGVLDTGKKLSDDNTIGKEEIQQRLAQFVDHWKELKQLAAARGQ,83
1AJ3A,K,96,A,Reverse,0.4,7.0,25.0,,,Forward,7.0,25.0,-0.4,HQFFRDMDDEESWIKEKKLLVSSEDYGRDLTGVQNLRKKHKRLEAELAAHEPAIQGVLDTGKKLSDDNTIGKEEIQQRLAQFVDHWKELKQLAAARGQ,86
1AJ3A,K,96,G,Reverse,1.3,7.0,25.0,,,Forward,7.0,25.0,-1.3,HQFFRDMDDEESWIKEKKLLVSSEDYGRDLTGVQNLRKKHKRLEAELAAHEPAIQGVLDTGKKLSDDNTIGKEEIQQRLAQFVDHWKELKQLAAARGQ,86
1AKYA,Q,48,E,Reverse,0.96,7.7,25.0,,,Forward,7.7,25.0,-0.96,ESIRMVLIGPPGAGKGTQAPNLQERFHAAHLATGDMLRSQIAKGTQLGLEAKKIMDQGGLVSDDIMVNMIKDELTNNPACKNGFILDGFPRTIPQAEKLDQMLKEQGTPLEKAIELKVDDELLVARITGRLIHPASGRSYHKIFNPPKEDMKDDVTGEALVQRSDDNADALKKRLAAYHAQTEPIVDFYKKTGIWAGVDASQPPATVWADILNKLGKN,45
1AONU,I,48,W,Reverse,0.2,7.8,25.0,,,Forward,7.8,25.0,-0.2,MNIRPLHDRVIVKRKEVETKSAGGIVLTGSAAAKSTRGEVLAVGNGRILENGEVKPLDVKVGDIVIFNDGYGVKSEKIDNEEVLIMSESDILAIVEA,47
1APSA,I,75,V,Reverse,1.41,5.5,28.0,,,Forward,5.5,28.0,-1.41,STARPLKSVDYEVFGRVQGVCFRMYAEDEARKIGVVGWVKNTSKGTVTGQVQGPEEKVNSMKSWLSKVGSPSSRIDRTNFSNEKTISKLEYSNFSVRY,74
1BNIA,K,27,A,Reverse,-0.44,6.3,25.0,,,Forward,6.3,25.0,0.44,VINTFDGVADYLQTYHKLPDNYITKSEAQALGWVASKGNLADVAPGKSIGGDIFSNREGKLPGKSGRTWREADINYTSGFRNSDRILYSSDWLIYKTTDHYQTFTKIR,24
1BNIA,R,59,A,Reverse,-0.64,6.3,25.0,,,Forward,6.3,25.0,0.64,VINTFDGVADYLQTYHKLPDNYITKSEAQALGWVASKGNLADVAPGKSIGGDIFSNREGKLPGKSGRTWREADINYTSGFRNSDRILYSSDWLIYKTTDHYQTFTKIR,56
1BTAA,K,22,Q,Reverse,0.79,8.0,25.0,,,Forward,8.0,25.0,-0.79,KKAVINGEQIRSISDLHQTLKKELALPEYYGENLDALWDCLTGWVEYPLVLEWRQFEQSKQLTENGAESVLQVFREAKAEGCDITIILS,21
1BTAA,K,60,E,Reverse,1.17,8.0,25.0,,,Forward,8.0,25.0,-1.17,KKAVINGEQIRSISDLHQTLKKELALPEYYGENLDALWDCLTGWVEYPLVLEWRQFEQSKQLTENGAESVLQVFREAKAEGCDITIILS,59
1BTAA,R,75,L,Reverse,-0.75,8.0,25.0,,,Forward,8.0,25.0,0.75,KKAVINGEQIRSISDLHQTLKKELALPEYYGENLDALWDCLTGWVEYPLVLEWRQFEQSKQLTENGAESVLQVFREAKAEGCDITIILS,74
1BVCA,H,24,V,Reverse,0.52,7.0,0.0,,,Forward,7.0,0.0,-0.52,VLSEGEWQLVLHVWAKVEADVAGHGQDILIRLFKSHPETLEKFDRFKHLKTEAEMKASEDLKKHGVTVLTALGAILKKKGHHEAELKPLAQSHATKHKIPIKYLEFISEAIIHVLHSRHPGDFGADAQGAMNKALELFRKDIAAKYKELGYQG,23
1BVCA,H,48,Q,Reverse,0.62,7.0,0.0,,,Forward,7.0,0.0,-0.62,VLSEGEWQLVLHVWAKVEADVAGHGQDILIRLFKSHPETLEKFDRFKHLKTEAEMKASEDLKKHGVTVLTALGAILKKKGHHEAELKPLAQSHATKHKIPIKYLEFISEAIIHVLHSRHPGDFGADAQGAMNKALELFRKDIAAKYKELGYQG,47
1BVCA,H,119,F,Reverse,0.68,7.0,0.0,,,Forward,7.0,0.0,-0.68,VLSEGEWQLVLHVWAKVEADVAGHGQDILIRLFKSHPETLEKFDRFKHLKTEAEMKASEDLKKHGVTVLTALGAILKKKGHHEAELKPLAQSHATKHKIPIKYLEFISEAIIHVLHSRHPGDFGADAQGAMNKALELFRKDIAAKYKELGYQG,118
1C9OA,E,12,K,Reverse,0.32,7.0,75.0,,,Forward,7.0,75.0,-0.32,MQRGKVKWFNNEKGYGFIEVEGGSDVFVHFTAIQGEGFKTLEEGQEVSFEIVQGNRGPQAANVVKL,11
1C9OA,E,21,A,Reverse,0.29,7.0,70.0,,,Forward,7.0,70.0,-0.29,MQRGKVKWFNNEKGYGFIEVEGGSDVFVHFTAIQGEGFKTLEEGQEVSFEIVQGNRGPQAANVVKL,20
1C9OA,F,38,W,Reverse,-0.24,7.0,25.0,,,Forward,7.0,25.0,0.24,MQRGKVKWFNNEKGYGFIEVEGGSDVFVHFTAIQGEGFKTLEEGQEVSFEIVQGNRGPQAANVVKL,37
1C9OA,E,50,K,Reverse,0.58,7.0,75.0,,,Forward,7.0,75.0,-0.58,MQRGKVKWFNNEKGYGFIEVEGGSDVFVHFTAIQGEGFKTLEEGQEVSFEIVQGNRGPQAANVVKL,49
1C9OA,R,56,E,Reverse,-0.69,7.0,75.0,,,Forward,7.0,75.0,0.69,MQRGKVKWFNNEKGYGFIEVEGGSDVFVHFTAIQGEGFKTLEEGQEVSFEIVQGNRGPQAANVVKL,55
1CEYA,A,77,G,Reverse,0.31,8.0,25.0,,,Forward,8.0,25.0,-0.31,ADKELKFLVVDDFSTMRRIVRNLLKELGFNNVEEAEDGVDALNKLQAGGYGFVISDWNMPNMDGLELLKTIRADGAMSALPVLMVTAEAKKENIIAAAQAGASGYVVKPFTAATLEEKLNKIFEKLGM,75
1CEYA,A,80,G,Reverse,-0.43,8.0,25.0,,,Forward,8.0,25.0,0.43,ADKELKFLVVDDFSTMRRIVRNLLKELGFNNVEEAEDGVDALNKLQAGGYGFVISDWNMPNMDGLELLKTIRADGAMSALPVLMVTAEAKKENIIAAAQAGASGYVVKPFTAATLEEKLNKIFEKLGM,78
1CEYA,A,88,G,Reverse,-0.04,8.0,25.0,,,Forward,8.0,25.0,0.04,ADKELKFLVVDDFSTMRRIVRNLLKELGFNNVEEAEDGVDALNKLQAGGYGFVISDWNMPNMDGLELLKTIRADGAMSALPVLMVTAEAKKENIIAAAQAGASGYVVKPFTAATLEEKLNKIFEKLGM,86
1CEYA,A,99,G,Reverse,0.48,8.0,25.0,,,Forward,8.0,25.0,-0.48,ADKELKFLVVDDFSTMRRIVRNLLKELGFNNVEEAEDGVDALNKLQAGGYGFVISDWNMPNMDGLELLKTIRADGAMSALPVLMVTAEAKKENIIAAAQAGASGYVVKPFTAATLEEKLNKIFEKLGM,97
1CSEI,V,54,A,Reverse,1.58,7.0,25.0,,,Forward,7.0,25.0,-1.58,KSFPEVVGKTVDQAREYFTLHYPQYNVYFLPEGSPVTLDLRYNRVRVFYNPGTNVVNHVPHVG,46
1CSPA,E,3,Q,Reverse,-1.14,7.5,55.0,,,Forward,7.5,55.0,1.14,MLEGKVKWFNSEKGFGFIEVEGQDDVFVHFSAIQGEGFKTLEEGQAVSFEIVEGNRGPQAANVTKEA,2
1CSPA,E,43,S,Reverse,-0.29,7.0,70.0,,,Forward,7.0,70.0,0.29,MLEGKVKWFNSEKGFGFIEVEGQDDVFVHFSAIQGEGFKTLEEGQAVSFEIVEGNRGPQAANVTKEA,42
1CSPA,S,48,R,Reverse,-1.58,7.0,70.0,,,Forward,7.0,70.0,1.58,MLEGKVKWFNSEKGFGFIEVEGQDDVFVHFSAIQGEGFKTLEEGQAVSFEIVEGNRGPQAANVTKEA,47
1CSPA,R,56,Q,Reverse,-0.28,7.5,55.0,,,Forward,7.5,55.0,0.28,MLEGKVKWFNSEKGFGFIEVEGQDDVFVHFSAIQGEGFKTLEEGQAVSFEIVEGNRGPQAANVTKEA,55
1CUNA,Q,115,G,Reverse,1.15,7.0,25.0,,,Forward,7.0,25.0,-1.15,MVHQFFRDMDDEESWIKEKKLLVSSEDYGRDLTGVQNLRKKHKRLEAELAAHEPAIQSVLDTGKKLSDDNTIGKEEIQQRLAQFVDHWKELKQLAAARGQRLEESLEYQQFVANVEEEEAWINEKMTLVASEDYGDTLAAIQGLLKKHEAFETDFTVHKDRVNDVCANGEDLIKKNNHHVENITAKMKGLKGKVSDLEKAAAQRKAKLDENSA,108
1CUNA,A,126,G,Reverse,1.65,7.0,25.0,,,Forward,7.0,25.0,-1.65,MVHQFFRDMDDEESWIKEKKLLVSSEDYGRDLTGVQNLRKKHKRLEAELAAHEPAIQSVLDTGKKLSDDNTIGKEEIQQRLAQFVDHWKELKQLAAARGQRLEESLEYQQFVANVEEEEAWINEKMTLVASEDYGDTLAAIQGLLKKHEAFETDFTVHKDRVNDVCANGEDLIKKNNHHVENITAKMKGLKGKVSDLEKAAAQRKAKLDENSA,119
1CUNA,I,128,A,Reverse,1.65,7.0,25.0,,,Forward,7.0,25.0,-1.65,MVHQFFRDMDDEESWIKEKKLLVSSEDYGRDLTGVQNLRKKHKRLEAELAAHEPAIQSVLDTGKKLSDDNTIGKEEIQQRLAQFVDHWKELKQLAAARGQRLEESLEYQQFVANVEEEEAWINEKMTLVASEDYGDTLAAIQGLLKKHEAFETDFTVHKDRVNDVCANGEDLIKKNNHHVENITAKMKGLKGKVSDLEKAAAQRKAKLDENSA,121
1CUNA,K,152,A,Reverse,0.15,7.0,25.0,,,Forward,7.0,25.0,-0.15,MVHQFFRDMDDEESWIKEKKLLVSSEDYGRDLTGVQNLRKKHKRLEAELAAHEPAIQSVLDTGKKLSDDNTIGKEEIQQRLAQFVDHWKELKQLAAARGQRLEESLEYQQFVANVEEEEAWINEKMTLVASEDYGDTLAAIQGLLKKHEAFETDFTVHKDRVNDVCANGEDLIKKNNHHVENITAKMKGLKGKVSDLEKAAAQRKAKLDENSA,145
1CUNA,K,152,G,Reverse,1.45,7.0,25.0,,,Forward,7.0,25.0,-1.45,MVHQFFRDMDDEESWIKEKKLLVSSEDYGRDLTGVQNLRKKHKRLEAELAAHEPAIQSVLDTGKKLSDDNTIGKEEIQQRLAQFVDHWKELKQLAAARGQRLEESLEYQQFVANVEEEEAWINEKMTLVASEDYGDTLAAIQGLLKKHEAFETDFTVHKDRVNDVCANGEDLIKKNNHHVENITAKMKGLKGKVSDLEKAAAQRKAKLDENSA,145
1CUNA,A,156,G,Reverse,1.45,7.0,25.0,,,Forward,7.0,25.0,-1.45,MVHQFFRDMDDEESWIKEKKLLVSSEDYGRDLTGVQNLRKKHKRLEAELAAHEPAIQSVLDTGKKLSDDNTIGKEEIQQRLAQFVDHWKELKQLAAARGQRLEESLEYQQFVANVEEEEAWINEKMTLVASEDYGDTLAAIQGLLKKHEAFETDFTVHKDRVNDVCANGEDLIKKNNHHVENITAKMKGLKGKVSDLEKAAAQRKAKLDENSA,149
1CUNA,F,157,L,Reverse,1.85,7.0,25.0,,,Forward,7.0,25.0,-1.85,MVHQFFRDMDDEESWIKEKKLLVSSEDYGRDLTGVQNLRKKHKRLEAELAAHEPAIQSVLDTGKKLSDDNTIGKEEIQQRLAQFVDHWKELKQLAAARGQRLEESLEYQQFVANVEEEEAWINEKMTLVASEDYGDTLAAIQGLLKKHEAFETDFTVHKDRVNDVCANGEDLIKKNNHHVENITAKMKGLKGKVSDLEKAAAQRKAKLDENSA,150
1CUNA,A,173,G,Reverse,1.95,7.0,25.0,,,Forward,7.0,25.0,-1.95,MVHQFFRDMDDEESWIKEKKLLVSSEDYGRDLTGVQNLRKKHKRLEAELAAHEPAIQSVLDTGKKLSDDNTIGKEEIQQRLAQFVDHWKELKQLAAARGQRLEESLEYQQFVANVEEEEAWINEKMTLVASEDYGDTLAAIQGLLKKHEAFETDFTVHKDRVNDVCANGEDLIKKNNHHVENITAKMKGLKGKVSDLEKAAAQRKAKLDENSA,166
1CUNA,A,191,G,Reverse,1.35,7.0,25.0,,,Forward,7.0,25.0,-1.35,MVHQFFRDMDDEESWIKEKKLLVSSEDYGRDLTGVQNLRKKHKRLEAELAAHEPAIQSVLDTGKKLSDDNTIGKEEIQQRLAQFVDHWKELKQLAAARGQRLEESLEYQQFVANVEEEEAWINEKMTLVASEDYGDTLAAIQGLLKKHEAFETDFTVHKDRVNDVCANGEDLIKKNNHHVENITAKMKGLKGKVSDLEKAAAQRKAKLDENSA,184
1CUNA,S,201,A,Reverse,-0.15,7.0,25.0,,,Forward,7.0,25.0,0.15,MVHQFFRDMDDEESWIKEKKLLVSSEDYGRDLTGVQNLRKKHKRLEAELAAHEPAIQSVLDTGKKLSDDNTIGKEEIQQRLAQFVDHWKELKQLAAARGQRLEESLEYQQFVANVEEEEAWINEKMTLVASEDYGDTLAAIQGLLKKHEAFETDFTVHKDRVNDVCANGEDLIKKNNHHVENITAKMKGLKGKVSDLEKAAAQRKAKLDENSA,194
1CUNA,S,201,G,Reverse,0.95,7.0,25.0,,,Forward,7.0,25.0,-0.95,MVHQFFRDMDDEESWIKEKKLLVSSEDYGRDLTGVQNLRKKHKRLEAELAAHEPAIQSVLDTGKKLSDDNTIGKEEIQQRLAQFVDHWKELKQLAAARGQRLEESLEYQQFVANVEEEEAWINEKMTLVASEDYGDTLAAIQGLLKKHEAFETDFTVHKDRVNDVCANGEDLIKKNNHHVENITAKMKGLKGKVSDLEKAAAQRKAKLDENSA,194
1CUNA,A,212,G,Reverse,1.45,7.0,25.0,,,Forward,7.0,25.0,-1.45,MVHQFFRDMDDEESWIKEKKLLVSSEDYGRDLTGVQNLRKKHKRLEAELAAHEPAIQSVLDTGKKLSDDNTIGKEEIQQRLAQFVDHWKELKQLAAARGQRLEESLEYQQFVANVEEEEAWINEKMTLVASEDYGDTLAAIQGLLKKHEAFETDFTVHKDRVNDVCANGEDLIKKNNHHVENITAKMKGLKGKVSDLEKAAAQRKAKLDENSA,205
1DKTA,S,9,A,Reverse,0.43,7.5,10.0,,,Forward,7.5,10.0,-0.43,QIYYSDKYDDEEFEYRHVMLPKDIAKLVPKTHLMSESEWRNLGVQQSQGWVHYMIHEPEPHILLFRRPLPKK,4
1DKTA,K,11,A,Reverse,-0.62,7.5,10.0,,,Forward,7.5,10.0,0.62,QIYYSDKYDDEEFEYRHVMLPKDIAKLVPKTHLMSESEWRNLGVQQSQGWVHYMIHEPEPHILLFRRPLPKK,6
1DKTA,S,39,A,Reverse,0.6,7.5,10.0,,,Forward,7.5,10.0,-0.6,QIYYSDKYDDEEFEYRHVMLPKDIAKLVPKTHLMSESEWRNLGVQQSQGWVHYMIHEPEPHILLFRRPLPKK,34
1DKTA,V,55,A,Reverse,0.73,7.5,10.0,,,Forward,7.5,10.0,-0.73,QIYYSDKYDDEEFEYRHVMLPKDIAKLVPKTHLMSESEWRNLGVQQSQGWVHYMIHEPEPHILLFRRPLPKK,50
1DKTA,M,58,L,Reverse,0.23,7.5,10.0,,,Forward,7.5,10.0,-0.23,QIYYSDKYDDEEFEYRHVMLPKDIAKLVPKTHLMSESEWRNLGVQQSQGWVHYMIHEPEPHILLFRRPLPKK,53
1DKTA,R,71,A,Reverse,0.59,7.5,10.0,,,Forward,7.5,10.0,-0.59,QIYYSDKYDDEEFEYRHVMLPKDIAKLVPKTHLMSESEWRNLGVQQSQGWVHYMIHEPEPHILLFRRPLPKK,66
1E65A,V,31,T,Reverse,1.08,7.0,25.0,,,Forward,7.0,25.0,-1.08,AECSVDIQGNDQMQFNTNAITVDKSCKQFTVNLSHPGNLPKNVMGHNWVLSTAADMQGVVTDGMASGLDKDYLKPDDSRVIAHTKLIGSGEKDSVTFDVSKLKEGEQYMFFCTFPGHSALMKGTLTLK,30
1E65A,L,50,V,Reverse,0.36,7.0,25.0,,,Forward,7.0,25.0,-0.36,AECSVDIQGNDQMQFNTNAITVDKSCKQFTVNLSHPGNLPKNVMGHNWVLSTAADMQGVVTDGMASGLDKDYLKPDDSRVIAHTKLIGSGEKDSVTFDVSKLKEGEQYMFFCTFPGHSALMKGTLTLK,49
1E65A,V,95,T,Reverse,-0.96,7.0,25.0,,,Forward,7.0,25.0,0.96,AECSVDIQGNDQMQFNTNAITVDKSCKQFTVNLSHPGNLPKNVMGHNWVLSTAADMQGVVTDGMASGLDKDYLKPDDSRVIAHTKLIGSGEKDSVTFDVSKLKEGEQYMFFCTFPGHSALMKGTLTLK,94
1EY0A,L,7,V,Reverse,1.15,7.0,20.0,,,Forward,7.0,20.0,-1.15,KLHKEPATLIKAIDGDTVKLMYKGQPMTFRLLLVDTPETKHPKKGVEKYGPEASAFTKKMVENAKKIEVEFDKGQRTDKYGRGLAYIYADGKMVNEALVRQGLAKVAYVYKPNNTHEQHLRKSEAQAKKEKLNIWS,1
1EY0A,K,9,F,Reverse,1.03,7.0,20.0,,,Forward,7.0,20.0,-1.03,KLHKEPATLIKAIDGDTVKLMYKGQPMTFRLLLVDTPETKHPKKGVEKYGPEASAFTKKMVENAKKIEVEFDKGQRTDKYGRGLAYIYADGKMVNEALVRQGLAKVAYVYKPNNTHEQHLRKSEAQAKKEKLNIWS,3
1EY0A,T,13,C,Reverse,1.2,7.0,20.0,,,Forward,7.0,20.0,-1.2,KLHKEPATLIKAIDGDTVKLMYKGQPMTFRLLLVDTPETKHPKKGVEKYGPEASAFTKKMVENAKKIEVEFDKGQRTDKYGRGLAYIYADGKMVNEALVRQGLAKVAYVYKPNNTHEQHLRKSEAQAKKEKLNIWS,7
1EY0A,L,14,V,Reverse,1.63,7.0,20.0,,,Forward,7.0,20.0,-1.63,KLHKEPATLIKAIDGDTVKLMYKGQPMTFRLLLVDTPETKHPKKGVEKYGPEASAFTKKMVENAKKIEVEFDKGQRTDKYGRGLAYIYADGKMVNEALVRQGLAKVAYVYKPNNTHEQHLRKSEAQAKKEKLNIWS,8
1EY0A,I,15,M,Reverse,0.15,7.0,20.0,,,Forward,7.0,20.0,-0.15,KLHKEPATLIKAIDGDTVKLMYKGQPMTFRLLLVDTPETKHPKKGVEKYGPEASAFTKKMVENAKKIEVEFDKGQRTDKYGRGLAYIYADGKMVNEALVRQGLAKVAYVYKPNNTHEQHLRKSEAQAKKEKLNIWS,9
1EY0A,D,19,F,Reverse,1.28,7.0,20.0,,,Forward,7.0,20.0,-1.28,KLHKEPATLIKAIDGDTVKLMYKGQPMTFRLLLVDTPETKHPKKGVEKYGPEASAFTKKMVENAKKIEVEFDKGQRTDKYGRGLAYIYADGKMVNEALVRQGLAKVAYVYKPNNTHEQHLRKSEAQAKKEKLNIWS,13
1EY0A,D,21,K,Reverse,-1.1,7.0,20.0,,,Forward,7.0,20.0,1.1,KLHKEPATLIKAIDGDTVKLMYKGQPMTFRLLLVDTPETKHPKKGVEKYGPEASAFTKKMVENAKKIEVEFDKGQRTDKYGRGLAYIYADGKMVNEALVRQGLAKVAYVYKPNNTHEQHLRKSEAQAKKEKLNIWS,15
1EY0A,T,22,I,Reverse,0.61,7.0,20.0,,,Forward,7.0,20.0,-0.61,KLHKEPATLIKAIDGDTVKLMYKGQPMTFRLLLVDTPETKHPKKGVEKYGPEASAFTKKMVENAKKIEVEFDKGQRTDKYGRGLAYIYADGKMVNEALVRQGLAKVAYVYKPNNTHEQHLRKSEAQAKKEKLNIWS,16
1EY0A,V,23,I,Reverse,-0.03,7.0,20.0,,,Forward,7.0,20.0,0.03,KLHKEPATLIKAIDGDTVKLMYKGQPMTFRLLLVDTPETKHPKKGVEKYGPEASAFTKKMVENAKKIEVEFDKGQRTDKYGRGLAYIYADGKMVNEALVRQGLAKVAYVYKPNNTHEQHLRKSEAQAKKEKLNIWS,17
1EY0A,V,23,L,Reverse,0.02,7.0,20.0,,,Forward,7.0,20.0,-0.02,KLHKEPATLIKAIDGDTVKLMYKGQPMTFRLLLVDTPETKHPKKGVEKYGPEASAFTKKMVENAKKIEVEFDKGQRTDKYGRGLAYIYADGKMVNEALVRQGLAKVAYVYKPNNTHEQHLRKSEAQAKKEKLNIWS,17
1EY0A,K,24,F,Reverse,0.4,7.0,20.0,,,Forward,7.0,20.0,-0.4,KLHKEPATLIKAIDGDTVKLMYKGQPMTFRLLLVDTPETKHPKKGVEKYGPEASAFTKKMVENAKKIEVEFDKGQRTDKYGRGLAYIYADGKMVNEALVRQGLAKVAYVYKPNNTHEQHLRKSEAQAKKEKLNIWS,18
1EY0A,T,33,C,Reverse,1.04,7.0,20.0,,,Forward,7.0,20.0,-1.04,KLHKEPATLIKAIDGDTVKLMYKGQPMTFRLLLVDTPETKHPKKGVEKYGPEASAFTKKMVENAKKIEVEFDKGQRTDKYGRGLAYIYADGKMVNEALVRQGLAKVAYVYKPNNTHEQHLRKSEAQAKKEKLNIWS,27
1EY0A,L,37,I,Reverse,1.82,7.0,20.0,,,Forward,7.0,20.0,-1.82,KLHKEPATLIKAIDGDTVKLMYKGQPMTFRLLLVDTPETKHPKKGVEKYGPEASAFTKKMVENAKKIEVEFDKGQRTDKYGRGLAYIYADGKMVNEALVRQGLAKVAYVYKPNNTHEQHLRKSEAQAKKEKLNIWS,31
1EY0A,V,39,I,Reverse,-0.11,7.0,20.0,,,Forward,7.0,20.0,0.11,KLHKEPATLIKAIDGDTVKLMYKGQPMTFRLLLVDTPETKHPKKGVEKYGPEASAFTKKMVENAKKIEVEFDKGQRTDKYGRGLAYIYADGKMVNEALVRQGLAKVAYVYKPNNTHEQHLRKSEAQAKKEKLNIWS,33
1EY0A,V,39,L,Reverse,0.9,7.0,20.0,,,Forward,7.0,20.0,-0.9,KLHKEPATLIKAIDGDTVKLMYKGQPMTFRLLLVDTPETKHPKKGVEKYGPEASAFTKKMVENAKKIEVEFDKGQRTDKYGRGLAYIYADGKMVNEALVRQGLAKVAYVYKPNNTHEQHLRKSEAQAKKEKLNIWS,33
1EY0A,T,41,I,Reverse,-0.86,7.0,20.0,,,Forward,7.0,20.0,0.86,KLHKEPATLIKAIDGDTVKLMYKGQPMTFRLLLVDTPETKHPKKGVEKYGPEASAFTKKMVENAKKIEVEFDKGQRTDKYGRGLAYIYADGKMVNEALVRQGLAKVAYVYKPNNTHEQHLRKSEAQAKKEKLNIWS,35
1EY0A,T,44,C,Reverse,0.04,7.0,20.0,,,Forward,7.0,20.0,-0.04,KLHKEPATLIKAIDGDTVKLMYKGQPMTFRLLLVDTPETKHPKKGVEKYGPEASAFTKKMVENAKKIEVEFDKGQRTDKYGRGLAYIYADGKMVNEALVRQGLAKVAYVYKPNNTHEQHLRKSEAQAKKEKLNIWS,38
1EY0A,V,51,L,Reverse,0.1,7.0,20.0,,,Forward,7.0,20.0,-0.1,KLHKEPATLIKAIDGDTVKLMYKGQPMTFRLLLVDTPETKHPKKGVEKYGPEASAFTKKMVENAKKIEVEFDKGQRTDKYGRGLAYIYADGKMVNEALVRQGLAKVAYVYKPNNTHEQHLRKSEAQAKKEKLNIWS,45
1EY0A,Y,54,F,Reverse,0.38,7.0,20.0,,,Forward,7.0,20.0,-0.38,KLHKEPATLIKAIDGDTVKLMYKGQPMTFRLLLVDTPETKHPKKGVEKYGPEASAFTKKMVENAKKIEVEFDKGQRTDKYGRGLAYIYADGKMVNEALVRQGLAKVAYVYKPNNTHEQHLRKSEAQAKKEKLNIWS,48
1EY0A,G,55,V,Reverse,1.48,7.0,20.0,,,Forward,7.0,20.0,-1.48,KLHKEPATLIKAIDGDTVKLMYKGQPMTFRLLLVDTPETKHPKKGVEKYGPEASAFTKKMVENAKKIEVEFDKGQRTDKYGRGLAYIYADGKMVNEALVRQGLAKVAYVYKPNNTHEQHLRKSEAQAKKEKLNIWS,49
1EY0A,K,63,Q,Reverse,0.89,7.0,20.0,,,Forward,7.0,20.0,-0.89,KLHKEPATLIKAIDGDTVKLMYKGQPMTFRLLLVDTPETKHPKKGVEKYGPEASAFTKKMVENAKKIEVEFDKGQRTDKYGRGLAYIYADGKMVNEALVRQGLAKVAYVYKPNNTHEQHLRKSEAQAKKEKLNIWS,57
1EY0A,M,65,F,Reverse,1.62,7.0,20.0,,,Forward,7.0,20.0,-1.62,KLHKEPATLIKAIDGDTVKLMYKGQPMTFRLLLVDTPETKHPKKGVEKYGPEASAFTKKMVENAKKIEVEFDKGQRTDKYGRGLAYIYADGKMVNEALVRQGLAKVAYVYKPNNTHEQHLRKSEAQAKKEKLNIWS,59
1EY0A,M,65,I,Reverse,1.43,7.0,20.0,,,Forward,7.0,20.0,-1.43,KLHKEPATLIKAIDGDTVKLMYKGQPMTFRLLLVDTPETKHPKKGVEKYGPEASAFTKKMVENAKKIEVEFDKGQRTDKYGRGLAYIYADGKMVNEALVRQGLAKVAYVYKPNNTHEQHLRKSEAQAKKEKLNIWS,59
1EY0A,V,66,I,Reverse,0.76,7.0,20.0,,,Forward,7.0,20.0,-0.76,KLHKEPATLIKAIDGDTVKLMYKGQPMTFRLLLVDTPETKHPKKGVEKYGPEASAFTKKMVENAKKIEVEFDKGQRTDKYGRGLAYIYADGKMVNEALVRQGLAKVAYVYKPNNTHEQHLRKSEAQAKKEKLNIWS,60
1EY0A,K,70,E,Reverse,0.3,7.0,20.0,,,Forward,7.0,20.0,-0.3,KLHKEPATLIKAIDGDTVKLMYKGQPMTFRLLLVDTPETKHPKKGVEKYGPEASAFTKKMVENAKKIEVEFDKGQRTDKYGRGLAYIYADGKMVNEALVRQGLAKVAYVYKPNNTHEQHLRKSEAQAKKEKLNIWS,64
1EY0A,I,72,L,Reverse,0.23,7.0,20.0,,,Forward,7.0,20.0,-0.23,KLHKEPATLIKAIDGDTVKLMYKGQPMTFRLLLVDTPETKHPKKGVEKYGPEASAFTKKMVENAKKIEVEFDKGQRTDKYGRGLAYIYADGKMVNEALVRQGLAKVAYVYKPNNTHEQHLRKSEAQAKKEKLNIWS,66
1EY0A,V,74,L,Reverse,1.12,7.0,20.0,,,Forward,7.0,20.0,-1.12,KLHKEPATLIKAIDGDTVKLMYKGQPMTFRLLLVDTPETKHPKKGVEKYGPEASAFTKKMVENAKKIEVEFDKGQRTDKYGRGLAYIYADGKMVNEALVRQGLAKVAYVYKPNNTHEQHLRKSEAQAKKEKLNIWS,68
1EY0A,K,78,Q,Reverse,0.15,7.0,20.0,,,Forward,7.0,20.0,-0.15,KLHKEPATLIKAIDGDTVKLMYKGQPMTFRLLLVDTPETKHPKKGVEKYGPEASAFTKKMVENAKKIEVEFDKGQRTDKYGRGLAYIYADGKMVNEALVRQGLAKVAYVYKPNNTHEQHLRKSEAQAKKEKLNIWS,72
1EY0A,T,82,C,Reverse,0.19,7.0,20.0,,,Forward,7.0,20.0,-0.19,KLHKEPATLIKAIDGDTVKLMYKGQPMTFRLLLVDTPETKHPKKGVEKYGPEASAFTKKMVENAKKIEVEFDKGQRTDKYGRGLAYIYADGKMVNEALVRQGLAKVAYVYKPNNTHEQHLRKSEAQAKKEKLNIWS,76
1EY0A,T,82,I,Reverse,-0.51,7.0,20.0,,,Forward,7.0,20.0,0.51,KLHKEPATLIKAIDGDTVKLMYKGQPMTFRLLLVDTPETKHPKKGVEKYGPEASAFTKKMVENAKKIEVEFDKGQRTDKYGRGLAYIYADGKMVNEALVRQGLAKVAYVYKPNNTHEQHLRKSEAQAKKEKLNIWS,76
1EY0A,K,84,Q,Reverse,0.15,7.0,20.0,,,Forward,7.0,20.0,-0.15,KLHKEPATLIKAIDGDTVKLMYKGQPMTFRLLLVDTPETKHPKKGVEKYGPEASAFTKKMVENAKKIEVEFDKGQRTDKYGRGLAYIYADGKMVNEALVRQGLAKVAYVYKPNNTHEQHLRKSEAQAKKEKLNIWS,78
1EY0A,G,86,F,Reverse,1.99,7.0,20.0,,,Forward,7.0,20.0,-1.99,KLHKEPATLIKAIDGDTVKLMYKGQPMTFRLLLVDTPETKHPKKGVEKYGPEASAFTKKMVENAKKIEVEFDKGQRTDKYGRGLAYIYADGKMVNEALVRQGLAKVAYVYKPNNTHEQHLRKSEAQAKKEKLNIWS,80
1EY0A,L,89,I,Reverse,1.04,7.0,20.0,,,Forward,7.0,20.0,-1.04,KLHKEPATLIKAIDGDTVKLMYKGQPMTFRLLLVDTPETKHPKKGVEKYGPEASAFTKKMVENAKKIEVEFDKGQRTDKYGRGLAYIYADGKMVNEALVRQGLAKVAYVYKPNNTHEQHLRKSEAQAKKEKLNIWS,83
1EY0A,I,92,M,Reverse,1.75,7.0,20.0,,,Forward,7.0,20.0,-1.75,KLHKEPATLIKAIDGDTVKLMYKGQPMTFRLLLVDTPETKHPKKGVEKYGPEASAFTKKMVENAKKIEVEFDKGQRTDKYGRGLAYIYADGKMVNEALVRQGLAKVAYVYKPNNTHEQHLRKSEAQAKKEKLNIWS,86
1EY0A,V,104,I,Reverse,-0.27,7.0,20.0,,,Forward,7.0,20.0,0.27,KLHKEPATLIKAIDGDTVKLMYKGQPMTFRLLLVDTPETKHPKKGVEKYGPEASAFTKKMVENAKKIEVEFDKGQRTDKYGRGLAYIYADGKMVNEALVRQGLAKVAYVYKPNNTHEQHLRKSEAQAKKEKLNIWS,98
1EY0A,V,111,I,Reverse,0.74,7.0,20.0,,,Forward,7.0,20.0,-0.74,KLHKEPATLIKAIDGDTVKLMYKGQPMTFRLLLVDTPETKHPKKGVEKYGPEASAFTKKMVENAKKIEVEFDKGQRTDKYGRGLAYIYADGKMVNEALVRQGLAKVAYVYKPNNTHEQHLRKSEAQAKKEKLNIWS,105
1EY0A,V,111,L,Reverse,0.88,7.0,20.0,,,Forward,7.0,20.0,-0.88,KLHKEPATLIKAIDGDTVKLMYKGQPMTFRLLLVDTPETKHPKKGVEKYGPEASAFTKKMVENAKKIEVEFDKGQRTDKYGRGLAYIYADGKMVNEALVRQGLAKVAYVYKPNNTHEQHLRKSEAQAKKEKLNIWS,105
1EY0A,V,114,I,Reverse,0.15,7.0,20.0,,,Forward,7.0,20.0,-0.15,KLHKEPATLIKAIDGDTVKLMYKGQPMTFRLLLVDTPETKHPKKGVEKYGPEASAFTKKMVENAKKIEVEFDKGQRTDKYGRGLAYIYADGKMVNEALVRQGLAKVAYVYKPNNTHEQHLRKSEAQAKKEKLNIWS,108
1EY0A,H,124,E,Reverse,-0.46,7.0,20.0,,,Forward,7.0,20.0,0.46,KLHKEPATLIKAIDGDTVKLMYKGQPMTFRLLLVDTPETKHPKKGVEKYGPEASAFTKKMVENAKKIEVEFDKGQRTDKYGRGLAYIYADGKMVNEALVRQGLAKVAYVYKPNNTHEQHLRKSEAQAKKEKLNIWS,118
1EY0A,L,125,I,Reverse,0.96,7.0,20.0,,,Forward,7.0,20.0,-0.96,KLHKEPATLIKAIDGDTVKLMYKGQPMTFRLLLVDTPETKHPKKGVEKYGPEASAFTKKMVENAKKIEVEFDKGQRTDKYGRGLAYIYADGKMVNEALVRQGLAKVAYVYKPNNTHEQHLRKSEAQAKKEKLNIWS,119
1EY0A,L,137,V,Reverse,1.42,7.0,20.0,,,Forward,7.0,20.0,-1.42,KLHKEPATLIKAIDGDTVKLMYKGQPMTFRLLLVDTPETKHPKKGVEKYGPEASAFTKKMVENAKKIEVEFDKGQRTDKYGRGLAYIYADGKMVNEALVRQGLAKVAYVYKPNNTHEQHLRKSEAQAKKEKLNIWS,131
1EY0A,I,139,L,Reverse,0.09,7.0,20.0,,,Forward,7.0,20.0,-0.09,KLHKEPATLIKAIDGDTVKLMYKGQPMTFRLLLVDTPETKHPKKGVEKYGPEASAFTKKMVENAKKIEVEFDKGQRTDKYGRGLAYIYADGKMVNEALVRQGLAKVAYVYKPNNTHEQHLRKSEAQAKKEKLNIWS,133
1FNAA,I,34,V,Reverse,0.11,5.0,25.0,,,Forward,5.0,25.0,-0.11,RDLEVVAATPTSLLISWDAPAVTVRYYRITYGETGGNSPVQEFTVPGSKSTATISGLKPGVDYTITVYAVTGRGDSPASSKPISINYRTEI,28
1FTGA,D,65,K,Reverse,0.1,7.0,34.6,,,Forward,7.0,34.6,-0.1,KKIGLFYGTQTGKTESVAEIIRDEFGNDVVTLHDVSQAEVTDLNDYQYLIIGCPTWNIGELQSDWEGLYSELDDVDFNGKLVAYFGTGDQIGYADNFQDAIGILEEKISQRGGKTVGYWSTDGYDFNDSKALRNGKFVGLALDEDNQSDLTDDRIKSWVAQLKSEFGL,63
1FTGA,E,72,K,Reverse,-1.41,7.0,37.8,,,Forward,7.0,37.8,1.41,KKIGLFYGTQTGKTESVAEIIRDEFGNDVVTLHDVSQAEVTDLNDYQYLIIGCPTWNIGELQSDWEGLYSELDDVDFNGKLVAYFGTGDQIGYADNFQDAIGILEEKISQRGGKTVGYWSTDGYDFNDSKALRNGKFVGLALDEDNQSDLTDDRIKSWVAQLKSEFGL,70
1FTGA,D,75,K,Reverse,-1.03,7.0,37.8,,,Forward,7.0,37.8,1.03,KKIGLFYGTQTGKTESVAEIIRDEFGNDVVTLHDVSQAEVTDLNDYQYLIIGCPTWNIGELQSDWEGLYSELDDVDFNGKLVAYFGTGDQIGYADNFQDAIGILEEKISQRGGKTVGYWSTDGYDFNDSKALRNGKFVGLALDEDNQSDLTDDRIKSWVAQLKSEFGL,73
1FTGA,A,84,G,Reverse,1.9,7.0,34.6,,,Forward,7.0,34.6,-1.9,KKIGLFYGTQTGKTESVAEIIRDEFGNDVVTLHDVSQAEVTDLNDYQYLIIGCPTWNIGELQSDWEGLYSELDDVDFNGKLVAYFGTGDQIGYADNFQDAIGILEEKISQRGGKTVGYWSTDGYDFNDSKALRNGKFVGLALDEDNQSDLTDDRIKSWVAQLKSEFGL,82
1FTGA,N,97,A,Reverse,0.58,7.0,34.6,,,Forward,7.0,34.6,-0.58,KKIGLFYGTQTGKTESVAEIIRDEFGNDVVTLHDVSQAEVTDLNDYQYLIIGCPTWNIGELQSDWEGLYSELDDVDFNGKLVAYFGTGDQIGYADNFQDAIGILEEKISQRGGKTVGYWSTDGYDFNDSKALRNGKFVGLALDEDNQSDLTDDRIKSWVAQLKSEFGL,95
1FTGA,Q,99,A,Reverse,-1.59,7.0,34.6,,,Forward,7.0,34.6,1.59,KKIGLFYGTQTGKTESVAEIIRDEFGNDVVTLHDVSQAEVTDLNDYQYLIIGCPTWNIGELQSDWEGLYSELDDVDFNGKLVAYFGTGDQIGYADNFQDAIGILEEKISQRGGKTVGYWSTDGYDFNDSKALRNGKFVGLALDEDNQSDLTDDRIKSWVAQLKSEFGL,97
1FTGA,S,110,A,Reverse,0.73,7.0,34.6,,,Forward,7.0,34.6,-0.73,KKIGLFYGTQTGKTESVAEIIRDEFGNDVVTLHDVSQAEVTDLNDYQYLIIGCPTWNIGELQSDWEGLYSELDDVDFNGKLVAYFGTGDQIGYADNFQDAIGILEEKISQRGGKTVGYWSTDGYDFNDSKALRNGKFVGLALDEDNQSDLTDDRIKSWVAQLKSEFGL,108
1FTGA,D,126,K,Reverse,-0.81,7.0,37.8,,,Forward,7.0,37.8,0.81,KKIGLFYGTQTGKTESVAEIIRDEFGNDVVTLHDVSQAEVTDLNDYQYLIIGCPTWNIGELQSDWEGLYSELDDVDFNGKLVAYFGTGDQIGYADNFQDAIGILEEKISQRGGKTVGYWSTDGYDFNDSKALRNGKFVGLALDEDNQSDLTDDRIKSWVAQLKSEFGL,124
1G4IA,F,22,I,Reverse,-1.43,8.0,30.0,,,Forward,8.0,30.0,1.43,ALWQFNGMIKCKIPSSEPLLDFNNYGCYCGLGGSGTPVDDLDRCCQTHDNCYKQAKKLDSCKVLVDNPYTNNYSYSCSNNEITCSSENNACEAFICNCDRNAAICFSKVPYNKEHKNLDKKNC,21
1G4IA,F,22,Y,Reverse,-0.83,8.0,30.0,,,Forward,8.0,30.0,0.83,ALWQFNGMIKCKIPSSEPLLDFNNYGCYCGLGGSGTPVDDLDRCCQTHDNCYKQAKKLDSCKVLVDNPYTNNYSYSCSNNEITCSSENNACEAFICNCDRNAAICFSKVPYNKEHKNLDKKNC,21
1G4IA,H,48,A,Reverse,1.93,8.0,30.0,,,Forward,8.0,30.0,-1.93,ALWQFNGMIKCKIPSSEPLLDFNNYGCYCGLGGSGTPVDDLDRCCQTHDNCYKQAKKLDSCKVLVDNPYTNNYSYSCSNNEITCSSENNACEAFICNCDRNAAICFSKVPYNKEHKNLDKKNC,47
1G4IA,H,48,Q,Reverse,0.49,8.0,30.0,,,Forward,8.0,30.0,-0.49,ALWQFNGMIKCKIPSSEPLLDFNNYGCYCGLGGSGTPVDDLDRCCQTHDNCYKQAKKLDSCKVLVDNPYTNNYSYSCSNNEITCSSENNACEAFICNCDRNAAICFSKVPYNKEHKNLDKKNC,47
1G4IA,F,106,A,Reverse,1.23,8.0,25.0,,,Forward,8.0,25.0,-1.23,ALWQFNGMIKCKIPSSEPLLDFNNYGCYCGLGGSGTPVDDLDRCCQTHDNCYKQAKKLDSCKVLVDNPYTNNYSYSCSNNEITCSSENNACEAFICNCDRNAAICFSKVPYNKEHKNLDKKNC,105
1H7MA,D,2,A,Reverse,0.53,7.4,25.0,,,Forward,7.4,25.0,-0.53,GSVDFAFELRKAQDTGKIVMGARKSIQYAKMGGAKLIIVARNARPDIKEDIEYYARLSGIPVYEFEGTSVELGTLLGRPHTVSALAVVDPGESRILALG,3
1H7MA,K,9,A,Reverse,0.29,7.4,25.0,,,Forward,7.4,25.0,-0.29,GSVDFAFELRKAQDTGKIVMGARKSIQYAKMGGAKLIIVARNARPDIKEDIEYYARLSGIPVYEFEGTSVELGTLLGRPHTVSALAVVDPGESRILALG,10
1H7MA,K,33,A,Reverse,-0.12,7.4,25.0,,,Forward,7.4,25.0,0.12,GSVDFAFELRKAQDTGKIVMGARKSIQYAKMGGAKLIIVARNARPDIKEDIEYYARLSGIPVYEFEGTSVELGTLLGRPHTVSALAVVDPGESRILALG,34
1H7MA,K,46,A,Reverse,1.1,7.4,25.0,,,Forward,7.4,25.0,-1.1,GSVDFAFELRKAQDTGKIVMGARKSIQYAKMGGAKLIIVARNARPDIKEDIEYYARLSGIPVYEFEGTSVELGTLLGRPHTVSALAVVDPGESRILALG,47
1H7MA,E,47,A,Reverse,0.05,7.4,25.0,,,Forward,7.4,25.0,-0.05,GSVDFAFELRKAQDTGKIVMGARKSIQYAKMGGAKLIIVARNARPDIKEDIEYYARLSGIPVYEFEGTSVELGTLLGRPHTVSALAVVDPGESRILALG,48
1H7MA,R,54,A,Reverse,0.26,7.4,25.0,,,Forward,7.4,25.0,-0.26,GSVDFAFELRKAQDTGKIVMGARKSIQYAKMGGAKLIIVARNARPDIKEDIEYYARLSGIPVYEFEGTSVELGTLLGRPHTVSALAVVDPGESRILALG,55
1H7MA,E,64,A,Reverse,0.26,7.4,25.0,,,Forward,7.4,25.0,-0.26,GSVDFAFELRKAQDTGKIVMGARKSIQYAKMGGAKLIIVARNARPDIKEDIEYYARLSGIPVYEFEGTSVELGTLLGRPHTVSALAVVDPGESRILALG,65
1H7MA,D,87,A,Reverse,1.36,7.4,25.0,,,Forward,7.4,25.0,-1.36,GSVDFAFELRKAQDTGKIVMGARKSIQYAKMGGAKLIIVARNARPDIKEDIEYYARLSGIPVYEFEGTSVELGTLLGRPHTVSALAVVDPGESRILALG,88
1HFZA,H,32,Y,Reverse,-0.07,7.4,56.2,,,Forward,7.4,56.2,0.07,MEQLTKCEVFRELKDLKGYGGVSLPEWVCTTFHTSGYDTQAIVQNNDSTEYGLFQINNKIWCKDDQNPHSSNICNISCDKFLDDDLTDDIVCVKKILDKVGINYWLAHKALCSEKLDQWLCEK,32
1HFZA,I,59,W,Reverse,0.93,7.4,56.2,,,Forward,7.4,56.2,-0.93,MEQLTKCEVFRELKDLKGYGGVSLPEWVCTTFHTSGYDTQAIVQNNDSTEYGLFQINNKIWCKDDQNPHSSNICNISCDKFLDDDLTDDIVCVKKILDKVGINYWLAHKALCSEKLDQWLCEK,59
1HFZA,H,107,W,Reverse,1.72,7.4,56.2,,,Forward,7.4,56.2,-1.72,MEQLTKCEVFRELKDLKGYGGVSLPEWVCTTFHTSGYDTQAIVQNNDSTEYGLFQINNKIWCKDDQNPHSSNICNISCDKFLDDDLTDDIVCVKKILDKVGINYWLAHKALCSEKLDQWLCEK,107
1HFZA,H,107,Y,Reverse,0.19,7.4,56.2,,,Forward,7.4,56.2,-0.19,MEQLTKCEVFRELKDLKGYGGVSLPEWVCTTFHTSGYDTQAIVQNNDSTEYGLFQINNKIWCKDDQNPHSSNICNISCDKFLDDDLTDDIVCVKKILDKVGINYWLAHKALCSEKLDQWLCEK,107
1HFZA,L,110,E,Reverse,0.19,7.4,56.2,,,Forward,7.4,56.2,-0.19,MEQLTKCEVFRELKDLKGYGGVSLPEWVCTTFHTSGYDTQAIVQNNDSTEYGLFQINNKIWCKDDQNPHSSNICNISCDKFLDDDLTDDIVCVKKILDKVGINYWLAHKALCSEKLDQWLCEK,110
1HFZA,K,114,E,Reverse,0.65,7.4,56.2,,,Forward,7.4,56.2,-0.65,MEQLTKCEVFRELKDLKGYGGVSLPEWVCTTFHTSGYDTQAIVQNNDSTEYGLFQINNKIWCKDDQNPHSSNICNISCDKFLDDDLTDDIVCVKKILDKVGINYWLAHKALCSEKLDQWLCEK,114
1HMEA,G,35,H,Reverse,0.33,7.0,20.0,,,Forward,7.0,20.0,-0.33,FKDPNAPKRPPSAFFLFCSEYRPKIKGEHPGLSIGDVAKKLGEMWNNTAADDKQPYEKKAAKLKEKYEKDIAAYRAK,34
1HMKA,V,8,A,Reverse,0.83,7.0,25.0,,,Forward,7.0,25.0,-0.83,MEQLTKCEVFQKLKDLKDYGGVSLPEWVCTAFHTSGYDTQAIVQNNDSTEYGLFQINNKIWCKDDQNPHSRNICNISCDKFLDDDLTDDIVCAKKILDKVGINYWLAHKALCSEKLDQWLC,8
1HMKA,V,27,A,Reverse,1.24,7.0,25.0,,,Forward,7.0,25.0,-1.24,MEQLTKCEVFQKLKDLKDYGGVSLPEWVCTAFHTSGYDTQAIVQNNDSTEYGLFQINNKIWCKDDQNPHSRNICNISCDKFLDDDLTDDIVCAKKILDKVGINYWLAHKALCSEKLDQWLC,27
1HMKA,I,89,V,Reverse,0.86,7.0,25.0,,,Forward,7.0,25.0,-0.86,MEQLTKCEVFQKLKDLKDYGGVSLPEWVCTAFHTSGYDTQAIVQNNDSTEYGLFQINNKIWCKDDQNPHSRNICNISCDKFLDDDLTDDIVCAKKILDKVGINYWLAHKALCSEKLDQWLC,89
1HMKA,I,95,V,Reverse,1.72,7.0,25.0,,,Forward,7.0,25.0,-1.72,MEQLTKCEVFQKLKDLKDYGGVSLPEWVCTAFHTSGYDTQAIVQNNDSTEYGLFQINNKIWCKDDQNPHSRNICNISCDKFLDDDLTDDIVCAKKILDKVGINYWLAHKALCSEKLDQWLC,95
1HMKA,L,96,A,Reverse,1.75,7.0,25.0,,,Forward,7.0,25.0,-1.75,MEQLTKCEVFQKLKDLKDYGGVSLPEWVCTAFHTSGYDTQAIVQNNDSTEYGLFQINNKIWCKDDQNPHSRNICNISCDKFLDDDLTDDIVCAKKILDKVGINYWLAHKALCSEKLDQWLC,96
1HMKA,L,110,A,Reverse,0.35,7.0,25.0,,,Forward,7.0,25.0,-0.35,MEQLTKCEVFQKLKDLKDYGGVSLPEWVCTAFHTSGYDTQAIVQNNDSTEYGLFQINNKIWCKDDQNPHSRNICNISCDKFLDDDLTDDIVCAKKILDKVGINYWLAHKALCSEKLDQWLC,110
1IETA,D,60,R,Reverse,-0.14,7.2,25.0,,,Forward,7.2,25.0,0.14,DKDVKYYTLEEIQKHKDSKSTWVILHHKVYDLTKFLEEHPGGEEVLREQAGGDATENFEDVGHSTDARELSKTYIIGELHPDDRSKIAKPSETL,59
1IFCA,W,6,Y,Reverse,0.87,7.0,25.0,,,Forward,7.0,25.0,-0.87,AFDGTWKVDRNENYEKFMEKMGINVVKRKLGAHDNLKLTITQEGNKFTVKESSNFRNIDVVFELGVDFAYSLADGTELTGTWTMEGNKLVGKFKRVDNGKELIAVREISGNELIQTYTYEGVEAKRIFKKE,5
1IFCA,V,60,C,Reverse,0.07,8.1,20.0,,,Forward,8.1,20.0,-0.07,AFDGTWKVDRNENYEKFMEKMGINVVKRKLGAHDNLKLTITQEGNKFTVKESSNFRNIDVVFELGVDFAYSLADGTELTGTWTMEGNKLVGKFKRVDNGKELIAVREISGNELIQTYTYEGVEAKRIFKKE,59
1IFCA,V,60,N,Reverse,0.83,7.0,25.0,,,Forward,7.0,25.0,-0.83,AFDGTWKVDRNENYEKFMEKMGINVVKRKLGAHDNLKLTITQEGNKFTVKESSNFRNIDVVFELGVDFAYSLADGTELTGTWTMEGNKLVGKFKRVDNGKELIAVREISGNELIQTYTYEGVEAKRIFKKE,59
1IFCA,G,65,A,Reverse,0.94,7.4,20.0,,,Forward,7.4,20.0,-0.94,AFDGTWKVDRNENYEKFMEKMGINVVKRKLGAHDNLKLTITQEGNKFTVKESSNFRNIDVVFELGVDFAYSLADGTELTGTWTMEGNKLVGKFKRVDNGKELIAVREISGNELIQTYTYEGVEAKRIFKKE,64
1IFCA,F,68,A,Reverse,0.42,7.0,25.0,,,Forward,7.0,25.0,-0.42,AFDGTWKVDRNENYEKFMEKMGINVVKRKLGAHDNLKLTITQEGNKFTVKESSNFRNIDVVFELGVDFAYSLADGTELTGTWTMEGNKLVGKFKRVDNGKELIAVREISGNELIQTYTYEGVEAKRIFKKE,67
1IGVA,Y,13,F,Reverse,1.08,7.1,25.0,,,Forward,7.1,25.0,-1.08,KSPEELKGIFEKYAAKEGDPNQLSKEELKLLLQTEFPSLLKGPSTLDELFEELDKNGDGEVSFEEFQVLVKKISQ,12
1IGVA,F,66,W,Reverse,0.93,7.0,25.0,,,Forward,7.0,25.0,-0.93,KSPEELKGIFEKYAAKEGDPNQLSKEELKLLLQTEFPSLLKGPSTLDELFEELDKNGDGEVSFEEFQVLVKKISQ,65
1IGVA,V,70,L,Reverse,0.13,7.0,25.0,,,Forward,7.0,25.0,-0.13,KSPEELKGIFEKYAAKEGDPNQLSKEELKLLLQTEFPSLLKGPSTLDELFEELDKNGDGEVSFEEFQVLVKKISQ,69
1IHBA,F,37,H,Reverse,0.66,7.5,25.0,,,Forward,7.5,25.0,-0.66,WGNELASAAARGDLEQLTSLLQNNVNVNAQNGFGRTALQVMKLGNPEIARRLLLRGANPDLKDRTGFAVIHDAARAGFLDTLQTLLEFQADVNIEDNEGNLPLHLAAKEGHLRVVEFLVKHTASNVGHRNHKGDTACDLARLYGRNEVVSLMQANG,32
1IHBA,F,82,Q,Reverse,0.37,7.5,25.0,,,Forward,7.5,25.0,-0.37,WGNELASAAARGDLEQLTSLLQNNVNVNAQNGFGRTALQVMKLGNPEIARRLLLRGANPDLKDRTGFAVIHDAARAGFLDTLQTLLEFQADVNIEDNEGNLPLHLAAKEGHLRVVEFLVKHTASNVGHRNHKGDTACDLARLYGRNEVVSLMQANG,77
1IMQA,V,19,L,Reverse,1.82,6.0,10.0,,,Forward,6.0,10.0,-1.82,MELKHSISDYTEAEFLQLVTTICNADTSSEEELVKLVTHFEEMTEHPSGSDLIYYPKEGDDDSPSGIVNTVKQWRAANGKSGFKQG,18
1IMQA,E,31,L,Reverse,0.67,6.0,10.0,,,Forward,6.0,10.0,-0.67,MELKHSISDYTEAEFLQLVTTICNADTSSEEELVKLVTHFEEMTEHPSGSDLIYYPKEGDDDSPSGIVNTVKQWRAANGKSGFKQG,30
1IMQA,E,41,V,Reverse,-0.89,6.0,10.0,,,Forward,6.0,10.0,0.89,MELKHSISDYTEAEFLQLVTTICNADTSSEEELVKLVTHFEEMTEHPSGSDLIYYPKEGDDDSPSGIVNTVKQWRAANGKSGFKQG,40
1IROA,V,24,I,Reverse,-0.36,9.1,107.0,,,Forward,9.1,107.0,0.36,MKKYTCTVCGYIYNPEDGDPDNGVNPGTDFKDIPDDWVCPLCGVGKDQFEEVE,23
1IROA,I,33,L,Reverse,-0.76,9.1,107.0,,,Forward,9.1,107.0,0.76,MKKYTCTVCGYIYNPEDGDPDNGVNPGTDFKDIPDDWVCPLCGVGKDQFEEVE,32
1JIWI,D,10,A,Reverse,0.7,7.1,25.0,,,Forward,7.1,25.0,-0.7,SSLILLSASDLAGQWTLQQDEAPAICHLELRDSEVAEASGYDLGGDTACLTRWLPSEPRAWRPTPAGIALLERGGLTLMLLGRQGEGDYRVQKGDGGQLVLRRAT,9
1K9QA,L,30,Y,Reverse,-0.27,7.0,56.7,,,Forward,7.0,56.7,0.27,FEIPDDVPLPAGWEMAKTSSGQRYFLNHIDQTTTWQDPRK,25
1KFWA,N,197,K,Reverse,-0.81,7.5,16.0,,,Forward,7.5,16.0,0.81,PLTSTVNGYRNVGYFAQWGVYGRAFQAKQLDVSGTAKNLTHINYSFGNINNQTLTCFMANKAQGTGPNGSDGAGDAWADFGMGYAADKSVSGKADTWDQPLAGSFNQLKQLKAKNPKLKVMISLGGWTWSKNFSKAAATEASRQKLVSSCIDLYIKGNLPNFEGRGGAGAAAGIFDGIDIDWEWPGTNSGLAGNGVDTVNDRANFKALLAEFRKQLDAYGSTNNKKYVLSAFLPANPADIDAGGWDDPANFKSLDFGSIQGYDLHGAWNPTLTGHQANLYDDPADPRAPSKKFSADKAVKKYLAAGIDPKQLGLGLAAYGRGWTGAKNVSPWGPATDGAPGTYETANEDYDKLKTLGTDHYDAATGSAWRYDGTQWWSYDNIATTKQKTDYIVSKGLGGGMWWELSGDRNGELVGAMSDKFRAAAPGPVTEAAPP,187
1KFWA,G,405,Q,Reverse,-0.62,7.5,16.0,,,Forward,7.5,16.0,0.62,PLTSTVNGYRNVGYFAQWGVYGRAFQAKQLDVSGTAKNLTHINYSFGNINNQTLTCFMANKAQGTGPNGSDGAGDAWADFGMGYAADKSVSGKADTWDQPLAGSFNQLKQLKAKNPKLKVMISLGGWTWSKNFSKAAATEASRQKLVSSCIDLYIKGNLPNFEGRGGAGAAAGIFDGIDIDWEWPGTNSGLAGNGVDTVNDRANFKALLAEFRKQLDAYGSTNNKKYVLSAFLPANPADIDAGGWDDPANFKSLDFGSIQGYDLHGAWNPTLTGHQANLYDDPADPRAPSKKFSADKAVKKYLAAGIDPKQLGLGLAAYGRGWTGAKNVSPWGPATDGAPGTYETANEDYDKLKTLGTDHYDAATGSAWRYDGTQWWSYDNIATTKQKTDYIVSKGLGGGMWWELSGDRNGELVGAMSDKFRAAAPGPVTEAAPP,395
1LNIA,T,16,V,Reverse,-0.3,7.0,48.4,,,Forward,7.0,48.4,0.3,DVSGTVCLSALPPEATDTLNLIASDGPFPYSQDGVVFQNRESVLPTQSYGYYHEYTVITPGARTRGTRRIITGEATQEDYYTGDHYATFSLIDQTC,15
1LNIA,Y,30,F,Reverse,-0.4,7.0,25.0,,,Forward,7.0,25.0,0.4,DVSGTVCLSALPPEATDTLNLIASDGPFPYSQDGVVFQNRESVLPTQSYGYYHEYTVITPGARTRGTRRIITGEATQEDYYTGDHYATFSLIDQTC,29
1LNIA,V,43,T,Reverse,0.5,7.0,48.4,,,Forward,7.0,48.4,-0.5,DVSGTVCLSALPPEATDTLNLIASDGPFPYSQDGVVFQNRESVLPTQSYGYYHEYTVITPGARTRGTRRIITGEATQEDYYTGDHYATFSLIDQTC,42
1LNIA,Y,55,F,Reverse,0.6,7.0,25.0,,,Forward,7.0,25.0,-0.6,DVSGTVCLSALPPEATDTLNLIASDGPFPYSQDGVVFQNRESVLPTQSYGYYHEYTVITPGARTRGTRRIITGEATQEDYYTGDHYATFSLIDQTC,54
1LNIA,T,56,V,Reverse,1.9,7.0,48.4,,,Forward,7.0,48.4,-1.9,DVSGTVCLSALPPEATDTLNLIASDGPFPYSQDGVVFQNRESVLPTQSYGYYHEYTVITPGARTRGTRRIITGEATQEDYYTGDHYATFSLIDQTC,55
1LNIA,D,79,N,Reverse,-1.46,6.8,49.1,,,Forward,6.8,49.1,1.46,DVSGTVCLSALPPEATDTLNLIASDGPFPYSQDGVVFQNRESVLPTQSYGYYHEYTVITPGARTRGTRRIITGEATQEDYYTGDHYATFSLIDQTC,78
1LNIA,Y,80,F,Reverse,1.5,7.0,25.0,,,Forward,7.0,25.0,-1.5,DVSGTVCLSALPPEATDTLNLIASDGPFPYSQDGVVFQNRESVLPTQSYGYYHEYTVITPGARTRGTRRIITGEATQEDYYTGDHYATFSLIDQTC,79
1LNIA,H,85,Q,Reverse,0.0,6.3,51.9,,,Forward,6.3,51.9,0.0,DVSGTVCLSALPPEATDTLNLIASDGPFPYSQDGVVFQNRESVLPTQSYGYYHEYTVITPGARTRGTRRIITGEATQEDYYTGDHYATFSLIDQTC,84
1LNIA,Q,94,K,Reverse,-0.56,6.8,47.5,,,Forward,6.8,47.5,0.56,DVSGTVCLSALPPEATDTLNLIASDGPFPYSQDGVVFQNRESVLPTQSYGYYHEYTVITPGARTRGTRRIITGEATQEDYYTGDHYATFSLIDQTC,93
1LZ1A,G,48,A,Reverse,-0.45,2.7,64.9,,,Forward,2.7,64.9,0.45,KVFERCELARTLKRLGMDGYRGISLANWMCLAKWESGYNTRATNYNAGDRSTDYGIFQINSRYWCNDGKTPGAVNACHLSCSALLQDNIADAVACAKRVVRDPQGIRAWVAWRNRCQNRDVRQYVQGCGV,47
1LZ1A,G,105,A,Reverse,0.62,2.7,64.9,,,Forward,2.7,64.9,-0.62,KVFERCELARTLKRLGMDGYRGISLANWMCLAKWESGYNTRATNYNAGDRSTDYGIFQINSRYWCNDGKTPGAVNACHLSCSALLQDNIADAVACAKRVVRDPQGIRAWVAWRNRCQNRDVRQYVQGCGV,104
1MGRA,Y,84,F,Reverse,1.0,7.0,25.0,,,Forward,7.0,25.0,-1.0,VKAVGRVCYSALPSQAHDTLDLIDEGGPFPYSQDGVVFQNREGLLPAHSTGYYHEYTVITPGSPTRGARRIITGQQWQEDYYTADHYASFRRVDFAC,81
1MJCA,F,20,L,Reverse,0.31,7.0,25.0,,,Forward,7.0,25.0,-0.31,SGKMTGIVKWFNADKGFGFITPDDGSKDVFVHFSAIQNDGYKSLDEGQKVSFTIESGAKGPAAGNVTSL,18
1MJCA,F,20,S,Reverse,1.16,7.0,25.0,,,Forward,7.0,25.0,-1.16,SGKMTGIVKWFNADKGFGFITPDDGSKDVFVHFSAIQNDGYKSLDEGQKVSFTIESGAKGPAAGNVTSL,18
1MJCA,F,31,S,Reverse,1.03,7.0,25.0,,,Forward,7.0,25.0,-1.03,SGKMTGIVKWFNADKGFGFITPDDGSKDVFVHFSAIQNDGYKSLDEGQKVSFTIESGAKGPAAGNVTSL,29
1MJCA,S,52,W,Reverse,0.2,7.0,25.0,,,Forward,7.0,25.0,-0.2,SGKMTGIVKWFNADKGFGFITPDDGSKDVFVHFSAIQNDGYKSLDEGQKVSFTIESGAKGPAAGNVTSL,50
1MSIA,E,25,A,Reverse,0.09,7.0,25.0,,,Forward,7.0,25.0,-0.09,AAQASVVANQLIPINTALTLVMMRSEVVTPVGIPAEDIPRLVSMQVNRAVPLGTTLMPDMVKGYAA,25
1MSIA,R,47,A,Reverse,0.74,7.0,25.0,,,Forward,7.0,25.0,-0.74,AAQASVVANQLIPINTALTLVMMRSEVVTPVGIPAEDIPRLVSMQVNRAVPLGTTLMPDMVKGYAA,47
1MSIA,D,58,N,Reverse,0.2,7.0,25.0,,,Forward,7.0,25.0,-0.2,AAQASVVANQLIPINTALTLVMMRSEVVTPVGIPAEDIPRLVSMQVNRAVPLGTTLMPDMVKGYAA,58
1OIAA,Y,78,F,Reverse,0.0,7.0,22.0,,,Forward,7.0,22.0,0.0,VPETRPNHTIYINNLNEKIKKDELKKSLYAIFSQFGQILDILVSRSLKMRGQAFVIFKEVSSATNALRSMQGFPFYDKPMRIQYAKTDSD,75
1QLPA,A,31,L,Reverse,-0.9,6.5,25.0,,,Forward,6.5,25.0,0.9,FNKITPNLAEFAFSLYRQLAHQSNSTNIFFSPVSIATAFAMLSLGTKADTHDEILEGLNFNLTEIPEAQIHEGFQELLRTLNQPDSQLQLTTGNGLFLSEGLKLVDKFLEDVKKLYHSEAFTVNFGDTEEAKKQINDYVEKGTQGKIVDLVKELDRDTVFALVNYIFFKGKWERPFEVKDTEEEDFHVDQVTTVKVPMMKRLGMFNIQHCKKLSSWVLLMKYLGNATAIFFLPDEGKLQHLENELTHDIITKFLENEDRRSASLHLPKLSITGTYDLKSVLGQLGITKVFSNGADLSGVTEEAPLKLSKAVHKAVLTIDEKGTEAAGAMFLEAIPMSIPPEVKFNKPFVFLMIEQNTKSPLFMGKVVNPTQK,8
1QLPA,V,55,I,Reverse,0.2,6.5,25.0,,,Forward,6.5,25.0,-0.2,FNKITPNLAEFAFSLYRQLAHQSNSTNIFFSPVSIATAFAMLSLGTKADTHDEILEGLNFNLTEIPEAQIHEGFQELLRTLNQPDSQLQLTTGNGLFLSEGLKLVDKFLEDVKKLYHSEAFTVNFGDTEEAKKQINDYVEKGTQGKIVDLVKELDRDTVFALVNYIFFKGKWERPFEVKDTEEEDFHVDQVTTVKVPMMKRLGMFNIQHCKKLSSWVLLMKYLGNATAIFFLPDEGKLQHLENELTHDIITKFLENEDRRSASLHLPKLSITGTYDLKSVLGQLGITKVFSNGADLSGVTEEAPLKLSKAVHKAVLTIDEKGTEAAGAMFLEAIPMSIPPEVKFNKPFVFLMIEQNTKSPLFMGKVVNPTQK,32
1QLPA,A,70,G,Reverse,-1.6,6.5,25.0,,,Forward,6.5,25.0,1.6,FNKITPNLAEFAFSLYRQLAHQSNSTNIFFSPVSIATAFAMLSLGTKADTHDEILEGLNFNLTEIPEAQIHEGFQELLRTLNQPDSQLQLTTGNGLFLSEGLKLVDKFLEDVKKLYHSEAFTVNFGDTEEAKKQINDYVEKGTQGKIVDLVKELDRDTVFALVNYIFFKGKWERPFEVKDTEEEDFHVDQVTTVKVPMMKRLGMFNIQHCKKLSSWVLLMKYLGNATAIFFLPDEGKLQHLENELTHDIITKFLENEDRRSASLHLPKLSITGTYDLKSVLGQLGITKVFSNGADLSGVTEEAPLKLSKAVHKAVLTIDEKGTEAAGAMFLEAIPMSIPPEVKFNKPFVFLMIEQNTKSPLFMGKVVNPTQK,47
1QLPA,Y,160,W,Reverse,-1.18,7.8,25.0,,,Forward,7.8,25.0,1.18,FNKITPNLAEFAFSLYRQLAHQSNSTNIFFSPVSIATAFAMLSLGTKADTHDEILEGLNFNLTEIPEAQIHEGFQELLRTLNQPDSQLQLTTGNGLFLSEGLKLVDKFLEDVKKLYHSEAFTVNFGDTEEAKKQINDYVEKGTQGKIVDLVKELDRDTVFALVNYIFFKGKWERPFEVKDTEEEDFHVDQVTTVKVPMMKRLGMFNIQHCKKLSSWVLLMKYLGNATAIFFLPDEGKLQHLENELTHDIITKFLENEDRRSASLHLPKLSITGTYDLKSVLGQLGITKVFSNGADLSGVTEEAPLKLSKAVHKAVLTIDEKGTEAAGAMFLEAIPMSIPPEVKFNKPFVFLMIEQNTKSPLFMGKVVNPTQK,137
1QLPA,A,183,I,Reverse,-1.8,6.5,25.0,,,Forward,6.5,25.0,1.8,FNKITPNLAEFAFSLYRQLAHQSNSTNIFFSPVSIATAFAMLSLGTKADTHDEILEGLNFNLTEIPEAQIHEGFQELLRTLNQPDSQLQLTTGNGLFLSEGLKLVDKFLEDVKKLYHSEAFTVNFGDTEEAKKQINDYVEKGTQGKIVDLVKELDRDTVFALVNYIFFKGKWERPFEVKDTEEEDFHVDQVTTVKVPMMKRLGMFNIQHCKKLSSWVLLMKYLGNATAIFFLPDEGKLQHLENELTHDIITKFLENEDRRSASLHLPKLSITGTYDLKSVLGQLGITKVFSNGADLSGVTEEAPLKLSKAVHKAVLTIDEKGTEAAGAMFLEAIPMSIPPEVKFNKPFVFLMIEQNTKSPLFMGKVVNPTQK,160
1QLPA,W,238,F,Reverse,-0.98,7.8,25.0,,,Forward,7.8,25.0,0.98,FNKITPNLAEFAFSLYRQLAHQSNSTNIFFSPVSIATAFAMLSLGTKADTHDEILEGLNFNLTEIPEAQIHEGFQELLRTLNQPDSQLQLTTGNGLFLSEGLKLVDKFLEDVKKLYHSEAFTVNFGDTEEAKKQINDYVEKGTQGKIVDLVKELDRDTVFALVNYIFFKGKWERPFEVKDTEEEDFHVDQVTTVKVPMMKRLGMFNIQHCKKLSSWVLLMKYLGNATAIFFLPDEGKLQHLENELTHDIITKFLENEDRRSASLHLPKLSITGTYDLKSVLGQLGITKVFSNGADLSGVTEEAPLKLSKAVHKAVLTIDEKGTEAAGAMFLEAIPMSIPPEVKFNKPFVFLMIEQNTKSPLFMGKVVNPTQK,215
1QLPA,A,248,F,Reverse,-1.8,6.5,25.0,,,Forward,6.5,25.0,1.8,FNKITPNLAEFAFSLYRQLAHQSNSTNIFFSPVSIATAFAMLSLGTKADTHDEILEGLNFNLTEIPEAQIHEGFQELLRTLNQPDSQLQLTTGNGLFLSEGLKLVDKFLEDVKKLYHSEAFTVNFGDTEEAKKQINDYVEKGTQGKIVDLVKELDRDTVFALVNYIFFKGKWERPFEVKDTEEEDFHVDQVTTVKVPMMKRLGMFNIQHCKKLSSWVLLMKYLGNATAIFFLPDEGKLQHLENELTHDIITKFLENEDRRSASLHLPKLSITGTYDLKSVLGQLGITKVFSNGADLSGVTEEAPLKLSKAVHKAVLTIDEKGTEAAGAMFLEAIPMSIPPEVKFNKPFVFLMIEQNTKSPLFMGKVVNPTQK,225
1QLPA,A,248,L,Reverse,-0.35,6.5,25.0,,,Forward,6.5,25.0,0.35,FNKITPNLAEFAFSLYRQLAHQSNSTNIFFSPVSIATAFAMLSLGTKADTHDEILEGLNFNLTEIPEAQIHEGFQELLRTLNQPDSQLQLTTGNGLFLSEGLKLVDKFLEDVKKLYHSEAFTVNFGDTEEAKKQINDYVEKGTQGKIVDLVKELDRDTVFALVNYIFFKGKWERPFEVKDTEEEDFHVDQVTTVKVPMMKRLGMFNIQHCKKLSSWVLLMKYLGNATAIFFLPDEGKLQHLENELTHDIITKFLENEDRRSASLHLPKLSITGTYDLKSVLGQLGITKVFSNGADLSGVTEEAPLKLSKAVHKAVLTIDEKGTEAAGAMFLEAIPMSIPPEVKFNKPFVFLMIEQNTKSPLFMGKVVNPTQK,225
1QLPA,A,284,I,Reverse,0.0,6.5,25.0,,,Forward,6.5,25.0,0.0,FNKITPNLAEFAFSLYRQLAHQSNSTNIFFSPVSIATAFAMLSLGTKADTHDEILEGLNFNLTEIPEAQIHEGFQELLRTLNQPDSQLQLTTGNGLFLSEGLKLVDKFLEDVKKLYHSEAFTVNFGDTEEAKKQINDYVEKGTQGKIVDLVKELDRDTVFALVNYIFFKGKWERPFEVKDTEEEDFHVDQVTTVKVPMMKRLGMFNIQHCKKLSSWVLLMKYLGNATAIFFLPDEGKLQHLENELTHDIITKFLENEDRRSASLHLPKLSITGTYDLKSVLGQLGITKVFSNGADLSGVTEEAPLKLSKAVHKAVLTIDEKGTEAAGAMFLEAIPMSIPPEVKFNKPFVFLMIEQNTKSPLFMGKVVNPTQK,261
1QLPA,A,284,V,Reverse,-0.8,6.5,25.0,,,Forward,6.5,25.0,0.8,FNKITPNLAEFAFSLYRQLAHQSNSTNIFFSPVSIATAFAMLSLGTKADTHDEILEGLNFNLTEIPEAQIHEGFQELLRTLNQPDSQLQLTTGNGLFLSEGLKLVDKFLEDVKKLYHSEAFTVNFGDTEEAKKQINDYVEKGTQGKIVDLVKELDRDTVFALVNYIFFKGKWERPFEVKDTEEEDFHVDQVTTVKVPMMKRLGMFNIQHCKKLSSWVLLMKYLGNATAIFFLPDEGKLQHLENELTHDIITKFLENEDRRSASLHLPKLSITGTYDLKSVLGQLGITKVFSNGADLSGVTEEAPLKLSKAVHKAVLTIDEKGTEAAGAMFLEAIPMSIPPEVKFNKPFVFLMIEQNTKSPLFMGKVVNPTQK,261
1QLPA,V,321,I,Reverse,-0.6,6.5,25.0,,,Forward,6.5,25.0,0.6,FNKITPNLAEFAFSLYRQLAHQSNSTNIFFSPVSIATAFAMLSLGTKADTHDEILEGLNFNLTEIPEAQIHEGFQELLRTLNQPDSQLQLTTGNGLFLSEGLKLVDKFLEDVKKLYHSEAFTVNFGDTEEAKKQINDYVEKGTQGKIVDLVKELDRDTVFALVNYIFFKGKWERPFEVKDTEEEDFHVDQVTTVKVPMMKRLGMFNIQHCKKLSSWVLLMKYLGNATAIFFLPDEGKLQHLENELTHDIITKFLENEDRRSASLHLPKLSITGTYDLKSVLGQLGITKVFSNGADLSGVTEEAPLKLSKAVHKAVLTIDEKGTEAAGAMFLEAIPMSIPPEVKFNKPFVFLMIEQNTKSPLFMGKVVNPTQK,298
1QLPA,K,331,F,Reverse,-1.75,7.8,25.0,,,Forward,7.8,25.0,1.75,FNKITPNLAEFAFSLYRQLAHQSNSTNIFFSPVSIATAFAMLSLGTKADTHDEILEGLNFNLTEIPEAQIHEGFQELLRTLNQPDSQLQLTTGNGLFLSEGLKLVDKFLEDVKKLYHSEAFTVNFGDTEEAKKQINDYVEKGTQGKIVDLVKELDRDTVFALVNYIFFKGKWERPFEVKDTEEEDFHVDQVTTVKVPMMKRLGMFNIQHCKKLSSWVLLMKYLGNATAIFFLPDEGKLQHLENELTHDIITKFLENEDRRSASLHLPKLSITGTYDLKSVLGQLGITKVFSNGADLSGVTEEAPLKLSKAVHKAVLTIDEKGTEAAGAMFLEAIPMSIPPEVKFNKPFVFLMIEQNTKSPLFMGKVVNPTQK,308
1QLPA,V,364,L,Reverse,0.3,6.5,25.0,,,Forward,6.5,25.0,-0.3,FNKITPNLAEFAFSLYRQLAHQSNSTNIFFSPVSIATAFAMLSLGTKADTHDEILEGLNFNLTEIPEAQIHEGFQELLRTLNQPDSQLQLTTGNGLFLSEGLKLVDKFLEDVKKLYHSEAFTVNFGDTEEAKKQINDYVEKGTQGKIVDLVKELDRDTVFALVNYIFFKGKWERPFEVKDTEEEDFHVDQVTTVKVPMMKRLGMFNIQHCKKLSSWVLLMKYLGNATAIFFLPDEGKLQHLENELTHDIITKFLENEDRRSASLHLPKLSITGTYDLKSVLGQLGITKVFSNGADLSGVTEEAPLKLSKAVHKAVLTIDEKGTEAAGAMFLEAIPMSIPPEVKFNKPFVFLMIEQNTKSPLFMGKVVNPTQK,341
1QLPA,S,381,A,Reverse,-1.0,6.5,25.0,,,Forward,6.5,25.0,1.0,FNKITPNLAEFAFSLYRQLAHQSNSTNIFFSPVSIATAFAMLSLGTKADTHDEILEGLNFNLTEIPEAQIHEGFQELLRTLNQPDSQLQLTTGNGLFLSEGLKLVDKFLEDVKKLYHSEAFTVNFGDTEEAKKQINDYVEKGTQGKIVDLVKELDRDTVFALVNYIFFKGKWERPFEVKDTEEEDFHVDQVTTVKVPMMKRLGMFNIQHCKKLSSWVLLMKYLGNATAIFFLPDEGKLQHLENELTHDIITKFLENEDRRSASLHLPKLSITGTYDLKSVLGQLGITKVFSNGADLSGVTEEAPLKLSKAVHKAVLTIDEKGTEAAGAMFLEAIPMSIPPEVKFNKPFVFLMIEQNTKSPLFMGKVVNPTQK,358
1RG8A,L,44,F,Reverse,-0.59,7.3,34.5,,,Forward,7.3,34.5,0.59,HHHHFNLPPGNYKKPKLLYCSNGGHFLRILPDGTVDGTRDRSDQHIQLQLSAESVGEVYIKSTETGQYLAMDTDGLLYGSQTPNEECLFLERLEENHYNTYISKKHAEKNWFVGLKKNGSCKRGPRTHYGQKAILFLPLPV,47
1RG8A,N,106,G,Reverse,-0.16,6.6,24.9,,,Forward,6.6,24.9,0.16,HHHHFNLPPGNYKKPKLLYCSNGGHFLRILPDGTVDGTRDRSDQHIQLQLSAESVGEVYIKSTETGQYLAMDTDGLLYGSQTPNEECLFLERLEENHYNTYISKKHAEKNWFVGLKKNGSCKRGPRTHYGQKAILFLPLPV,109
1RG8A,V,109,I,Reverse,0.05,7.3,34.5,,,Forward,7.3,34.5,-0.05,HHHHFNLPPGNYKKPKLLYCSNGGHFLRILPDGTVDGTRDRSDQHIQLQLSAESVGEVYIKSTETGQYLAMDTDGLLYGSQTPNEECLFLERLEENHYNTYISKKHAEKNWFVGLKKNGSCKRGPRTHYGQKAILFLPLPV,112
1RISA,L,21,A,Reverse,0.16,8.0,25.0,,,Forward,8.0,25.0,-0.16,MRRYEVNIVLNPNLDQSQLALEKEIIQRALENYGARVEKVEELGLRRLAYPIAKDPQGYFLWYQVEMPEDRVNDLARELRIRDNVRRVMVVKSQEPF,20
1RISA,Y,33,A,Reverse,-0.41,8.0,25.0,,,Forward,8.0,25.0,0.41,MRRYEVNIVLNPNLDQSQLALEKEIIQRALENYGARVEKVEELGLRRLAYPIAKDPQGYFLWYQVEMPEDRVNDLARELRIRDNVRRVMVVKSQEPF,32
1RISA,L,48,A,Reverse,0.21,8.0,25.0,,,Forward,8.0,25.0,-0.21,MRRYEVNIVLNPNLDQSQLALEKEIIQRALENYGARVEKVEELGLRRLAYPIAKDPQGYFLWYQVEMPEDRVNDLARELRIRDNVRRVMVVKSQEPF,47
1RISA,F,60,A,Reverse,0.81,8.0,25.0,,,Forward,8.0,25.0,-0.81,MRRYEVNIVLNPNLDQSQLALEKEIIQRALENYGARVEKVEELGLRRLAYPIAKDPQGYFLWYQVEMPEDRVNDLARELRIRDNVRRVMVVKSQEPF,59
1RISA,L,75,A,Reverse,1.35,8.0,25.0,,,Forward,8.0,25.0,-1.35,MRRYEVNIVLNPNLDQSQLALEKEIIQRALENYGARVEKVEELGLRRLAYPIAKDPQGYFLWYQVEMPEDRVNDLARELRIRDNVRRVMVVKSQEPF,74
1RN1C,G,23,A,Reverse,1.2,7.4,25.0,,,Forward,7.4,25.0,-1.2,ACDYTCGSNCYSSSDVSTAQAAGYQLHEDGETVGSNSYPHKYNNYEGFDFSVSSPYYEWPILSSGDVYSGGSPGADRVVFNENNQLAGVITHTGASGNNFVECT,22
1RN1C,D,49,A,Reverse,-0.5,6.3,37.3,,,Forward,6.3,37.3,0.5,ACDYTCGSNCYSSSDVSTAQAAGYQLHEDGETVGSNSYPHKYNNYEGFDFSVSSPYYEWPILSSGDVYSGGSPGADRVVFNENNQLAGVITHTGASGNNFVECT,48
1RTBA,A,5,S,Reverse,0.27,7.1,62.0,,,Forward,7.1,62.0,-0.27,KETAAAKFERQHMDSSTSAASSSNYCNQMMKSRNLTKDRCKPVNTFVHESLADVQAVCSQKNVACKNGQTNCYQSYSTMSITDCRETGSSKYPNCAYKTTQANKHIIVACEGNPYVPVHFDASV,4
1RTP1,K,80,S,Reverse,0.29,7.4,45.8,,,Forward,7.4,45.8,-0.29,SMTDLLSAEDIKKAIGAFTAADSFDHKKFFQMVGLKKKSADDVKKVFHILDKDKSGFIEEDELGSILKGFSSDARDLSAKETKTLMAAGDKDGDGKIGVEEFSTLVAES,79
1SHFA,E,107,F,Reverse,1.63,8.0,25.0,,,Forward,8.0,25.0,-1.63,VTLFVALYDYEARTEDDLSFHKGEKFQILNSSEGDWWEARSLTTGETGYIPSNYVAPVD,23
1SHFA,E,107,H,Reverse,0.99,8.0,25.0,,,Forward,8.0,25.0,-0.99,VTLFVALYDYEARTEDDLSFHKGEKFQILNSSEGDWWEARSLTTGETGYIPSNYVAPVD,23
1SHFA,E,107,K,Reverse,0.97,8.0,25.0,,,Forward,8.0,25.0,-0.97,VTLFVALYDYEARTEDDLSFHKGEKFQILNSSEGDWWEARSLTTGETGYIPSNYVAPVD,23
1SHFA,I,111,L,Reverse,0.71,7.0,25.0,,,Forward,7.0,25.0,-0.71,VTLFVALYDYEARTEDDLSFHKGEKFQILNSSEGDWWEARSLTTGETGYIPSNYVAPVD,27
1SHFA,S,124,F,Reverse,1.9,8.0,25.0,,,Forward,8.0,25.0,-1.9,VTLFVALYDYEARTEDDLSFHKGEKFQILNSSEGDWWEARSLTTGETGYIPSNYVAPVD,40
1SHFA,S,124,G,Reverse,1.68,8.0,25.0,,,Forward,8.0,25.0,-1.68,VTLFVALYDYEARTEDDLSFHKGEKFQILNSSEGDWWEARSLTTGETGYIPSNYVAPVD,40
1SHFA,S,124,H,Reverse,1.25,8.0,25.0,,,Forward,8.0,25.0,-1.25,VTLFVALYDYEARTEDDLSFHKGEKFQILNSSEGDWWEARSLTTGETGYIPSNYVAPVD,40
1SHFA,S,124,L,Reverse,0.37,8.0,25.0,,,Forward,8.0,25.0,-0.37,VTLFVALYDYEARTEDDLSFHKGEKFQILNSSEGDWWEARSLTTGETGYIPSNYVAPVD,40
1SHFA,S,124,N,Reverse,0.73,8.0,25.0,,,Forward,8.0,25.0,-0.73,VTLFVALYDYEARTEDDLSFHKGEKFQILNSSEGDWWEARSLTTGETGYIPSNYVAPVD,40
1SHFA,G,128,A,Reverse,1.78,8.0,25.0,,,Forward,8.0,25.0,-1.78,VTLFVALYDYEARTEDDLSFHKGEKFQILNSSEGDWWEARSLTTGETGYIPSNYVAPVD,44
1SHFA,V,138,M,Reverse,0.52,7.0,25.0,,,Forward,7.0,25.0,-0.52,VTLFVALYDYEARTEDDLSFHKGEKFQILNSSEGDWWEARSLTTGETGYIPSNYVAPVD,54
1TTQA,F,22,L,Reverse,1.05,7.8,25.0,,,Forward,7.8,25.0,-1.05,MERYENLFAQLNDRREGAFVPFVTLGDPGIEQSLKIIDTLIDAGADALELGVPFSDPLADGPTIQNANLRAFAAGVTPAQCFEMLALIREKHPTIPIGLLMYANLVFNNGIDAFYARCEQVGVDSVLVADVPVEESAPFRQAALRHNIAPIFICPPNADDDLLRQVASYGRGYTYLLALPLHHLIEKLKEYHAAPALQGFGISSPEQVSAAVRAGAAGAISGSAIVKIIEKNLASPKQMLAELRSFVSAMKAASRA,21
1UZCA,E,27,A,Reverse,0.62,5.7,9.9,,,Forward,5.7,9.9,-0.62,QPAKKTYTWNTKEEAKQAFKELLKEKRVPSNASWEQAMKMIINDPRYSALAKLSEKKQAFNAYKVQTEK,24
1UZCA,Q,38,G,Reverse,1.57,5.7,9.9,,,Forward,5.7,9.9,-1.57,QPAKKTYTWNTKEEAKQAFKELLKEKRVPSNASWEQAMKMIINDPRYSALAKLSEKKQAFNAYKVQTEK,35
1UZCA,I,44,V,Reverse,0.3,5.7,9.9,,,Forward,5.7,9.9,-0.3,QPAKKTYTWNTKEEAKQAFKELLKEKRVPSNASWEQAMKMIINDPRYSALAKLSEKKQAFNAYKVQTEK,41
1YYJA,L,3,A,Reverse,1.6,5.0,25.0,,,Forward,5.0,25.0,-1.6,ADLEDNWETLNDNLKVIEKADNAAQVKDALTKMRAAALDAQKATPPKLEDKSPDSPEMKDFRHGFDILVGQIDDALKLANEGKVKEAQAAAEQLKTTIRAYNQKYG,2
1YYJA,A,20,G,Reverse,1.97,5.0,25.0,,,Forward,5.0,25.0,-1.97,ADLEDNWETLNDNLKVIEKADNAAQVKDALTKMRAAALDAQKATPPKLEDKSPDSPEMKDFRHGFDILVGQIDDALKLANEGKVKEAQAAAEQLKTTIRAYNQKYG,19
1YYJA,F,65,A,Reverse,1.92,5.0,25.0,,,Forward,5.0,25.0,-1.92,ADLEDNWETLNDNLKVIEKADNAAQVKDALTKMRAAALDAQKATPPKLEDKSPDSPEMKDFRHGFDILVGQIDDALKLANEGKVKEAQAAAEQLKTTIRAYNQKYG,64
1ZG4A,W,290,F,Reverse,0.83,7.0,25.0,,,Forward,7.0,25.0,-0.83,HPETLVKVKDAEDQLGARVGYIELDLNSGKILESFRPEERFPMMSTFKVLLCGAVLSRIDAGQEQLGRRIHYSQNDLVEYSPVTEKHLTDGMTVRELCSAAITMSDNTAANLLLTTIGGPKELTAFLHNMGDHVTRLDRWEPELNEAIPNDERDTTMPVAMATTLRKLLTGELLTLASRQQLIDWMEADKVAGPLLRSALPAGWFIADKSGAGERGSRGIIAALGPDGKPSRIVVIYTTGSQATMDERNRQIAEIGASLIKHW,262
1ZNJB,H,10,E,Reverse,-1.11,8.0,25.0,,,Forward,8.0,25.0,1.11,FVNQHLCGSHLVEALYLVCGERGFFYTPKT,9
1ZNJB,H,10,T,Reverse,-0.03,8.0,25.0,,,Forward,8.0,25.0,0.03,FVNQHLCGSHLVEALYLVCGERGFFYTPKT,9
1ZNJB,F,25,D,Reverse,-0.48,8.0,25.0,,,Forward,8.0,25.0,0.48,FVNQHLCGSHLVEALYLVCGERGFFYTPKT,24
2A36A,T,22,A,Reverse,-0.4,6.0,25.0,,,Forward,6.0,25.0,0.4,MEAIAKHDFSATADDELSFRKTQILKILNMEDDSNWYRAELDGKEGLIPSNYIEMKNHD,21
2A36A,T,22,F,Reverse,-1.3,6.0,25.0,,,Forward,6.0,25.0,1.3,MEAIAKHDFSATADDELSFRKTQILKILNMEDDSNWYRAELDGKEGLIPSNYIEMKNHD,21
2A36A,T,22,L,Reverse,-0.5,6.0,25.0,,,Forward,6.0,25.0,0.5,MEAIAKHDFSATADDELSFRKTQILKILNMEDDSNWYRAELDGKEGLIPSNYIEMKNHD,21
2A36A,T,22,N,Reverse,-1.3,6.0,25.0,,,Forward,6.0,25.0,1.3,MEAIAKHDFSATADDELSFRKTQILKILNMEDDSNWYRAELDGKEGLIPSNYIEMKNHD,21
2IMMA,A,15,L,Reverse,-1.36,7.4,20.0,,,Forward,7.4,20.0,1.36,DIVMTQSPSSLSVSAGERVTMSCKSSQSLLNSGNQKNFLAWYQQKPGQPPKLLIYGASTRESGVPDRFTGSGSGTDFTLTISSVQAEDLAVYYCQNDHSYPLTFGAGTKLELKR,14
2IMMA,M,21,L,Reverse,0.31,7.4,20.0,,,Forward,7.4,20.0,-0.31,DIVMTQSPSSLSVSAGERVTMSCKSSQSLLNSGNQKNFLAWYQQKPGQPPKLLIYGASTRESGVPDRFTGSGSGTDFTLTISSVQAEDLAVYYCQNDHSYPLTFGAGTKLELKR,20
2IMMA,K,24,R,Reverse,0.17,7.4,20.0,,,Forward,7.4,20.0,-0.17,DIVMTQSPSSLSVSAGERVTMSCKSSQSLLNSGNQKNFLAWYQQKPGQPPKLLIYGASTRESGVPDRFTGSGSGTDFTLTISSVQAEDLAVYYCQNDHSYPLTFGAGTKLELKR,23
2IMMA,Q,79,E,Reverse,0.41,7.4,20.0,,,Forward,7.4,20.0,-0.41,DIVMTQSPSSLSVSAGERVTMSCKSSQSLLNSGNQKNFLAWYQQKPGQPPKLLIYGASTRESGVPDRFTGSGSGTDFTLTISSVQAEDLAVYYCQNDHSYPLTFGAGTKLELKR,84
2IMMA,L,106,I,Reverse,-0.36,7.4,20.0,,,Forward,7.4,20.0,0.36,DIVMTQSPSSLSVSAGERVTMSCKSSQSLLNSGNQKNFLAWYQQKPGQPPKLLIYGASTRESGVPDRFTGSGSGTDFTLTISSVQAEDLAVYYCQNDHSYPLTFGAGTKLELKR,111
2NVHA,R,4,Q,Reverse,0.57,6.5,25.0,,,Forward,6.5,25.0,-0.57,APVRSLNCTLRDSQQKSLVMSGPYELKALHLQGQDMEQQVVFSMSFVQGEESNDKIPVALGLKEKNLYLSCVLKDDKPTLQLESVDPKNYPKKKMEKRFVFNKIEINNKLEFESAQFPNWYISTSQAENMPVFLGGTKGGQDITDFTMQFVS,3
2NVHA,N,7,D,Reverse,-0.09,6.5,25.0,,,Forward,6.5,25.0,0.09,APVRSLNCTLRDSQQKSLVMSGPYELKALHLQGQDMEQQVVFSMSFVQGEESNDKIPVALGLKEKNLYLSCVLKDDKPTLQLESVDPKNYPKKKMEKRFVFNKIEINNKLEFESAQFPNWYISTSQAENMPVFLGGTKGGQDITDFTMQFVS,6
2RN2A,H,62,A,Reverse,-0.44,6.4,25.0,,,Forward,6.4,25.0,0.44,MLKQVEIFTDGSCLGNPGPGGYGAILRYRGREKTFSAGYTRTTNNRMELMAAIVALEALKEHCEVILSTDSQYVRQGITQWIHNWKKRGWKTADKKPVKNVDLWQRLDAALGQHQIKWEWVKGHAGHPENERCDELARAAAMNPTLEDTGYQVEV,61
2RN2A,H,83,A,Reverse,-0.07,6.4,25.0,,,Forward,6.4,25.0,0.07,MLKQVEIFTDGSCLGNPGPGGYGAILRYRGREKTFSAGYTRTTNNRMELMAAIVALEALKEHCEVILSTDSQYVRQGITQWIHNWKKRGWKTADKKPVKNVDLWQRLDAALGQHQIKWEWVKGHAGHPENERCDELARAAAMNPTLEDTGYQVEV,82
2TRXA,T,66,L,Reverse,1.03,7.0,25.0,,,Forward,7.0,25.0,-1.03,SDKIIHLTDDSFDTDVLKADGAILVDFWAEWCGPCKMIAPILDEIADEYQGKLTVAKLNIDQNPGTAPKYGIRGIPTLLLFKNGEVAATKVGALSKGQLKEFLDANLA,65
3GLYA,G,139,A,Reverse,1.4,4.5,30.0,,,Forward,4.5,30.0,-1.4,ATLDSWLSNEATVARTAILNNIGADGAWVSGADSGIVVASPSTDNPDYFYTWTRDSGLVIKTLVDLFRNGDTDLLSTIEHYISSQAIIQGVSNPSGDLSSGGLGEPKFNVDETAYTGSWGRPQRDGPALRATAMIGFGQWLLDNGYTSAATEIVWPLVRNDLSYVAQYWNQTGYDLWEEVNGSSFFTIAVQHRALVEGSAFATAVGSSCSWCDSQAPQILCYLQSFWTGSYILANFDSSRSGKDTNTLLGSIHTFDPEAGCDDSTFQPCSPRALANHKEVVDSFRSIYTLNDGLSDSEAVAVGRYPEDSYYNGNPWFLCTLAAAEQLYDALYQWDKQGSLEITDVSLDFFKALYSGAATGTYSSSSSTYSSIVSAVKTFADGFVSIVETHAASNGSLSEQFDKSDGDELSARDLTWSYAALLTANNRRNSVVPPSWGETSASSVPGTCAATSASGTYSSVTVTSWPSIVA,137
3GLYA,G,383,A,Reverse,-0.11,4.5,30.0,,,Forward,4.5,30.0,0.11,ATLDSWLSNEATVARTAILNNIGADGAWVSGADSGIVVASPSTDNPDYFYTWTRDSGLVIKTLVDLFRNGDTDLLSTIEHYISSQAIIQGVSNPSGDLSSGGLGEPKFNVDETAYTGSWGRPQRDGPALRATAMIGFGQWLLDNGYTSAATEIVWPLVRNDLSYVAQYWNQTGYDLWEEVNGSSFFTIAVQHRALVEGSAFATAVGSSCSWCDSQAPQILCYLQSFWTGSYILANFDSSRSGKDTNTLLGSIHTFDPEAGCDDSTFQPCSPRALANHKEVVDSFRSIYTLNDGLSDSEAVAVGRYPEDSYYNGNPWFLCTLAAAEQLYDALYQWDKQGSLEITDVSLDFFKALYSGAATGTYSSSSSTYSSIVSAVKTFADGFVSIVETHAASNGSLSEQFDKSDGDELSARDLTWSYAALLTANNRRNSVVPPSWGETSASSVPGTCAATSASGTYSSVTVTSWPSIVA,381
3PGKA,Y,48,W,Reverse,1.62,7.5,25.0,,,Forward,7.5,25.0,-1.62,SLSSKLSVQDLDLKDKRVFIRVDFNVPLDGKKITSNQRIVAALPTIKYVLEHHPRYVVLASHLGRPNGERNEKYSLAPVAKELQSLLGKDVTFLNDCVGPEVEAAVKASAPGSVILLENLRYHIEEEGSRKVDGQKVKASKEDVQKFRHELSSLADVYINDAFGTAHRAHSSMVGFDLPQRAAGFLLEKELKYFGKALENPTRPFLAILGGAKVADKIQLIDNLLDKVDSIIIGGGMAFTFKKVLENTEIGDSIFDKAVGPEIAKLMEKAKAKGVEVVLPVDFIIADAFSASANTKTVTDKEGIPAGWQGLDNGPESRKLFAATVAKATVILWNGPPGVFEFEKFAAGTKALLDEVVKSSAAGNTVIIGGGDTATVAKKYGVTDKISHVSTGGGASLELLEGKELPGVAFLSEKK,47
3PGKA,F,194,W,Reverse,1.12,7.5,25.0,,,Forward,7.5,25.0,-1.12,SLSSKLSVQDLDLKDKRVFIRVDFNVPLDGKKITSNQRIVAALPTIKYVLEHHPRYVVLASHLGRPNGERNEKYSLAPVAKELQSLLGKDVTFLNDCVGPEVEAAVKASAPGSVILLENLRYHIEEEGSRKVDGQKVKASKEDVQKFRHELSSLADVYINDAFGTAHRAHSSMVGFDLPQRAAGFLLEKELKYFGKALENPTRPFLAILGGAKVADKIQLIDNLLDKVDSIIIGGGMAFTFKKVLENTEIGDSIFDKAVGPEIAKLMEKAKAKGVEVVLPVDFIIADAFSASANTKTVTDKEGIPAGWQGLDNGPESRKLFAATVAKATVILWNGPPGVFEFEKFAAGTKALLDEVVKSSAAGNTVIIGGGDTATVAKKYGVTDKISHVSTGGGASLELLEGKELPGVAFLSEKK,193
3PGKA,H,388,Q,Reverse,0.84,6.5,25.0,,,Forward,6.5,25.0,-0.84,SLSSKLSVQDLDLKDKRVFIRVDFNVPLDGKKITSNQRIVAALPTIKYVLEHHPRYVVLASHLGRPNGERNEKYSLAPVAKELQSLLGKDVTFLNDCVGPEVEAAVKASAPGSVILLENLRYHIEEEGSRKVDGQKVKASKEDVQKFRHELSSLADVYINDAFGTAHRAHSSMVGFDLPQRAAGFLLEKELKYFGKALENPTRPFLAILGGAKVADKIQLIDNLLDKVDSIIIGGGMAFTFKKVLENTEIGDSIFDKAVGPEIAKLMEKAKAKGVEVVLPVDFIIADAFSASANTKTVTDKEGIPAGWQGLDNGPESRKLFAATVAKATVILWNGPPGVFEFEKFAAGTKALLDEVVKSSAAGNTVIIGGGDTATVAKKYGVTDKISHVSTGGGASLELLEGKELPGVAFLSEKK,387
3SILA,A,53,L,Reverse,-0.9,7.0,25.0,,,Forward,7.0,25.0,0.9,EKSVVFKAEGEHFTDQKGNTIVGSGSGGTTKYFRIPAMCTTSKGTIVVFADARHNTASDQSFIDTAAARSTDGGKTWNKKIAIYNDRVNSKLSRVMDPTCIVANIQGRETILVMVGKWNNNDKTWGAYRDKAPDTDWDLVLYKSTDDGVTFSKVETNIHDIVTKNGTISAMLGGVGSGLQLNDGKLVFPVQMVRTKNITTVLNTSFIYSTDGITWSLPSGYCEGFGSENNIIEFNASLVNNIRNSGLRRSFETKDFGKTWTEFPPMDKKVDNRNHGVQGSTITIPSGNKLVAAHSSAQNKNNDYTRSDISLYAHNLYSGEVKLIDDFYPKVGNASGAGYSCLSYRKNVDKETLYVVYEANGSIEFQDLSRHLPVIKSYN,49
4LYZA,E,35,A,Reverse,-1.24,4.6,35.0,,,Forward,4.6,35.0,1.24,KVFGRCELAAAMKRHGLDNYRGYSLGNWVCAAKFESNFNTQATNRNTDGSTDYGILQINSRWWCNDGRTPGSRNLCNIPCSALLSSDITASVNCAKKIVSDGNGMNAWVAWRNRCKGTDVQAWIRGCRL,34
5DFRA,I,2,V,Reverse,0.55,7.8,15.0,,,Forward,7.8,15.0,-0.55,MISLIAALAVDRVIGPWNLPADLAWFKRNTLDKPVIMGRHTWESIGRPLPGRKNIILSSQPGTDDRVTWVKSVDEAIAACGDVPEIMVIGGGRVYEQFLPKAQKLYLTHIDAEVEGDTHFPDYEPDDWESVFSEFHDADAQNSHSYCFEILERR,1
5DFRA,W,30,M,Reverse,1.94,7.8,15.0,,,Forward,7.8,15.0,-1.94,MISLIAALAVDRVIGPWNLPADLAWFKRNTLDKPVIMGRHTWESIGRPLPGRKNIILSSQPGTDDRVTWVKSVDEAIAACGDVPEIMVIGGGRVYEQFLPKAQKLYLTHIDAEVEGDTHFPDYEPDDWESVFSEFHDADAQNSHSYCFEILERR,24
5DFRA,N,59,T,Reverse,0.05,7.8,15.0,,,Forward,7.8,15.0,-0.05,MISLIAALAVDRVIGPWNLPADLAWFKRNTLDKPVIMGRHTWESIGRPLPGRKNIILSSQPGTDDRVTWVKSVDEAIAACGDVPEIMVIGGGRVYEQFLPKAQKLYLTHIDAEVEGDTHFPDYEPDDWESVFSEFHDADAQNSHSYCFEILERR,53
5DFRA,N,59,W,Reverse,0.79,7.8,15.0,,,Forward,7.8,15.0,-0.79,MISLIAALAVDRVIGPWNLPADLAWFKRNTLDKPVIMGRHTWESIGRPLPGRKNIILSSQPGTDDRVTWVKSVDEAIAACGDVPEIMVIGGGRVYEQFLPKAQKLYLTHIDAEVEGDTHFPDYEPDDWESVFSEFHDADAQNSHSYCFEILERR,53
5DFRA,G,67,S,Reverse,0.27,7.0,15.0,,,Forward,7.0,15.0,-0.27,MISLIAALAVDRVIGPWNLPADLAWFKRNTLDKPVIMGRHTWESIGRPLPGRKNIILSSQPGTDDRVTWVKSVDEAIAACGDVPEIMVIGGGRVYEQFLPKAQKLYLTHIDAEVEGDTHFPDYEPDDWESVFSEFHDADAQNSHSYCFEILERR,61
5DFRA,G,67,T,Reverse,0.62,7.0,15.0,,,Forward,7.0,15.0,-0.62,MISLIAALAVDRVIGPWNLPADLAWFKRNTLDKPVIMGRHTWESIGRPLPGRKNIILSSQPGTDDRVTWVKSVDEAIAACGDVPEIMVIGGGRVYEQFLPKAQKLYLTHIDAEVEGDTHFPDYEPDDWESVFSEFHDADAQNSHSYCFEILERR,61
5DFRA,G,95,A,Reverse,0.9,7.8,15.0,,,Forward,7.8,15.0,-0.9,MISLIAALAVDRVIGPWNLPADLAWFKRNTLDKPVIMGRHTWESIGRPLPGRKNIILSSQPGTDDRVTWVKSVDEAIAACGDVPEIMVIGGGRVYEQFLPKAQKLYLTHIDAEVEGDTHFPDYEPDDWESVFSEFHDADAQNSHSYCFEILERR,89
5DFRA,G,121,C,Reverse,0.22,7.0,15.0,,,Forward,7.0,15.0,-0.22,MISLIAALAVDRVIGPWNLPADLAWFKRNTLDKPVIMGRHTWESIGRPLPGRKNIILSSQPGTDDRVTWVKSVDEAIAACGDVPEIMVIGGGRVYEQFLPKAQKLYLTHIDAEVEGDTHFPDYEPDDWESVFSEFHDADAQNSHSYCFEILERR,115
5DFRA,G,121,H,Reverse,0.56,7.0,15.0,,,Forward,7.0,15.0,-0.56,MISLIAALAVDRVIGPWNLPADLAWFKRNTLDKPVIMGRHTWESIGRPLPGRKNIILSSQPGTDDRVTWVKSVDEAIAACGDVPEIMVIGGGRVYEQFLPKAQKLYLTHIDAEVEGDTHFPDYEPDDWESVFSEFHDADAQNSHSYCFEILERR,115
5PTIA,A,16,T,Reverse,1.7,8.7,25.0,,,Forward,8.7,25.0,-1.7,RPDFCLEPPYTGPCKARIIRYFYNAKAGLCQTFVYGGCRAKRNNFKSAEDCMRTCGGA,15
5PTIA,A,16,V,Reverse,1.3,8.7,25.0,,,Forward,8.7,25.0,-1.3,RPDFCLEPPYTGPCKARIIRYFYNAKAGLCQTFVYGGCRAKRNNFKSAEDCMRTCGGA,15
