PDB_CHAIN,WILD_RES,RES_NUM_PDB,MUTANT_RES,Category,PH,TEMPERATURE,EXP_DDG,PDB_SEQUENCE,RES_IND_SEQ,Calc_ddG,Calc_ddI,Calc_ddG_mean,Calc_ddI_mean,Num_contacts,Calc_Energy_scaled,Calc_Entropy_scaled,ddG_PSP_GNM
1AJ3A,H,10,A,Forward,7.0,25.0,0.5,HQFFRDMDDEESWIKEKKLLVSSEDYGRDLTGVQNLRKKHKRLEAELAAHEPAIQGVLDTGKKLSDDNTIGKEEIQQRLAQFVDHWKELKQLAAARGQ,0,0.0,0.0,0.0,0.0,0,-1.0,-1.01,-1.01
1AJ3A,I,23,A,Forward,7.0,25.0,-3.6,HQFFRDMDDEESWIKEKKLLVSSEDYGRDLTGVQNLRKKHKRLEAELAAHEPAIQGVLDTGKKLSDDNTIGKEEIQQRLAQFVDHWKELKQLAAARGQ,13,7.279999999999999,1.5929999999999995,1.2133333333333332,0.2654999999999999,6,-1.5096,-1.3286,-1.46496
1AJ3A,E,25,A,Forward,7.0,25.0,0.1,HQFFRDMDDEESWIKEKKLLVSSEDYGRDLTGVQNLRKKHKRLEAELAAHEPAIQGVLDTGKKLSDDNTIGKEEIQQRLAQFVDHWKELKQLAAARGQ,15,-0.6,0.0,-0.6,0.0,1,-0.958,-1.01,-0.962
1AJ3A,K,26,A,Forward,7.0,25.0,0.0,HQFFRDMDDEESWIKEKKLLVSSEDYGRDLTGVQNLRKKHKRLEAELAAHEPAIQGVLDTGKKLSDDNTIGKEEIQQRLAQFVDHWKELKQLAAARGQ,16,-1.9199999999999995,-0.012999999999999998,-0.9599999999999997,-0.006499999999999999,2,-0.8656,-1.0074,-0.85744
1AJ3A,V,30,A,Forward,7.0,25.0,-0.2,HQFFRDMDDEESWIKEKKLLVSSEDYGRDLTGVQNLRKKHKRLEAELAAHEPAIQGVLDTGKKLSDDNTIGKEEIQQRLAQFVDHWKELKQLAAARGQ,20,5.8500000000000005,1.5190000000000001,1.1700000000000002,0.3038,5,-1.4095,-1.3138,-1.3564800000000001
1AJ3A,T,40,A,Forward,7.0,25.0,0.3,HQFFRDMDDEESWIKEKKLLVSSEDYGRDLTGVQNLRKKHKRLEAELAAHEPAIQGVLDTGKKLSDDNTIGKEEIQQRLAQFVDHWKELKQLAAARGQ,30,-0.9400000000000006,-0.014999999999999986,-0.15666666666666676,-0.0024999999999999974,6,-0.9341999999999999,-1.0070000000000001,-0.9359999999999999
1AJ3A,V,42,A,Forward,7.0,25.0,-0.4,HQFFRDMDDEESWIKEKKLLVSSEDYGRDLTGVQNLRKKHKRLEAELAAHEPAIQGVLDTGKKLSDDNTIGKEEIQQRLAQFVDHWKELKQLAAARGQ,32,5.550000000000001,0.3119999999999999,1.11,0.062399999999999976,5,-1.3885,-1.0724,-1.42904
1AJ3A,N,44,G,Forward,7.0,25.0,-0.4,HQFFRDMDDEESWIKEKKLLVSSEDYGRDLTGVQNLRKKHKRLEAELAAHEPAIQGVLDTGKKLSDDNTIGKEEIQQRLAQFVDHWKELKQLAAARGQ,34,-0.5200000000000002,-0.029999999999999805,-0.06500000000000003,-0.0037499999999999756,8,-0.9636,-1.004,-0.9708
1AJ3A,L,45,A,Forward,7.0,25.0,-0.2,HQFFRDMDDEESWIKEKKLLVSSEDYGRDLTGVQNLRKKHKRLEAELAAHEPAIQGVLDTGKKLSDDNTIGKEEIQQRLAQFVDHWKELKQLAAARGQ,35,15.430000000000001,0.6809999999999999,1.7144444444444447,0.07566666666666666,9,-2.0801000000000003,-1.1461999999999999,-2.1899200000000003
1AJ3A,K,47,A,Forward,7.0,25.0,0.4,HQFFRDMDDEESWIKEKKLLVSSEDYGRDLTGVQNLRKKHKRLEAELAAHEPAIQGVLDTGKKLSDDNTIGKEEIQQRLAQFVDHWKELKQLAAARGQ,37,-7.809999999999999,-0.19599999999999995,-1.1157142857142854,-0.027999999999999994,7,-0.45330000000000004,-0.9708,-0.4008800000000001
1AJ3A,K,47,G,Forward,7.0,25.0,-0.5,HQFFRDMDDEESWIKEKKLLVSSEDYGRDLTGVQNLRKKHKRLEAELAAHEPAIQGVLDTGKKLSDDNTIGKEEIQQRLAQFVDHWKELKQLAAARGQ,37,-5.539999999999999,-0.051000000000000045,-0.7914285714285713,-0.007285714285714292,7,-0.6122000000000001,-0.9998,-0.57088
1AJ3A,I,84,A,Forward,7.0,25.0,-2.0,HQFFRDMDDEESWIKEKKLLVSSEDYGRDLTGVQNLRKKHKRLEAELAAHEPAIQGVLDTGKKLSDDNTIGKEEIQQRLAQFVDHWKELKQLAAARGQ,74,4.739999999999999,1.0510000000000002,0.9479999999999998,0.21020000000000003,5,-1.3317999999999999,-1.2202000000000002,-1.30512
1AJ3A,Q,86,A,Forward,7.0,25.0,0.0,HQFFRDMDDEESWIKEKKLLVSSEDYGRDLTGVQNLRKKHKRLEAELAAHEPAIQGVLDTGKKLSDDNTIGKEEIQQRLAQFVDHWKELKQLAAARGQ,76,-0.1100000000000001,-0.0010000000000000009,-0.05500000000000005,-0.0005000000000000004,2,-0.9923,-1.0098,-1.00128
1AJ3A,Q,86,G,Forward,7.0,25.0,-1.3,HQFFRDMDDEESWIKEKKLLVSSEDYGRDLTGVQNLRKKHKRLEAELAAHEPAIQGVLDTGKKLSDDNTIGKEEIQQRLAQFVDHWKELKQLAAARGQ,76,0.3400000000000001,0.0,0.17000000000000004,0.0,2,-1.0238,-1.01,-1.0372000000000001
1AJ3A,L,88,A,Forward,7.0,25.0,-2.8,HQFFRDMDDEESWIKEKKLLVSSEDYGRDLTGVQNLRKKHKRLEAELAAHEPAIQGVLDTGKKLSDDNTIGKEEIQQRLAQFVDHWKELKQLAAARGQ,78,16.78,3.095,2.0975,0.386875,8,-2.1746,-1.629,-2.1048
1AJ3A,D,93,A,Forward,7.0,25.0,0.7,HQFFRDMDDEESWIKEKKLLVSSEDYGRDLTGVQNLRKKHKRLEAELAAHEPAIQGVLDTGKKLSDDNTIGKEEIQQRLAQFVDHWKELKQLAAARGQ,83,-3.5100000000000007,-0.025999999999999995,-1.1700000000000002,-0.008666666666666665,3,-0.7543,-1.0048,-0.7312799999999999
1AJ3A,D,93,G,Forward,7.0,25.0,-0.3,HQFFRDMDDEESWIKEKKLLVSSEDYGRDLTGVQNLRKKHKRLEAELAAHEPAIQGVLDTGKKLSDDNTIGKEEIQQRLAQFVDHWKELKQLAAARGQ,83,-2.330000000000001,-0.0040000000000000036,-0.5825000000000002,-0.0010000000000000009,4,-0.8369,-1.0092,-0.82392
1AJ3A,K,96,A,Forward,7.0,25.0,-0.4,HQFFRDMDDEESWIKEKKLLVSSEDYGRDLTGVQNLRKKHKRLEAELAAHEPAIQGVLDTGKKLSDDNTIGKEEIQQRLAQFVDHWKELKQLAAARGQ,86,-2.9999999999999996,-0.03200000000000003,-1.4999999999999998,-0.016000000000000014,2,-0.79,-1.0036,-0.77256
1AJ3A,K,96,G,Forward,7.0,25.0,-1.3,HQFFRDMDDEESWIKEKKLLVSSEDYGRDLTGVQNLRKKHKRLEAELAAHEPAIQGVLDTGKKLSDDNTIGKEEIQQRLAQFVDHWKELKQLAAARGQ,86,-1.6599999999999997,-0.01100000000000001,-0.8299999999999998,-0.005500000000000005,2,-0.8838,-1.0078,-0.87808
1AJ3A,L,98,A,Forward,7.0,25.0,-3.8,HQFFRDMDDEESWIKEKKLLVSSEDYGRDLTGVQNLRKKHKRLEAELAAHEPAIQGVLDTGKKLSDDNTIGKEEIQQRLAQFVDHWKELKQLAAARGQ,88,5.949999999999999,0.25199999999999984,1.9833333333333332,0.08399999999999995,3,-1.4165,-1.0604,-1.46584
1AKYA,Q,48,E,Forward,7.7,25.0,-0.96,ESIRMVLIGPPGAGKGTQAPNLQERFHAAHLATGDMLRSQIAKGTQLGLEAKKIMDQGGLVSDDIMVNMIKDELTNNPACKNGFILDGFPRTIPQAEKLDQMLKEQGTPLEKAIELKVDDELLVARITGRLIHPASGRSYHKIFNPPKEDMKDDVTGEALVQRSDDNADALKKRLAAYHAQTEPIVDFYKKTGIWAGVDASQPPATVWADILNKLGKN,45,0.8899999999999998,0.0020000000000000018,0.4449999999999999,0.0010000000000000009,2,-1.0623,-1.0104,-1.08104
1AONU,I,48,W,Forward,7.8,25.0,-0.2,MNIRPLHDRVIVKRKEVETKSAGGIVLTGSAAAKSTRGEVLAVGNGRILENGEVKPLDVKVGDIVIFNDGYGVKSEKIDNEEVLIMSESDILAIVEA,47,0.8399999999999994,0.10899999999999993,0.20999999999999985,0.027249999999999983,4,-1.0588,-1.0318,-1.0684799999999999
1APSA,I,75,V,Forward,5.5,28.0,-1.41,STARPLKSVDYEVFGRVQGVCFRMYAEDEARKIGVVGWVKNTSKGTVTGQVQGPEEKVNSMKSWLSKVGSPSSRIDRTNFSNEKTISKLEYSNFSVRY,74,3.4999999999999996,1.1370000000000002,0.49999999999999994,0.16242857142857145,7,-1.245,-1.2374,-1.1990399999999999
1BNIA,K,27,A,Forward,6.3,25.0,0.44,VINTFDGVADYLQTYHKLPDNYITKSEAQALGWVASKGNLADVAPGKSIGGDIFSNREGKLPGKSGRTWREADINYTSGFRNSDRILYSSDWLIYKTTDHYQTFTKIR,24,-8.46,-0.3390000000000003,-1.0575,-0.04237500000000004,8,-0.40779999999999983,-0.9421999999999999,-0.36032
1BNIA,R,59,A,Forward,6.3,25.0,0.64,VINTFDGVADYLQTYHKLPDNYITKSEAQALGWVASKGNLADVAPGKSIGGDIFSNREGKLPGKSGRTWREADINYTSGFRNSDRILYSSDWLIYKTTDHYQTFTKIR,56,-2.5299999999999994,-0.009999999999999981,-0.6324999999999998,-0.0024999999999999953,4,-0.8229,-1.008,-0.8084
1BNIA,I,76,T,Forward,6.3,25.0,-2.64,VINTFDGVADYLQTYHKLPDNYITKSEAQALGWVASKGNLADVAPGKSIGGDIFSNREGKLPGKSGRTWREADINYTSGFRNSDRILYSSDWLIYKTTDHYQTFTKIR,73,25.23,9.299,1.9407692307692308,0.7153076923076923,13,-2.7661000000000002,-2.8697999999999997,-2.2844800000000003
1BTAA,K,22,Q,Forward,8.0,25.0,-0.79,KKAVINGEQIRSISDLHQTLKKELALPEYYGENLDALWDCLTGWVEYPLVLEWRQFEQSKQLTENGAESVLQVFREAKAEGCDITIILS,21,-0.5799999999999998,-0.0030000000000001137,-0.5799999999999998,-0.0030000000000001137,1,-0.9594,-1.0094,-0.96384
1BTAA,K,60,E,Forward,8.0,25.0,-1.17,KKAVINGEQIRSISDLHQTLKKELALPEYYGENLDALWDCLTGWVEYPLVLEWRQFEQSKQLTENGAESVLQVFREAKAEGCDITIILS,59,0.5799999999999998,-0.01599999999999957,0.04833333333333332,-0.0013333333333332975,12,-1.0406,-1.0068000000000001,-1.05768
1BTAA,R,75,L,Forward,8.0,25.0,0.75,KKAVINGEQIRSISDLHQTLKKELALPEYYGENLDALWDCLTGWVEYPLVLEWRQFEQSKQLTENGAESVLQVFREAKAEGCDITIILS,74,-3.2700000000000005,0.04400000000000004,-1.09,0.01466666666666668,3,-0.7710999999999999,-1.0188,-0.74488
1BVCA,H,24,V,Forward,7.0,0.0,-0.52,VLSEGEWQLVLHVWAKVEADVAGHGQDILIRLFKSHPETLEKFDRFKHLKTEAEMKASEDLKKHGVTVLTALGAILKKKGHHEAELKPLAQSHATKHKIPIKYLEFISEAIIHVLHSRHPGDFGADAQGAMNKALELFRKDIAAKYKELGYQG,23,-19.529999999999998,-1.5220000000000002,-1.3949999999999998,-0.10871428571428574,14,0.3671,-0.7056,0.4306399999999997
1BVCA,H,48,Q,Forward,7.0,0.0,-0.62,VLSEGEWQLVLHVWAKVEADVAGHGQDILIRLFKSHPETLEKFDRFKHLKTEAEMKASEDLKKHGVTVLTALGAILKKKGHHEAELKPLAQSHATKHKIPIKYLEFISEAIIHVLHSRHPGDFGADAQGAMNKALELFRKDIAAKYKELGYQG,47,0.0,0.0,0.0,0.0,0,-1.0,-1.01,-1.01
1BVCA,H,119,F,Forward,7.0,0.0,-0.68,VLSEGEWQLVLHVWAKVEADVAGHGQDILIRLFKSHPETLEKFDRFKHLKTEAEMKASEDLKKHGVTVLTALGAILKKKGHHEAELKPLAQSHATKHKIPIKYLEFISEAIIHVLHSRHPGDFGADAQGAMNKALELFRKDIAAKYKELGYQG,118,-5.27,-0.7470000000000001,-1.7566666666666666,-0.24900000000000003,3,-0.6311,-0.8606,-0.6481600000000001
1C9OA,E,12,K,Forward,7.0,75.0,-0.32,MQRGKVKWFNNEKGYGFIEVEGGSDVFVHFTAIQGEGFKTLEEGQEVSFEIVQGNRGPQAANVVKL,11,0.0,0.0,0.0,0.0,0,-1.0,-1.01,-1.01
1C9OA,E,21,A,Forward,7.0,70.0,-0.29,MQRGKVKWFNNEKGYGFIEVEGGSDVFVHFTAIQGEGFKTLEEGQEVSFEIVQGNRGPQAANVVKL,20,-0.16000000000000014,-0.03499999999999992,-0.05333333333333338,-0.01166666666666664,3,-0.9888,-1.0030000000000001,-1.0
1C9OA,F,38,W,Forward,7.0,25.0,0.24,MQRGKVKWFNNEKGYGFIEVEGGSDVFVHFTAIQGEGFKTLEEGQEVSFEIVQGNRGPQAANVVKL,37,0.71,0.017000000000000015,0.71,0.017000000000000015,1,-1.0497,-1.0134,-1.06544
1C9OA,E,50,K,Forward,7.0,75.0,-0.58,MQRGKVKWFNNEKGYGFIEVEGGSDVFVHFTAIQGEGFKTLEEGQEVSFEIVQGNRGPQAANVVKL,49,3.2299999999999995,0.04300000000000015,0.40374999999999994,0.005375000000000019,8,-1.2261,-1.0186,-1.2649599999999999
1C9OA,R,56,E,Forward,7.0,75.0,0.69,MQRGKVKWFNNEKGYGFIEVEGGSDVFVHFTAIQGEGFKTLEEGQEVSFEIVQGNRGPQAANVVKL,55,0.0,0.0,0.0,0.0,0,-1.0,-1.01,-1.01
1CEYA,D,12,A,Forward,7.0,25.0,2.5,ADKELKFLVVDDFSTMRRIVRNLLKELGFNNVEEAEDGVDALNKLQAGGYGFVISDWNMPNMDGLELLKTIRADGAMSALPVLMVTAEAKKENIIAAAQAGASGYVVKPFTAATLEEKLNKIFEKLGM,10,-11.849999999999998,-0.6229999999999996,-0.8464285714285713,-0.04449999999999997,14,-0.1705000000000001,-0.8854000000000001,-0.11184000000000016
1CEYA,F,14,N,Forward,7.5,25.0,2.64,ADKELKFLVVDDFSTMRRIVRNLLKELGFNNVEEAEDGVDALNKLQAGGYGFVISDWNMPNMDGLELLKTIRADGAMSALPVLMVTAEAKKENIIAAAQAGASGYVVKPFTAATLEEKLNKIFEKLGM,12,11.330000000000002,2.387999999999999,2.2660000000000005,0.4775999999999998,5,-1.7931000000000004,-1.4875999999999998,-1.7253600000000002
1CEYA,D,57,A,Forward,7.0,25.0,3.3,ADKELKFLVVDDFSTMRRIVRNLLKELGFNNVEEAEDGVDALNKLQAGGYGFVISDWNMPNMDGLELLKTIRADGAMSALPVLMVTAEAKKENIIAAAQAGASGYVVKPFTAATLEEKLNKIFEKLGM,55,-12.520000000000003,-0.5160000000000005,-1.0433333333333337,-0.04300000000000004,12,-0.12359999999999971,-0.9067999999999999,-0.049679999999999724
1CEYA,A,77,G,Forward,8.0,25.0,-0.31,ADKELKFLVVDDFSTMRRIVRNLLKELGFNNVEEAEDGVDALNKLQAGGYGFVISDWNMPNMDGLELLKTIRADGAMSALPVLMVTAEAKKENIIAAAQAGASGYVVKPFTAATLEEKLNKIFEKLGM,75,0.41000000000000014,0.000999999999999987,0.41000000000000014,0.000999999999999987,1,-1.0287,-1.0102,-1.04272
1CEYA,A,80,G,Forward,8.0,25.0,0.43,ADKELKFLVVDDFSTMRRIVRNLLKELGFNNVEEAEDGVDALNKLQAGGYGFVISDWNMPNMDGLELLKTIRADGAMSALPVLMVTAEAKKENIIAAAQAGASGYVVKPFTAATLEEKLNKIFEKLGM,78,2.72,0.38000000000000034,0.34,0.04750000000000004,8,-1.1904000000000001,-1.086,-1.1972
1CEYA,A,88,G,Forward,8.0,25.0,0.04,ADKELKFLVVDDFSTMRRIVRNLLKELGFNNVEEAEDGVDALNKLQAGGYGFVISDWNMPNMDGLELLKTIRADGAMSALPVLMVTAEAKKENIIAAAQAGASGYVVKPFTAATLEEKLNKIFEKLGM,86,2.41,0.014000000000000123,0.40166666666666667,0.002333333333333354,6,-1.1687,-1.0128,-1.20168
1CEYA,A,99,G,Forward,8.0,25.0,-0.48,ADKELKFLVVDDFSTMRRIVRNLLKELGFNNVEEAEDGVDALNKLQAGGYGFVISDWNMPNMDGLELLKTIRADGAMSALPVLMVTAEAKKENIIAAAQAGASGYVVKPFTAATLEEKLNKIFEKLGM,97,1.9200000000000002,0.059000000000000025,0.32,0.009833333333333338,6,-1.1344,-1.0218,-1.15888
1CSEI,V,54,A,Forward,7.0,25.0,-1.58,KSFPEVVGKTVDQAREYFTLHYPQYNVYFLPEGSPVTLDLRYNRVRVFYNPGTNVVNHVPHVG,46,11.809999999999999,6.135,1.3122222222222222,0.6816666666666666,9,-1.8267,-2.237,-1.464
1CSPA,E,3,Q,Forward,7.5,55.0,1.14,MLEGKVKWFNSEKGFGFIEVEGQDDVFVHFSAIQGEGFKTLEEGQAVSFEIVEGNRGPQAANVTKEA,2,-3.769999999999999,-0.07599999999999996,-0.4188888888888888,-0.00844444444444444,9,-0.7361,-0.9948,-0.71448
1CSPA,E,43,S,Forward,7.0,70.0,0.29,MLEGKVKWFNSEKGFGFIEVEGQDDVFVHFSAIQGEGFKTLEEGQAVSFEIVEGNRGPQAANVTKEA,42,-0.23999999999999932,-0.07099999999999995,-0.029999999999999916,-0.008874999999999994,8,-0.9832000000000001,-0.9958,-0.99648
1CSPA,S,48,R,Forward,7.0,70.0,1.58,MLEGKVKWFNSEKGFGFIEVEGQDDVFVHFSAIQGEGFKTLEEGQAVSFEIVEGNRGPQAANVTKEA,47,-0.69,-0.035000000000000475,-0.07666666666666666,-0.0038888888888889417,9,-0.9517,-1.003,-0.9576
1CSPA,R,56,Q,Forward,7.5,55.0,0.28,MLEGKVKWFNSEKGFGFIEVEGQDDVFVHFSAIQGEGFKTLEEGQAVSFEIVEGNRGPQAANVTKEA,55,0.8500000000000001,0.0020000000000000018,0.8500000000000001,0.0020000000000000018,1,-1.0595,-1.0104,-1.0778400000000001
1CUNA,Q,115,G,Forward,7.0,25.0,-1.15,MVHQFFRDMDDEESWIKEKKLLVSSEDYGRDLTGVQNLRKKHKRLEAELAAHEPAIQSVLDTGKKLSDDNTIGKEEIQQRLAQFVDHWKELKQLAAARGQRLEESLEYQQFVANVEEEEAWINEKMTLVASEDYGDTLAAIQGLLKKHEAFETDFTVHKDRVNDVCANGEDLIKKNNHHVENITAKMKGLKGKVSDLEKAAAQRKAKLDENSA,108,-2.080000000000001,-0.07000000000000006,-0.14857142857142863,-0.0050000000000000044,14,-0.8543999999999999,-0.996,-0.8492
1CUNA,A,126,G,Forward,7.0,25.0,-1.65,MVHQFFRDMDDEESWIKEKKLLVSSEDYGRDLTGVQNLRKKHKRLEAELAAHEPAIQSVLDTGKKLSDDNTIGKEEIQQRLAQFVDHWKELKQLAAARGQRLEESLEYQQFVANVEEEEAWINEKMTLVASEDYGDTLAAIQGLLKKHEAFETDFTVHKDRVNDVCANGEDLIKKNNHHVENITAKMKGLKGKVSDLEKAAAQRKAKLDENSA,119,2.880000000000001,0.026000000000000016,0.3600000000000001,0.003250000000000002,8,-1.2016,-1.0152,-1.23832
1CUNA,I,128,A,Forward,7.0,25.0,-1.65,MVHQFFRDMDDEESWIKEKKLLVSSEDYGRDLTGVQNLRKKHKRLEAELAAHEPAIQSVLDTGKKLSDDNTIGKEEIQQRLAQFVDHWKELKQLAAARGQRLEESLEYQQFVANVEEEEAWINEKMTLVASEDYGDTLAAIQGLLKKHEAFETDFTVHKDRVNDVCANGEDLIKKNNHHVENITAKMKGLKGKVSDLEKAAAQRKAKLDENSA,121,23.99,2.0890000000000004,1.8453846153846152,0.16069230769230772,13,-2.6793,-1.4278000000000002,-2.7620799999999996
1CUNA,I,128,V,Forward,7.0,25.0,-2.85,MVHQFFRDMDDEESWIKEKKLLVSSEDYGRDLTGVQNLRKKHKRLEAELAAHEPAIQSVLDTGKKLSDDNTIGKEEIQQRLAQFVDHWKELKQLAAARGQRLEESLEYQQFVANVEEEEAWINEKMTLVASEDYGDTLAAIQGLLKKHEAFETDFTVHKDRVNDVCANGEDLIKKNNHHVENITAKMKGLKGKVSDLEKAAAQRKAKLDENSA,121,7.449999999999999,0.6890000000000001,0.573076923076923,0.053000000000000005,13,-1.5215,-1.1478,-1.5508799999999998
1CUNA,K,152,A,Forward,7.0,25.0,-0.15,MVHQFFRDMDDEESWIKEKKLLVSSEDYGRDLTGVQNLRKKHKRLEAELAAHEPAIQSVLDTGKKLSDDNTIGKEEIQQRLAQFVDHWKELKQLAAARGQRLEESLEYQQFVANVEEEEAWINEKMTLVASEDYGDTLAAIQGLLKKHEAFETDFTVHKDRVNDVCANGEDLIKKNNHHVENITAKMKGLKGKVSDLEKAAAQRKAKLDENSA,145,-6.96,-0.04199999999999998,-0.9942857142857143,-0.0059999999999999975,7,-0.5127999999999999,-1.0016,-0.45655999999999997
1CUNA,K,152,G,Forward,7.0,25.0,-1.45,MVHQFFRDMDDEESWIKEKKLLVSSEDYGRDLTGVQNLRKKHKRLEAELAAHEPAIQSVLDTGKKLSDDNTIGKEEIQQRLAQFVDHWKELKQLAAARGQRLEESLEYQQFVANVEEEEAWINEKMTLVASEDYGDTLAAIQGLLKKHEAFETDFTVHKDRVNDVCANGEDLIKKNNHHVENITAKMKGLKGKVSDLEKAAAQRKAKLDENSA,145,-4.220000000000001,-0.014000000000000012,-0.602857142857143,-0.0020000000000000018,7,-0.7045999999999999,-1.0072,-0.6735199999999999
1CUNA,A,156,G,Forward,7.0,25.0,-1.45,MVHQFFRDMDDEESWIKEKKLLVSSEDYGRDLTGVQNLRKKHKRLEAELAAHEPAIQSVLDTGKKLSDDNTIGKEEIQQRLAQFVDHWKELKQLAAARGQRLEESLEYQQFVANVEEEEAWINEKMTLVASEDYGDTLAAIQGLLKKHEAFETDFTVHKDRVNDVCANGEDLIKKNNHHVENITAKMKGLKGKVSDLEKAAAQRKAKLDENSA,149,2.0100000000000002,-0.011999999999999983,0.402,-0.0023999999999999968,5,-1.1407,-1.0076,-1.17176
1CUNA,F,157,L,Forward,7.0,25.0,-1.85,MVHQFFRDMDDEESWIKEKKLLVSSEDYGRDLTGVQNLRKKHKRLEAELAAHEPAIQSVLDTGKKLSDDNTIGKEEIQQRLAQFVDHWKELKQLAAARGQRLEESLEYQQFVANVEEEEAWINEKMTLVASEDYGDTLAAIQGLLKKHEAFETDFTVHKDRVNDVCANGEDLIKKNNHHVENITAKMKGLKGKVSDLEKAAAQRKAKLDENSA,150,0.19999999999999885,0.0050000000000000044,0.04999999999999971,0.0012500000000000011,4,-1.014,-1.0110000000000001,-1.0255999999999998
1CUNA,A,173,G,Forward,7.0,25.0,-1.95,MVHQFFRDMDDEESWIKEKKLLVSSEDYGRDLTGVQNLRKKHKRLEAELAAHEPAIQSVLDTGKKLSDDNTIGKEEIQQRLAQFVDHWKELKQLAAARGQRLEESLEYQQFVANVEEEEAWINEKMTLVASEDYGDTLAAIQGLLKKHEAFETDFTVHKDRVNDVCANGEDLIKKNNHHVENITAKMKGLKGKVSDLEKAAAQRKAKLDENSA,166,2.0200000000000005,0.010000000000000009,0.3366666666666667,0.001666666666666668,6,-1.1414,-1.012,-1.1708
1CUNA,A,191,G,Forward,7.0,25.0,-1.35,MVHQFFRDMDDEESWIKEKKLLVSSEDYGRDLTGVQNLRKKHKRLEAELAAHEPAIQSVLDTGKKLSDDNTIGKEEIQQRLAQFVDHWKELKQLAAARGQRLEESLEYQQFVANVEEEEAWINEKMTLVASEDYGDTLAAIQGLLKKHEAFETDFTVHKDRVNDVCANGEDLIKKNNHHVENITAKMKGLKGKVSDLEKAAAQRKAKLDENSA,184,2.0300000000000002,-0.006999999999999996,0.3383333333333334,-0.001166666666666666,6,-1.1421000000000001,-1.0086,-1.17296
1CUNA,M,193,A,Forward,7.0,25.0,-2.65,MVHQFFRDMDDEESWIKEKKLLVSSEDYGRDLTGVQNLRKKHKRLEAELAAHEPAIQSVLDTGKKLSDDNTIGKEEIQQRLAQFVDHWKELKQLAAARGQRLEESLEYQQFVANVEEEEAWINEKMTLVASEDYGDTLAAIQGLLKKHEAFETDFTVHKDRVNDVCANGEDLIKKNNHHVENITAKMKGLKGKVSDLEKAAAQRKAKLDENSA,186,13.710000000000003,0.3200000000000001,1.2463636363636366,0.0290909090909091,11,-1.9597000000000002,-1.074,-2.0812
1CUNA,L,196,A,Forward,7.0,25.0,-4.55,MVHQFFRDMDDEESWIKEKKLLVSSEDYGRDLTGVQNLRKKHKRLEAELAAHEPAIQSVLDTGKKLSDDNTIGKEEIQQRLAQFVDHWKELKQLAAARGQRLEESLEYQQFVANVEEEEAWINEKMTLVASEDYGDTLAAIQGLLKKHEAFETDFTVHKDRVNDVCANGEDLIKKNNHHVENITAKMKGLKGKVSDLEKAAAQRKAKLDENSA,189,17.46,0.28200000000000014,2.1825,0.03525000000000002,8,-2.2222,-1.0664,-2.38424
1CUNA,S,201,A,Forward,7.0,25.0,0.15,MVHQFFRDMDDEESWIKEKKLLVSSEDYGRDLTGVQNLRKKHKRLEAELAAHEPAIQSVLDTGKKLSDDNTIGKEEIQQRLAQFVDHWKELKQLAAARGQRLEESLEYQQFVANVEEEEAWINEKMTLVASEDYGDTLAAIQGLLKKHEAFETDFTVHKDRVNDVCANGEDLIKKNNHHVENITAKMKGLKGKVSDLEKAAAQRKAKLDENSA,194,-1.9600000000000006,-0.006999999999999999,-0.6533333333333335,-0.002333333333333333,3,-0.8628,-1.0086,-0.85376
1CUNA,S,201,G,Forward,7.0,25.0,-0.95,MVHQFFRDMDDEESWIKEKKLLVSSEDYGRDLTGVQNLRKKHKRLEAELAAHEPAIQSVLDTGKKLSDDNTIGKEEIQQRLAQFVDHWKELKQLAAARGQRLEESLEYQQFVANVEEEEAWINEKMTLVASEDYGDTLAAIQGLLKKHEAFETDFTVHKDRVNDVCANGEDLIKKNNHHVENITAKMKGLKGKVSDLEKAAAQRKAKLDENSA,194,-0.6400000000000003,-0.0010000000000000009,-0.21333333333333346,-0.00033333333333333365,3,-0.9551999999999999,-1.0098,-0.95888
1CUNA,L,203,A,Forward,7.0,25.0,-4.05,MVHQFFRDMDDEESWIKEKKLLVSSEDYGRDLTGVQNLRKKHKRLEAELAAHEPAIQSVLDTGKKLSDDNTIGKEEIQQRLAQFVDHWKELKQLAAARGQRLEESLEYQQFVANVEEEEAWINEKMTLVASEDYGDTLAAIQGLLKKHEAFETDFTVHKDRVNDVCANGEDLIKKNNHHVENITAKMKGLKGKVSDLEKAAAQRKAKLDENSA,196,21.160000000000004,2.955,2.3511111111111114,0.32833333333333337,9,-2.4812000000000003,-1.601,-2.4664
1CUNA,A,212,G,Forward,7.0,25.0,-1.45,MVHQFFRDMDDEESWIKEKKLLVSSEDYGRDLTGVQNLRKKHKRLEAELAAHEPAIQSVLDTGKKLSDDNTIGKEEIQQRLAQFVDHWKELKQLAAARGQRLEESLEYQQFVANVEEEEAWINEKMTLVASEDYGDTLAAIQGLLKKHEAFETDFTVHKDRVNDVCANGEDLIKKNNHHVENITAKMKGLKGKVSDLEKAAAQRKAKLDENSA,205,2.4100000000000006,0.006000000000000002,0.3012500000000001,0.0007500000000000002,8,-1.1687,-1.0112,-1.20232
1CUNA,L,214,A,Forward,7.0,25.0,-3.65,MVHQFFRDMDDEESWIKEKKLLVSSEDYGRDLTGVQNLRKKHKRLEAELAAHEPAIQSVLDTGKKLSDDNTIGKEEIQQRLAQFVDHWKELKQLAAARGQRLEESLEYQQFVANVEEEEAWINEKMTLVASEDYGDTLAAIQGLLKKHEAFETDFTVHKDRVNDVCANGEDLIKKNNHHVENITAKMKGLKGKVSDLEKAAAQRKAKLDENSA,207,4.220000000000001,4.885,0.7033333333333335,0.8141666666666666,6,-1.2954,-1.987,-0.9568000000000001
1DKTA,S,9,A,Forward,7.5,10.0,-0.43,QIYYSDKYDDEEFEYRHVMLPKDIAKLVPKTHLMSESEWRNLGVQQSQGWVHYMIHEPEPHILLFRRPLPKK,4,-2.4100000000000006,-0.22899999999999987,-0.6025000000000001,-0.05724999999999997,4,-0.8312999999999999,-0.9642000000000001,-0.8355199999999999
1DKTA,K,11,A,Forward,7.5,10.0,0.62,QIYYSDKYDDEEFEYRHVMLPKDIAKLVPKTHLMSESEWRNLGVQQSQGWVHYMIHEPEPHILLFRRPLPKK,6,-4.010000000000001,-0.048000000000000265,-0.8020000000000002,-0.009600000000000053,5,-0.7192999999999999,-1.0004,-0.6930399999999999
1DKTA,S,39,A,Forward,7.5,10.0,-0.6,QIYYSDKYDDEEFEYRHVMLPKDIAKLVPKTHLMSESEWRNLGVQQSQGWVHYMIHEPEPHILLFRRPLPKK,34,-2.3600000000000003,-0.06599999999999973,-0.4720000000000001,-0.013199999999999944,5,-0.8348,-0.9968,-0.82648
1DKTA,V,55,A,Forward,7.5,10.0,-0.73,QIYYSDKYDDEEFEYRHVMLPKDIAKLVPKTHLMSESEWRNLGVQQSQGWVHYMIHEPEPHILLFRRPLPKK,50,4.32,2.0330000000000004,0.7200000000000001,0.3388333333333334,6,-1.3024,-1.4166,-1.19296
1DKTA,M,58,L,Forward,7.5,10.0,-0.23,QIYYSDKYDDEEFEYRHVMLPKDIAKLVPKTHLMSESEWRNLGVQQSQGWVHYMIHEPEPHILLFRRPLPKK,53,-0.96,-0.651,-0.96,-0.651,1,-0.9328,-0.8798,-0.98528
1DKTA,R,71,A,Forward,7.5,10.0,-0.59,QIYYSDKYDDEEFEYRHVMLPKDIAKLVPKTHLMSESEWRNLGVQQSQGWVHYMIHEPEPHILLFRRPLPKK,66,-2.7699999999999996,-1.52,-0.34624999999999995,-0.19,8,-0.8061,-0.706,-0.91
1E65A,I,7,S,Forward,7.3,26.5,-3.44,AECSVDIQGNDQMQFNTNAITVDKSCKQFTVNLSHPGNLPKNVMGHNWVLSTAADMQGVVTDGMASGLDKDYLKPDDSRVIAHTKLIGSGEKDSVTFDVSKLKEGEQYMFFCTFPGHSALMKGTLTLK,6,14.420000000000002,4.408,2.06,0.6297142857142858,7,-2.0094000000000003,-1.8916000000000002,-1.8109600000000001
1E65A,I,20,T,Forward,7.0,25.0,-2.39,AECSVDIQGNDQMQFNTNAITVDKSCKQFTVNLSHPGNLPKNVMGHNWVLSTAADMQGVVTDGMASGLDKDYLKPDDSRVIAHTKLIGSGEKDSVTFDVSKLKEGEQYMFFCTFPGHSALMKGTLTLK,19,16.07,2.832,2.295714285714286,0.4045714285714285,7,-2.1249000000000002,-1.5764,-2.06904
1E65A,V,31,T,Forward,7.0,25.0,-1.08,AECSVDIQGNDQMQFNTNAITVDKSCKQFTVNLSHPGNLPKNVMGHNWVLSTAADMQGVVTDGMASGLDKDYLKPDDSRVIAHTKLIGSGEKDSVTFDVSKLKEGEQYMFFCTFPGHSALMKGTLTLK,30,18.18,2.7659999999999996,1.515,0.23049999999999995,12,-2.2726,-1.5632,-2.2431200000000002
1E65A,L,50,V,Forward,7.0,25.0,-0.36,AECSVDIQGNDQMQFNTNAITVDKSCKQFTVNLSHPGNLPKNVMGHNWVLSTAADMQGVVTDGMASGLDKDYLKPDDSRVIAHTKLIGSGEKDSVTFDVSKLKEGEQYMFFCTFPGHSALMKGTLTLK,49,4.080000000000001,6.587,0.370909090909091,0.5988181818181818,11,-1.2856,-2.3274,-0.8094400000000002
1E65A,V,60,G,Forward,7.0,25.0,-3.11,AECSVDIQGNDQMQFNTNAITVDKSCKQFTVNLSHPGNLPKNVMGHNWVLSTAADMQGVVTDGMASGLDKDYLKPDDSRVIAHTKLIGSGEKDSVTFDVSKLKEGEQYMFFCTFPGHSALMKGTLTLK,59,19.490000000000002,6.3660000000000005,1.6241666666666668,0.5305000000000001,12,-2.3643,-2.2832,-2.05992
1E65A,A,82,G,Forward,7.0,25.0,-3.11,AECSVDIQGNDQMQFNTNAITVDKSCKQFTVNLSHPGNLPKNVMGHNWVLSTAADMQGVVTDGMASGLDKDYLKPDDSRVIAHTKLIGSGEKDSVTFDVSKLKEGEQYMFFCTFPGHSALMKGTLTLK,81,3.579999999999999,-0.15400000000000036,0.5114285714285713,-0.02200000000000005,7,-1.2506,-0.9792,-1.30872
1E65A,V,95,T,Forward,7.0,25.0,0.96,AECSVDIQGNDQMQFNTNAITVDKSCKQFTVNLSHPGNLPKNVMGHNWVLSTAADMQGVVTDGMASGLDKDYLKPDDSRVIAHTKLIGSGEKDSVTFDVSKLKEGEQYMFFCTFPGHSALMKGTLTLK,94,14.679999999999998,2.7370000000000005,1.631111111111111,0.30411111111111117,9,-2.0275999999999996,-1.5574000000000001,-1.9654399999999999
1E65A,H,117,G,Forward,7.0,20.0,-2.18,AECSVDIQGNDQMQFNTNAITVDKSCKQFTVNLSHPGNLPKNVMGHNWVLSTAADMQGVVTDGMASGLDKDYLKPDDSRVIAHTKLIGSGEKDSVTFDVSKLKEGEQYMFFCTFPGHSALMKGTLTLK,116,2.7199999999999993,0.08200000000000018,0.6799999999999998,0.020500000000000046,4,-1.1904,-1.0264,-1.22104
1EY0A,L,7,V,Forward,7.0,20.0,-1.15,KLHKEPATLIKAIDGDTVKLMYKGQPMTFRLLLVDTPETKHPKKGVEKYGPEASAFTKKMVENAKKIEVEFDKGQRTDKYGRGLAYIYADGKMVNEALVRQGLAKVAYVYKPNNTHEQHLRKSEAQAKKEKLNIWS,1,4.59,2.4789999999999996,0.9179999999999999,0.4957999999999999,5,-1.3213,-1.5058,-1.17888
1EY0A,K,9,F,Forward,7.0,20.0,-1.03,KLHKEPATLIKAIDGDTVKLMYKGQPMTFRLLLVDTPETKHPKKGVEKYGPEASAFTKKMVENAKKIEVEFDKGQRTDKYGRGLAYIYADGKMVNEALVRQGLAKVAYVYKPNNTHEQHLRKSEAQAKKEKLNIWS,3,-9.06,-3.865,-2.265,-0.96625,4,-0.3657999999999999,-0.23699999999999988,-0.5944
1EY0A,T,13,C,Forward,7.0,20.0,-1.2,KLHKEPATLIKAIDGDTVKLMYKGQPMTFRLLLVDTPETKHPKKGVEKYGPEASAFTKKMVENAKKIEVEFDKGQRTDKYGRGLAYIYADGKMVNEALVRQGLAKVAYVYKPNNTHEQHLRKSEAQAKKEKLNIWS,7,-2.6399999999999997,-0.6169999999999999,-0.8799999999999999,-0.20566666666666664,3,-0.8152,-0.8866,-0.84816
1EY0A,L,14,V,Forward,7.0,20.0,-1.63,KLHKEPATLIKAIDGDTVKLMYKGQPMTFRLLLVDTPETKHPKKGVEKYGPEASAFTKKMVENAKKIEVEFDKGQRTDKYGRGLAYIYADGKMVNEALVRQGLAKVAYVYKPNNTHEQHLRKSEAQAKKEKLNIWS,8,2.870000000000001,1.6119999999999997,0.956666666666667,0.5373333333333332,3,-1.2009,-1.3324,-1.11064
1EY0A,I,15,M,Forward,7.0,20.0,-0.15,KLHKEPATLIKAIDGDTVKLMYKGQPMTFRLLLVDTPETKHPKKGVEKYGPEASAFTKKMVENAKKIEVEFDKGQRTDKYGRGLAYIYADGKMVNEALVRQGLAKVAYVYKPNNTHEQHLRKSEAQAKKEKLNIWS,9,0.0,0.0,0.0,0.0,0,-1.0,-1.01,-1.01
1EY0A,D,19,F,Forward,7.0,20.0,-1.28,KLHKEPATLIKAIDGDTVKLMYKGQPMTFRLLLVDTPETKHPKKGVEKYGPEASAFTKKMVENAKKIEVEFDKGQRTDKYGRGLAYIYADGKMVNEALVRQGLAKVAYVYKPNNTHEQHLRKSEAQAKKEKLNIWS,13,-27.41,-3.028,-2.4918181818181817,-0.2752727272727273,11,0.9187000000000003,-0.4044,0.9405600000000001
1EY0A,D,21,K,Forward,7.0,20.0,1.1,KLHKEPATLIKAIDGDTVKLMYKGQPMTFRLLLVDTPETKHPKKGVEKYGPEASAFTKKMVENAKKIEVEFDKGQRTDKYGRGLAYIYADGKMVNEALVRQGLAKVAYVYKPNNTHEQHLRKSEAQAKKEKLNIWS,15,3.789999999999999,0.0969999999999992,0.27071428571428563,0.006928571428571372,14,-1.2652999999999999,-1.0293999999999999,-1.30544
1EY0A,T,22,I,Forward,7.0,20.0,-0.61,KLHKEPATLIKAIDGDTVKLMYKGQPMTFRLLLVDTPETKHPKKGVEKYGPEASAFTKKMVENAKKIEVEFDKGQRTDKYGRGLAYIYADGKMVNEALVRQGLAKVAYVYKPNNTHEQHLRKSEAQAKKEKLNIWS,16,-5.2,-1.287,-1.7333333333333334,-0.429,3,-0.6359999999999999,-0.7525999999999999,-0.69696
1EY0A,V,23,I,Forward,7.0,20.0,0.03,KLHKEPATLIKAIDGDTVKLMYKGQPMTFRLLLVDTPETKHPKKGVEKYGPEASAFTKKMVENAKKIEVEFDKGQRTDKYGRGLAYIYADGKMVNEALVRQGLAKVAYVYKPNNTHEQHLRKSEAQAKKEKLNIWS,17,-1.62,-0.5570000000000002,-0.54,-0.18566666666666673,3,-0.8865999999999999,-0.8986,-0.92496
1EY0A,V,23,L,Forward,7.0,20.0,-0.02,KLHKEPATLIKAIDGDTVKLMYKGQPMTFRLLLVDTPETKHPKKGVEKYGPEASAFTKKMVENAKKIEVEFDKGQRTDKYGRGLAYIYADGKMVNEALVRQGLAKVAYVYKPNNTHEQHLRKSEAQAKKEKLNIWS,17,-2.7200000000000006,-0.7460000000000002,-0.9066666666666668,-0.24866666666666673,3,-0.8095999999999999,-0.8608,-0.85208
1EY0A,K,24,F,Forward,7.0,20.0,-0.4,KLHKEPATLIKAIDGDTVKLMYKGQPMTFRLLLVDTPETKHPKKGVEKYGPEASAFTKKMVENAKKIEVEFDKGQRTDKYGRGLAYIYADGKMVNEALVRQGLAKVAYVYKPNNTHEQHLRKSEAQAKKEKLNIWS,18,0.0,0.0,0.0,0.0,0,-1.0,-1.01,-1.01
1EY0A,Y,27,C,Forward,7.0,20.0,-2.72,KLHKEPATLIKAIDGDTVKLMYKGQPMTFRLLLVDTPETKHPKKGVEKYGPEASAFTKKMVENAKKIEVEFDKGQRTDKYGRGLAYIYADGKMVNEALVRQGLAKVAYVYKPNNTHEQHLRKSEAQAKKEKLNIWS,21,0.0900000000000003,-0.6409999999999999,0.022500000000000075,-0.16024999999999998,4,-1.0063,-0.8818,-1.06848
1EY0A,G,29,V,Forward,7.0,20.0,-3.11,KLHKEPATLIKAIDGDTVKLMYKGQPMTFRLLLVDTPETKHPKKGVEKYGPEASAFTKKMVENAKKIEVEFDKGQRTDKYGRGLAYIYADGKMVNEALVRQGLAKVAYVYKPNNTHEQHLRKSEAQAKKEKLNIWS,23,-1.73,-0.03199999999999997,-1.73,-0.03199999999999997,1,-0.8789,-1.0036,-0.87416
1EY0A,T,33,C,Forward,7.0,20.0,-1.04,KLHKEPATLIKAIDGDTVKLMYKGQPMTFRLLLVDTPETKHPKKGVEKYGPEASAFTKKMVENAKKIEVEFDKGQRTDKYGRGLAYIYADGKMVNEALVRQGLAKVAYVYKPNNTHEQHLRKSEAQAKKEKLNIWS,27,-2.83,-1.7429999999999999,-0.9433333333333334,-0.581,3,-0.8019,-0.6614,-0.92304
1EY0A,L,36,V,Forward,7.0,20.0,-3.58,KLHKEPATLIKAIDGDTVKLMYKGQPMTFRLLLVDTPETKHPKKGVEKYGPEASAFTKKMVENAKKIEVEFDKGQRTDKYGRGLAYIYADGKMVNEALVRQGLAKVAYVYKPNNTHEQHLRKSEAQAKKEKLNIWS,30,8.180000000000003,1.42,0.9088888888888893,0.15777777777777777,9,-1.5726000000000004,-1.294,-1.5508000000000002
1EY0A,L,37,I,Forward,7.0,20.0,-1.82,KLHKEPATLIKAIDGDTVKLMYKGQPMTFRLLLVDTPETKHPKKGVEKYGPEASAFTKKMVENAKKIEVEFDKGQRTDKYGRGLAYIYADGKMVNEALVRQGLAKVAYVYKPNNTHEQHLRKSEAQAKKEKLNIWS,31,3.0500000000000007,-0.4680000000000004,0.3812500000000001,-0.05850000000000005,8,-1.2135,-0.9163999999999999,-1.2914400000000001
1EY0A,V,39,I,Forward,7.0,20.0,0.11,KLHKEPATLIKAIDGDTVKLMYKGQPMTFRLLLVDTPETKHPKKGVEKYGPEASAFTKKMVENAKKIEVEFDKGQRTDKYGRGLAYIYADGKMVNEALVRQGLAKVAYVYKPNNTHEQHLRKSEAQAKKEKLNIWS,33,-5.989999999999999,-6.994,-0.6655555555555555,-0.7771111111111111,9,-0.5807,0.38880000000000003,-1.09032
1EY0A,V,39,L,Forward,7.0,20.0,-0.9,KLHKEPATLIKAIDGDTVKLMYKGQPMTFRLLLVDTPETKHPKKGVEKYGPEASAFTKKMVENAKKIEVEFDKGQRTDKYGRGLAYIYADGKMVNEALVRQGLAKVAYVYKPNNTHEQHLRKSEAQAKKEKLNIWS,33,0.3000000000000007,-3.255,0.05000000000000012,-0.5425,6,-1.0210000000000001,-0.359,-1.2944
1EY0A,T,41,I,Forward,7.0,20.0,0.86,KLHKEPATLIKAIDGDTVKLMYKGQPMTFRLLLVDTPETKHPKKGVEKYGPEASAFTKKMVENAKKIEVEFDKGQRTDKYGRGLAYIYADGKMVNEALVRQGLAKVAYVYKPNNTHEQHLRKSEAQAKKEKLNIWS,35,-9.799999999999999,-3.7460000000000004,-1.2249999999999999,-0.46825000000000006,8,-0.31400000000000006,-0.2607999999999999,-0.5256800000000001
1EY0A,T,44,C,Forward,7.0,20.0,-0.04,KLHKEPATLIKAIDGDTVKLMYKGQPMTFRLLLVDTPETKHPKKGVEKYGPEASAFTKKMVENAKKIEVEFDKGQRTDKYGRGLAYIYADGKMVNEALVRQGLAKVAYVYKPNNTHEQHLRKSEAQAKKEKLNIWS,38,-11.63,-1.4190000000000003,-0.9691666666666667,-0.11825000000000002,12,-0.18589999999999984,-0.7262,-0.19311999999999996
1EY0A,V,51,L,Forward,7.0,20.0,-0.1,KLHKEPATLIKAIDGDTVKLMYKGQPMTFRLLLVDTPETKHPKKGVEKYGPEASAFTKKMVENAKKIEVEFDKGQRTDKYGRGLAYIYADGKMVNEALVRQGLAKVAYVYKPNNTHEQHLRKSEAQAKKEKLNIWS,45,-5.4,-0.32500000000000007,-0.9,-0.054166666666666675,6,-0.6219999999999999,-0.945,-0.604
1EY0A,Y,54,F,Forward,7.0,20.0,-0.38,KLHKEPATLIKAIDGDTVKLMYKGQPMTFRLLLVDTPETKHPKKGVEKYGPEASAFTKKMVENAKKIEVEFDKGQRTDKYGRGLAYIYADGKMVNEALVRQGLAKVAYVYKPNNTHEQHLRKSEAQAKKEKLNIWS,48,-12.700000000000001,-4.738,-1.27,-0.47380000000000005,10,-0.11099999999999988,-0.0623999999999999,-0.3730399999999999
1EY0A,G,55,V,Forward,7.0,20.0,-1.48,KLHKEPATLIKAIDGDTVKLMYKGQPMTFRLLLVDTPETKHPKKGVEKYGPEASAFTKKMVENAKKIEVEFDKGQRTDKYGRGLAYIYADGKMVNEALVRQGLAKVAYVYKPNNTHEQHLRKSEAQAKKEKLNIWS,49,-14.97,-0.4240000000000005,-1.360909090909091,-0.03854545454545459,11,0.047900000000000054,-0.9251999999999999,0.15368000000000004
1EY0A,K,63,Q,Forward,7.0,20.0,-0.89,KLHKEPATLIKAIDGDTVKLMYKGQPMTFRLLLVDTPETKHPKKGVEKYGPEASAFTKKMVENAKKIEVEFDKGQRTDKYGRGLAYIYADGKMVNEALVRQGLAKVAYVYKPNNTHEQHLRKSEAQAKKEKLNIWS,57,-4.359999999999999,-0.19599999999999973,-0.5449999999999999,-0.024499999999999966,8,-0.6948000000000001,-0.9708000000000001,-0.67688
1EY0A,M,65,F,Forward,7.0,20.0,-1.62,KLHKEPATLIKAIDGDTVKLMYKGQPMTFRLLLVDTPETKHPKKGVEKYGPEASAFTKKMVENAKKIEVEFDKGQRTDKYGRGLAYIYADGKMVNEALVRQGLAKVAYVYKPNNTHEQHLRKSEAQAKKEKLNIWS,59,-3.509999999999999,-0.6759999999999998,-0.8774999999999997,-0.16899999999999996,4,-0.7543000000000001,-0.8748,-0.7832800000000001
1EY0A,M,65,I,Forward,7.0,20.0,-1.43,KLHKEPATLIKAIDGDTVKLMYKGQPMTFRLLLVDTPETKHPKKGVEKYGPEASAFTKKMVENAKKIEVEFDKGQRTDKYGRGLAYIYADGKMVNEALVRQGLAKVAYVYKPNNTHEQHLRKSEAQAKKEKLNIWS,59,-2.3,-0.33399999999999985,-0.575,-0.08349999999999996,4,-0.839,-0.9432,-0.85272
1EY0A,V,66,I,Forward,7.0,20.0,-0.76,KLHKEPATLIKAIDGDTVKLMYKGQPMTFRLLLVDTPETKHPKKGVEKYGPEASAFTKKMVENAKKIEVEFDKGQRTDKYGRGLAYIYADGKMVNEALVRQGLAKVAYVYKPNNTHEQHLRKSEAQAKKEKLNIWS,60,-6.6099999999999985,-2.956,-0.5508333333333332,-0.24633333333333332,12,-0.5373000000000001,-0.41879999999999995,-0.7176800000000001
1EY0A,K,70,E,Forward,7.0,20.0,-0.3,KLHKEPATLIKAIDGDTVKLMYKGQPMTFRLLLVDTPETKHPKKGVEKYGPEASAFTKKMVENAKKIEVEFDKGQRTDKYGRGLAYIYADGKMVNEALVRQGLAKVAYVYKPNNTHEQHLRKSEAQAKKEKLNIWS,64,1.1700000000000004,0.0019999999999998908,0.2925000000000001,0.0004999999999999727,4,-1.0819,-1.0104,-1.10344
1EY0A,I,72,L,Forward,7.0,20.0,-0.23,KLHKEPATLIKAIDGDTVKLMYKGQPMTFRLLLVDTPETKHPKKGVEKYGPEASAFTKKMVENAKKIEVEFDKGQRTDKYGRGLAYIYADGKMVNEALVRQGLAKVAYVYKPNNTHEQHLRKSEAQAKKEKLNIWS,66,-4.3500000000000005,-1.4929999999999997,-0.36250000000000004,-0.12441666666666663,12,-0.6955,-0.7114,-0.7814399999999999
1EY0A,V,74,L,Forward,7.0,20.0,-1.12,KLHKEPATLIKAIDGDTVKLMYKGQPMTFRLLLVDTPETKHPKKGVEKYGPEASAFTKKMVENAKKIEVEFDKGQRTDKYGRGLAYIYADGKMVNEALVRQGLAKVAYVYKPNNTHEQHLRKSEAQAKKEKLNIWS,68,-6.61,-0.9129999999999999,-0.9442857142857143,-0.13042857142857142,7,-0.5372999999999999,-0.8274,-0.5542400000000001
1EY0A,D,77,K,Forward,7.0,20.0,-3.28,KLHKEPATLIKAIDGDTVKLMYKGQPMTFRLLLVDTPETKHPKKGVEKYGPEASAFTKKMVENAKKIEVEFDKGQRTDKYGRGLAYIYADGKMVNEALVRQGLAKVAYVYKPNNTHEQHLRKSEAQAKKEKLNIWS,71,4.68,0.0519999999999996,0.52,0.005777777777777733,9,-1.3276,-1.0204,-1.3802400000000001
1EY0A,K,78,Q,Forward,7.0,20.0,-0.15,KLHKEPATLIKAIDGDTVKLMYKGQPMTFRLLLVDTPETKHPKKGVEKYGPEASAFTKKMVENAKKIEVEFDKGQRTDKYGRGLAYIYADGKMVNEALVRQGLAKVAYVYKPNNTHEQHLRKSEAQAKKEKLNIWS,72,-5.359999999999999,-0.06799999999999973,-0.7657142857142857,-0.009714285714285675,7,-0.6248,-0.9964000000000001,-0.58664
1EY0A,T,82,C,Forward,7.0,20.0,-0.19,KLHKEPATLIKAIDGDTVKLMYKGQPMTFRLLLVDTPETKHPKKGVEKYGPEASAFTKKMVENAKKIEVEFDKGQRTDKYGRGLAYIYADGKMVNEALVRQGLAKVAYVYKPNNTHEQHLRKSEAQAKKEKLNIWS,76,-6.01,-1.886,-1.202,-0.3772,5,-0.5792999999999999,-0.6328,-0.68008
1EY0A,T,82,I,Forward,7.0,20.0,0.51,KLHKEPATLIKAIDGDTVKLMYKGQPMTFRLLLVDTPETKHPKKGVEKYGPEASAFTKKMVENAKKIEVEFDKGQRTDKYGRGLAYIYADGKMVNEALVRQGLAKVAYVYKPNNTHEQHLRKSEAQAKKEKLNIWS,76,0.0,0.0,0.0,0.0,0,-1.0,-1.01,-1.01
1EY0A,K,84,Q,Forward,7.0,20.0,-0.15,KLHKEPATLIKAIDGDTVKLMYKGQPMTFRLLLVDTPETKHPKKGVEKYGPEASAFTKKMVENAKKIEVEFDKGQRTDKYGRGLAYIYADGKMVNEALVRQGLAKVAYVYKPNNTHEQHLRKSEAQAKKEKLNIWS,78,0.0,0.0,0.0,0.0,0,-1.0,-1.01,-1.01
1EY0A,G,86,F,Forward,7.0,20.0,-1.99,KLHKEPATLIKAIDGDTVKLMYKGQPMTFRLLLVDTPETKHPKKGVEKYGPEASAFTKKMVENAKKIEVEFDKGQRTDKYGRGLAYIYADGKMVNEALVRQGLAKVAYVYKPNNTHEQHLRKSEAQAKKEKLNIWS,80,-5.369999999999999,-2.514,-2.6849999999999996,-1.257,2,-0.6241000000000001,-0.5072,-0.78152
1EY0A,L,89,I,Forward,7.0,20.0,-1.04,KLHKEPATLIKAIDGDTVKLMYKGQPMTFRLLLVDTPETKHPKKGVEKYGPEASAFTKKMVENAKKIEVEFDKGQRTDKYGRGLAYIYADGKMVNEALVRQGLAKVAYVYKPNNTHEQHLRKSEAQAKKEKLNIWS,83,2.13,0.020999999999999908,0.355,0.0034999999999999845,6,-1.1491,-1.0142,-1.17872
1EY0A,I,92,M,Forward,7.0,20.0,-1.75,KLHKEPATLIKAIDGDTVKLMYKGQPMTFRLLLVDTPETKHPKKGVEKYGPEASAFTKKMVENAKKIEVEFDKGQRTDKYGRGLAYIYADGKMVNEALVRQGLAKVAYVYKPNNTHEQHLRKSEAQAKKEKLNIWS,86,5.289999999999999,1.8479999999999999,0.5289999999999999,0.1848,10,-1.3702999999999999,-1.3796,-1.2853599999999998
1EY0A,G,96,F,Forward,7.0,20.0,-2.55,KLHKEPATLIKAIDGDTVKLMYKGQPMTFRLLLVDTPETKHPKKGVEKYGPEASAFTKKMVENAKKIEVEFDKGQRTDKYGRGLAYIYADGKMVNEALVRQGLAKVAYVYKPNNTHEQHLRKSEAQAKKEKLNIWS,90,-10.260000000000002,-3.380000000000001,-2.5650000000000004,-0.8450000000000002,4,-0.28179999999999983,-0.33399999999999985,-0.4595999999999999
1EY0A,G,96,V,Forward,7.0,20.0,-3.74,KLHKEPATLIKAIDGDTVKLMYKGQPMTFRLLLVDTPETKHPKKGVEKYGPEASAFTKKMVENAKKIEVEFDKGQRTDKYGRGLAYIYADGKMVNEALVRQGLAKVAYVYKPNNTHEQHLRKSEAQAKKEKLNIWS,90,-8.4,-1.5520000000000005,-1.6800000000000002,-0.3104000000000001,5,-0.4119999999999999,-0.6995999999999999,-0.46216
1EY0A,V,104,I,Forward,7.0,20.0,0.27,KLHKEPATLIKAIDGDTVKLMYKGQPMTFRLLLVDTPETKHPKKGVEKYGPEASAFTKKMVENAKKIEVEFDKGQRTDKYGRGLAYIYADGKMVNEALVRQGLAKVAYVYKPNNTHEQHLRKSEAQAKKEKLNIWS,98,-7.110000000000001,-3.1029999999999998,-0.5469230769230771,-0.23869230769230768,13,-0.5022999999999999,-0.38939999999999997,-0.6894399999999998
1EY0A,R,105,C,Forward,7.0,20.0,-2.55,KLHKEPATLIKAIDGDTVKLMYKGQPMTFRLLLVDTPETKHPKKGVEKYGPEASAFTKKMVENAKKIEVEFDKGQRTDKYGRGLAYIYADGKMVNEALVRQGLAKVAYVYKPNNTHEQHLRKSEAQAKKEKLNIWS,99,-11.239999999999997,-1.7450000000000003,-1.1239999999999997,-0.17450000000000004,10,-0.21320000000000017,-0.6609999999999999,-0.2504000000000003
1EY0A,L,108,V,Forward,7.0,20.0,-3.81,KLHKEPATLIKAIDGDTVKLMYKGQPMTFRLLLVDTPETKHPKKGVEKYGPEASAFTKKMVENAKKIEVEFDKGQRTDKYGRGLAYIYADGKMVNEALVRQGLAKVAYVYKPNNTHEQHLRKSEAQAKKEKLNIWS,102,9.810000000000002,1.649,0.8918181818181821,0.1499090909090909,11,-1.6867,-1.3398,-1.6628800000000001
1EY0A,V,111,I,Forward,7.0,20.0,-0.74,KLHKEPATLIKAIDGDTVKLMYKGQPMTFRLLLVDTPETKHPKKGVEKYGPEASAFTKKMVENAKKIEVEFDKGQRTDKYGRGLAYIYADGKMVNEALVRQGLAKVAYVYKPNNTHEQHLRKSEAQAKKEKLNIWS,105,-3.900000000000001,-1.946,-0.7800000000000001,-0.3892,5,-0.7269999999999999,-0.6208,-0.85368
1EY0A,V,111,L,Forward,7.0,20.0,-0.88,KLHKEPATLIKAIDGDTVKLMYKGQPMTFRLLLVDTPETKHPKKGVEKYGPEASAFTKKMVENAKKIEVEFDKGQRTDKYGRGLAYIYADGKMVNEALVRQGLAKVAYVYKPNNTHEQHLRKSEAQAKKEKLNIWS,105,-5.5200000000000005,-2.8440000000000003,-1.104,-0.5688000000000001,5,-0.6135999999999999,-0.4411999999999999,-0.79592
1EY0A,V,114,I,Forward,7.0,20.0,-0.15,KLHKEPATLIKAIDGDTVKLMYKGQPMTFRLLLVDTPETKHPKKGVEKYGPEASAFTKKMVENAKKIEVEFDKGQRTDKYGRGLAYIYADGKMVNEALVRQGLAKVAYVYKPNNTHEQHLRKSEAQAKKEKLNIWS,108,0.0,0.0,0.0,0.0,0,-1.0,-1.01,-1.01
1EY0A,H,124,E,Forward,7.0,20.0,0.46,KLHKEPATLIKAIDGDTVKLMYKGQPMTFRLLLVDTPETKHPKKGVEKYGPEASAFTKKMVENAKKIEVEFDKGQRTDKYGRGLAYIYADGKMVNEALVRQGLAKVAYVYKPNNTHEQHLRKSEAQAKKEKLNIWS,118,2.6599999999999993,0.007000000000000006,0.6649999999999998,0.0017500000000000016,4,-1.1862,-1.0114,-1.22224
1EY0A,L,125,I,Forward,7.0,20.0,-0.96,KLHKEPATLIKAIDGDTVKLMYKGQPMTFRLLLVDTPETKHPKKGVEKYGPEASAFTKKMVENAKKIEVEFDKGQRTDKYGRGLAYIYADGKMVNEALVRQGLAKVAYVYKPNNTHEQHLRKSEAQAKKEKLNIWS,119,-5.0699999999999985,4.215999999999999,-0.7242857142857141,0.6022857142857142,7,-0.6451,-1.8532,-0.26712000000000014
1EY0A,L,137,V,Forward,7.0,20.0,-1.42,KLHKEPATLIKAIDGDTVKLMYKGQPMTFRLLLVDTPETKHPKKGVEKYGPEASAFTKKMVENAKKIEVEFDKGQRTDKYGRGLAYIYADGKMVNEALVRQGLAKVAYVYKPNNTHEQHLRKSEAQAKKEKLNIWS,131,2.440000000000001,0.641,0.6100000000000002,0.16025,4,-1.1708,-1.1382,-1.15392
1EY0A,I,139,L,Forward,7.0,20.0,-0.09,KLHKEPATLIKAIDGDTVKLMYKGQPMTFRLLLVDTPETKHPKKGVEKYGPEASAFTKKMVENAKKIEVEFDKGQRTDKYGRGLAYIYADGKMVNEALVRQGLAKVAYVYKPNNTHEQHLRKSEAQAKKEKLNIWS,133,-2.2700000000000014,-0.3920000000000002,-0.3783333333333336,-0.06533333333333337,6,-0.8411,-0.9316,-0.8597599999999999
1FNAA,I,34,V,Forward,5.0,25.0,-0.11,RDLEVVAATPTSLLISWDAPAVTVRYYRITYGETGGNSPVQEFTVPGSKSTATISGLKPGVDYTITVYAVTGRGDSPASSKPISINYRTEI,28,0.910000000000001,1.0,0.15166666666666684,0.16666666666666666,6,-1.0637,-1.21,-1.0028000000000001
1FNAA,V,50,A,Forward,5.0,25.0,-2.85,RDLEVVAATPTSLLISWDAPAVTVRYYRITYGETGGNSPVQEFTVPGSKSTATISGLKPGVDYTITVYAVTGRGDSPASSKPISINYRTEI,44,6.680000000000001,0.32600000000000007,1.1133333333333335,0.054333333333333345,6,-1.4676,-1.0752,-1.5183200000000001
1FTGA,L,6,A,Forward,7.0,34.6,-3.11,KKIGLFYGTQTGKTESVAEIIRDEFGNDVVTLHDVSQAEVTDLNDYQYLIIGCPTWNIGELQSDWEGLYSELDDVDFNGKLVAYFGTGDQIGYADNFQDAIGILEEKISQRGGKTVGYWSTDGYDFNDSKALRNGKFVGLALDEDNQSDLTDDRIKSWVAQLKSEFGL,4,4.390000000000001,0.18500000000000005,2.1950000000000003,0.09250000000000003,2,-1.3073000000000001,-1.047,-1.3464
1FTGA,D,65,K,Forward,7.0,34.6,-0.1,KKIGLFYGTQTGKTESVAEIIRDEFGNDVVTLHDVSQAEVTDLNDYQYLIIGCPTWNIGELQSDWEGLYSELDDVDFNGKLVAYFGTGDQIGYADNFQDAIGILEEKISQRGGKTVGYWSTDGYDFNDSKALRNGKFVGLALDEDNQSDLTDDRIKSWVAQLKSEFGL,63,1.3599999999999994,0.0239999999999998,0.1942857142857142,0.0034285714285713998,7,-1.0952,-1.0148,-1.11688
1FTGA,E,72,K,Forward,7.0,37.8,1.41,KKIGLFYGTQTGKTESVAEIIRDEFGNDVVTLHDVSQAEVTDLNDYQYLIIGCPTWNIGELQSDWEGLYSELDDVDFNGKLVAYFGTGDQIGYADNFQDAIGILEEKISQRGGKTVGYWSTDGYDFNDSKALRNGKFVGLALDEDNQSDLTDDRIKSWVAQLKSEFGL,70,0.0,0.0,0.0,0.0,0,-1.0,-1.01,-1.01
1FTGA,D,75,K,Forward,7.0,37.8,1.03,KKIGLFYGTQTGKTESVAEIIRDEFGNDVVTLHDVSQAEVTDLNDYQYLIIGCPTWNIGELQSDWEGLYSELDDVDFNGKLVAYFGTGDQIGYADNFQDAIGILEEKISQRGGKTVGYWSTDGYDFNDSKALRNGKFVGLALDEDNQSDLTDDRIKSWVAQLKSEFGL,73,0.0,0.0,0.0,0.0,0,-1.0,-1.01,-1.01
1FTGA,A,84,G,Forward,7.0,34.6,-1.9,KKIGLFYGTQTGKTESVAEIIRDEFGNDVVTLHDVSQAEVTDLNDYQYLIIGCPTWNIGELQSDWEGLYSELDDVDFNGKLVAYFGTGDQIGYADNFQDAIGILEEKISQRGGKTVGYWSTDGYDFNDSKALRNGKFVGLALDEDNQSDLTDDRIKSWVAQLKSEFGL,82,7.800000000000001,-0.534,0.45882352941176474,-0.031411764705882354,17,-1.5460000000000003,-0.9032,-1.67672
1FTGA,N,97,A,Forward,7.0,34.6,-0.58,KKIGLFYGTQTGKTESVAEIIRDEFGNDVVTLHDVSQAEVTDLNDYQYLIIGCPTWNIGELQSDWEGLYSELDDVDFNGKLVAYFGTGDQIGYADNFQDAIGILEEKISQRGGKTVGYWSTDGYDFNDSKALRNGKFVGLALDEDNQSDLTDDRIKSWVAQLKSEFGL,95,-4.67,-0.4650000000000002,-0.58375,-0.058125000000000024,8,-0.6731,-0.9169999999999999,-0.6736
1FTGA,Q,99,A,Forward,7.0,34.6,1.59,KKIGLFYGTQTGKTESVAEIIRDEFGNDVVTLHDVSQAEVTDLNDYQYLIIGCPTWNIGELQSDWEGLYSELDDVDFNGKLVAYFGTGDQIGYADNFQDAIGILEEKISQRGGKTVGYWSTDGYDFNDSKALRNGKFVGLALDEDNQSDLTDDRIKSWVAQLKSEFGL,97,-8.579999999999998,-0.20699999999999996,-0.6128571428571428,-0.014785714285714282,14,-0.3994000000000001,-0.9686,-0.34016000000000024
1FTGA,S,110,A,Forward,7.0,34.6,-0.73,KKIGLFYGTQTGKTESVAEIIRDEFGNDVVTLHDVSQAEVTDLNDYQYLIIGCPTWNIGELQSDWEGLYSELDDVDFNGKLVAYFGTGDQIGYADNFQDAIGILEEKISQRGGKTVGYWSTDGYDFNDSKALRNGKFVGLALDEDNQSDLTDDRIKSWVAQLKSEFGL,108,-2.04,-0.21499999999999986,-0.68,-0.07166666666666661,3,-0.8572,-0.9670000000000001,-0.864
1FTGA,D,126,K,Forward,7.0,37.8,0.81,KKIGLFYGTQTGKTESVAEIIRDEFGNDVVTLHDVSQAEVTDLNDYQYLIIGCPTWNIGELQSDWEGLYSELDDVDFNGKLVAYFGTGDQIGYADNFQDAIGILEEKISQRGGKTVGYWSTDGYDFNDSKALRNGKFVGLALDEDNQSDLTDDRIKSWVAQLKSEFGL,124,0.0,0.0,0.0,0.0,0,-1.0,-1.01,-1.01
1FTGA,I,156,V,Forward,7.0,34.6,-3.16,KKIGLFYGTQTGKTESVAEIIRDEFGNDVVTLHDVSQAEVTDLNDYQYLIIGCPTWNIGELQSDWEGLYSELDDVDFNGKLVAYFGTGDQIGYADNFQDAIGILEEKISQRGGKTVGYWSTDGYDFNDSKALRNGKFVGLALDEDNQSDLTDDRIKSWVAQLKSEFGL,154,2.1100000000000008,1.391,0.5275000000000002,0.34775,4,-1.1477000000000002,-1.2882,-1.06752
1FTGA,V,160,A,Forward,7.0,34.6,-2.07,KKIGLFYGTQTGKTESVAEIIRDEFGNDVVTLHDVSQAEVTDLNDYQYLIIGCPTWNIGELQSDWEGLYSELDDVDFNGKLVAYFGTGDQIGYADNFQDAIGILEEKISQRGGKTVGYWSTDGYDFNDSKALRNGKFVGLALDEDNQSDLTDDRIKSWVAQLKSEFGL,158,5.18,0.48099999999999987,1.295,0.12024999999999997,4,-1.3626,-1.1062,-1.38592
1G4IA,F,22,I,Forward,8.0,30.0,1.43,ALWQFNGMIKCKIPSSEPLLDFNNYGCYCGLGGSGTPVDDLDRCCQTHDNCYKQAKKLDSCKVLVDNPYTNNYSYSCSNNEITCSSENNACEAFICNCDRNAAICFSKVPYNKEHKNLDKKNC,21,2.2699999999999996,-0.03400000000000003,0.37833333333333324,-0.005666666666666671,6,-1.1589,-1.0032,-1.19432
1G4IA,F,22,Y,Forward,8.0,30.0,0.83,ALWQFNGMIKCKIPSSEPLLDFNNYGCYCGLGGSGTPVDDLDRCCQTHDNCYKQAKKLDSCKVLVDNPYTNNYSYSCSNNEITCSSENNACEAFICNCDRNAAICFSKVPYNKEHKNLDKKNC,21,7.4799999999999995,0.6439999999999999,1.2466666666666666,0.10733333333333332,6,-1.5236,-1.1388,-1.55688
1G4IA,H,48,A,Forward,8.0,30.0,-1.93,ALWQFNGMIKCKIPSSEPLLDFNNYGCYCGLGGSGTPVDDLDRCCQTHDNCYKQAKKLDSCKVLVDNPYTNNYSYSCSNNEITCSSENNACEAFICNCDRNAAICFSKVPYNKEHKNLDKKNC,47,1.1700000000000008,0.039000000000000035,0.1300000000000001,0.0043333333333333375,9,-1.0819,-1.0178,-1.1004800000000001
1G4IA,H,48,Q,Forward,8.0,30.0,-0.49,ALWQFNGMIKCKIPSSEPLLDFNNYGCYCGLGGSGTPVDDLDRCCQTHDNCYKQAKKLDSCKVLVDNPYTNNYSYSCSNNEITCSSENNACEAFICNCDRNAAICFSKVPYNKEHKNLDKKNC,47,4.970000000000001,0.2899999999999999,0.5522222222222223,0.032222222222222215,9,-1.3479,-1.068,-1.3844
1G4IA,F,106,A,Forward,8.0,25.0,-1.23,ALWQFNGMIKCKIPSSEPLLDFNNYGCYCGLGGSGTPVDDLDRCCQTHDNCYKQAKKLDSCKVLVDNPYTNNYSYSCSNNEITCSSENNACEAFICNCDRNAAICFSKVPYNKEHKNLDKKNC,105,19.0,4.9639999999999995,1.9,0.49639999999999995,10,-2.33,-2.0027999999999997,-2.13288
1H7MA,D,2,A,Forward,7.4,25.0,-0.53,GSVDFAFELRKAQDTGKIVMGARKSIQYAKMGGAKLIIVARNARPDIKEDIEYYARLSGIPVYEFEGTSVELGTLLGRPHTVSALAVVDPGESRILALG,2,0.0,0.0,0.0,0.0,0,-1.0,-1.01,-1.01
1H7MA,K,9,A,Forward,7.4,25.0,-0.29,GSVDFAFELRKAQDTGKIVMGARKSIQYAKMGGAKLIIVARNARPDIKEDIEYYARLSGIPVYEFEGTSVELGTLLGRPHTVSALAVVDPGESRILALG,9,-10.44,-1.09,-0.9490909090909091,-0.0990909090909091,11,-0.2692,-0.792,-0.262
1H7MA,K,33,A,Forward,7.4,25.0,0.12,GSVDFAFELRKAQDTGKIVMGARKSIQYAKMGGAKLIIVARNARPDIKEDIEYYARLSGIPVYEFEGTSVELGTLLGRPHTVSALAVVDPGESRILALG,33,-12.08,-2.056,-1.208,-0.2056,10,-0.15439999999999987,-0.5988,-0.20807999999999993
1H7MA,K,46,A,Forward,7.4,25.0,-1.1,GSVDFAFELRKAQDTGKIVMGARKSIQYAKMGGAKLIIVARNARPDIKEDIEYYARLSGIPVYEFEGTSVELGTLLGRPHTVSALAVVDPGESRILALG,46,-9.67,-0.16300000000000014,-1.3814285714285715,-0.023285714285714305,7,-0.32309999999999994,-0.9773999999999999,-0.24944
1H7MA,E,47,A,Forward,7.4,25.0,-0.05,GSVDFAFELRKAQDTGKIVMGARKSIQYAKMGGAKLIIVARNARPDIKEDIEYYARLSGIPVYEFEGTSVELGTLLGRPHTVSALAVVDPGESRILALG,47,-0.8999999999999997,-0.019000000000000017,-0.2999999999999999,-0.006333333333333339,3,-0.937,-1.0062,-0.93952
1H7MA,R,54,A,Forward,7.4,25.0,-0.26,GSVDFAFELRKAQDTGKIVMGARKSIQYAKMGGAKLIIVARNARPDIKEDIEYYARLSGIPVYEFEGTSVELGTLLGRPHTVSALAVVDPGESRILALG,54,-1.8400000000000003,0.0019999999999998908,-0.9200000000000002,0.0009999999999999454,2,-0.8712,-1.0104,-0.86264
1H7MA,E,64,A,Forward,7.4,25.0,-0.26,GSVDFAFELRKAQDTGKIVMGARKSIQYAKMGGAKLIIVARNARPDIKEDIEYYARLSGIPVYEFEGTSVELGTLLGRPHTVSALAVVDPGESRILALG,64,-2.4700000000000006,-0.20600000000000018,-0.6175000000000002,-0.051500000000000046,4,-0.8271,-0.9688,-0.82888
1H7MA,D,87,A,Forward,7.4,25.0,-1.36,GSVDFAFELRKAQDTGKIVMGARKSIQYAKMGGAKLIIVARNARPDIKEDIEYYARLSGIPVYEFEGTSVELGTLLGRPHTVSALAVVDPGESRILALG,87,-5.890000000000001,-0.34399999999999964,-0.6544444444444445,-0.038222222222222185,9,-0.5876999999999999,-0.9412,-0.5663199999999999
1HFZA,H,32,Y,Forward,7.4,56.2,0.07,MEQLTKCEVFRELKDLKGYGGVSLPEWVCTTFHTSGYDTQAIVQNNDSTEYGLFQINNKIWCKDDQNPHSSNICNISCDKFLDDDLTDDIVCVKKILDKVGINYWLAHKALCSEKLDQWLCEK,32,-6.809999999999999,-0.29000000000000037,-0.7566666666666665,-0.03222222222222226,9,-0.5233000000000001,-0.952,-0.48840000000000006
1HFZA,I,59,W,Forward,7.4,56.2,-0.93,MEQLTKCEVFRELKDLKGYGGVSLPEWVCTTFHTSGYDTQAIVQNNDSTEYGLFQINNKIWCKDDQNPHSSNICNISCDKFLDDDLTDDIVCVKKILDKVGINYWLAHKALCSEKLDQWLCEK,59,1.979999999999999,0.545,0.4949999999999998,0.13625,4,-1.1385999999999998,-1.119,-1.1248
1HFZA,H,107,W,Forward,7.4,56.2,-1.72,MEQLTKCEVFRELKDLKGYGGVSLPEWVCTTFHTSGYDTQAIVQNNDSTEYGLFQINNKIWCKDDQNPHSSNICNISCDKFLDDDLTDDIVCVKKILDKVGINYWLAHKALCSEKLDQWLCEK,107,-10.450000000000003,-1.251,-1.0450000000000004,-0.1251,10,-0.26849999999999974,-0.7598,-0.27407999999999977
1HFZA,H,107,Y,Forward,7.4,56.2,-0.19,MEQLTKCEVFRELKDLKGYGGVSLPEWVCTTFHTSGYDTQAIVQNNDSTEYGLFQINNKIWCKDDQNPHSSNICNISCDKFLDDDLTDDIVCVKKILDKVGINYWLAHKALCSEKLDQWLCEK,107,-5.99,-0.28399999999999964,-0.6655555555555556,-0.03155555555555552,9,-0.5807,-0.9532,-0.55352
1HFZA,L,110,E,Forward,7.4,56.2,-0.19,MEQLTKCEVFRELKDLKGYGGVSLPEWVCTTFHTSGYDTQAIVQNNDSTEYGLFQINNKIWCKDDQNPHSSNICNISCDKFLDDDLTDDIVCVKKILDKVGINYWLAHKALCSEKLDQWLCEK,110,8.55,0.9169999999999996,2.1375,0.2292499999999999,4,-1.5985,-1.1934,-1.62064
1HFZA,K,114,E,Forward,7.4,56.2,-0.65,MEQLTKCEVFRELKDLKGYGGVSLPEWVCTTFHTSGYDTQAIVQNNDSTEYGLFQINNKIWCKDDQNPHSSNICNISCDKFLDDDLTDDIVCVKKILDKVGINYWLAHKALCSEKLDQWLCEK,114,-1.0500000000000003,-0.0020000000000000018,-0.3500000000000001,-0.0006666666666666673,3,-0.9265,-1.0096,-0.92616
1HMEA,G,35,H,Forward,7.0,20.0,-0.33,FKDPNAPKRPPSAFFLFCSEYRPKIKGEHPGLSIGDVAKKLGEMWNNTAADDKQPYEKKAAKLKEKYEKDIAAYRAK,34,-0.40000000000000036,-0.0010000000000000009,-0.20000000000000018,-0.0005000000000000004,2,-0.972,-1.0098,-0.97808
1HMKA,V,8,A,Forward,7.0,25.0,-0.83,MEQLTKCEVFQKLKDLKDYGGVSLPEWVCTAFHTSGYDTQAIVQNNDSTEYGLFQINNKIWCKDDQNPHSRNICNISCDKFLDDDLTDDIVCAKKILDKVGINYWLAHKALCSEKLDQWLC,8,6.470000000000001,0.29399999999999993,1.294,0.058799999999999984,5,-1.4529,-1.0688,-1.50408
1HMKA,L,12,A,Forward,7.0,25.0,-2.73,MEQLTKCEVFQKLKDLKDYGGVSLPEWVCTAFHTSGYDTQAIVQNNDSTEYGLFQINNKIWCKDDQNPHSRNICNISCDKFLDDDLTDDIVCAKKILDKVGINYWLAHKALCSEKLDQWLC,12,9.02,1.78,2.255,0.445,4,-1.6314000000000002,-1.366,-1.5892
1HMKA,V,27,A,Forward,7.0,25.0,-1.24,MEQLTKCEVFQKLKDLKDYGGVSLPEWVCTAFHTSGYDTQAIVQNNDSTEYGLFQINNKIWCKDDQNPHSRNICNISCDKFLDDDLTDDIVCAKKILDKVGINYWLAHKALCSEKLDQWLC,27,8.060000000000002,0.47600000000000003,0.8955555555555558,0.052888888888888895,9,-1.5642000000000003,-1.1052,-1.6167200000000002
1HMKA,T,29,V,Forward,7.0,25.0,2.26,MEQLTKCEVFQKLKDLKDYGGVSLPEWVCTAFHTSGYDTQAIVQNNDSTEYGLFQINNKIWCKDDQNPHSRNICNISCDKFLDDDLTDDIVCAKKILDKVGINYWLAHKALCSEKLDQWLC,29,-22.08,-5.04,-1.6984615384615382,-0.38769230769230767,13,0.5456000000000001,-0.0020000000000000018,0.35319999999999996
1HMKA,I,55,V,Forward,7.0,25.0,-2.72,MEQLTKCEVFQKLKDLKDYGGVSLPEWVCTAFHTSGYDTQAIVQNNDSTEYGLFQINNKIWCKDDQNPHSRNICNISCDKFLDDDLTDDIVCAKKILDKVGINYWLAHKALCSEKLDQWLC,55,5.6000000000000005,0.3639999999999997,0.56,0.036399999999999974,10,-1.3920000000000001,-1.0828,-1.4288800000000001
1HMKA,W,60,A,Forward,7.0,25.0,-2.01,MEQLTKCEVFQKLKDLKDYGGVSLPEWVCTAFHTSGYDTQAIVQNNDSTEYGLFQINNKIWCKDDQNPHSRNICNISCDKFLDDDLTDDIVCAKKILDKVGINYWLAHKALCSEKLDQWLC,60,4.4300000000000015,0.06099999999999972,0.8860000000000003,0.012199999999999944,5,-1.3101000000000003,-1.0222,-1.35952
1HMKA,I,89,V,Forward,7.0,25.0,-0.86,MEQLTKCEVFQKLKDLKDYGGVSLPEWVCTAFHTSGYDTQAIVQNNDSTEYGLFQINNKIWCKDDQNPHSRNICNISCDKFLDDDLTDDIVCAKKILDKVGINYWLAHKALCSEKLDQWLC,89,5.0699999999999985,0.28100000000000025,0.5633333333333331,0.03122222222222225,9,-1.3549,-1.0662,-1.39312
1HMKA,I,95,V,Forward,7.0,25.0,-1.72,MEQLTKCEVFQKLKDLKDYGGVSLPEWVCTAFHTSGYDTQAIVQNNDSTEYGLFQINNKIWCKDDQNPHSRNICNISCDKFLDDDLTDDIVCAKKILDKVGINYWLAHKALCSEKLDQWLC,95,3.8600000000000003,0.9039999999999997,0.5514285714285715,0.1291428571428571,7,-1.2702,-1.1907999999999999,-1.24648
1HMKA,L,96,A,Forward,7.0,25.0,-1.75,MEQLTKCEVFQKLKDLKDYGGVSLPEWVCTAFHTSGYDTQAIVQNNDSTEYGLFQINNKIWCKDDQNPHSRNICNISCDKFLDDDLTDDIVCAKKILDKVGINYWLAHKALCSEKLDQWLC,96,12.45,1.0420000000000003,2.0749999999999997,0.17366666666666672,6,-1.8715000000000002,-1.2184000000000001,-1.92264
1HMKA,Y,103,F,Forward,7.0,25.0,-2.13,MEQLTKCEVFQKLKDLKDYGGVSLPEWVCTAFHTSGYDTQAIVQNNDSTEYGLFQINNKIWCKDDQNPHSRNICNISCDKFLDDDLTDDIVCAKKILDKVGINYWLAHKALCSEKLDQWLC,103,-0.8099999999999992,-0.07100000000000001,-0.4049999999999996,-0.035500000000000004,2,-0.9433,-0.9958,-0.9508800000000001
1HMKA,L,110,A,Forward,7.0,25.0,-0.35,MEQLTKCEVFQKLKDLKDYGGVSLPEWVCTAFHTSGYDTQAIVQNNDSTEYGLFQINNKIWCKDDQNPHSRNICNISCDKFLDDDLTDDIVCAKKILDKVGINYWLAHKALCSEKLDQWLC,110,7.5,1.1180000000000003,1.5,0.22360000000000008,5,-1.525,-1.2336,-1.5205600000000001
1HMSA,F,4,S,Forward,8.0,37.0,-3.67,VDAFLGTWKLVDSKNFDDYMKSLGVGFATRQVASMTKPTTIIEKNGDILTLKTHSTFKNTEISFKLGVEFDETTADDRKVKSIVTLDGGKLVHLQKWDGQETTLVRELIDGKLILTLTHGTAVCTRTYEKE,3,16.770000000000003,7.422000000000001,2.3957142857142864,1.0602857142857143,7,-2.1739000000000006,-2.4944,-1.7578400000000003
1HMSA,F,16,S,Forward,8.0,37.0,-3.98,VDAFLGTWKLVDSKNFDDYMKSLGVGFATRQVASMTKPTTIIEKNGDILTLKTHSTFKNTEISFKLGVEFDETTADDRKVKSIVTLDGGKLVHLQKWDGQETTLVRELIDGKLILTLTHGTAVCTRTYEKE,15,27.499999999999996,7.8790000000000004,2.7499999999999996,0.7879,10,-2.925,-2.5858,-2.5796799999999998
1HMSA,T,40,E,Forward,8.0,25.0,-2.4,VDAFLGTWKLVDSKNFDDYMKSLGVGFATRQVASMTKPTTIIEKNGDILTLKTHSTFKNTEISFKLGVEFDETTADDRKVKSIVTLDGGKLVHLQKWDGQETTLVRELIDGKLILTLTHGTAVCTRTYEKE,39,3.9799999999999995,0.887,0.3316666666666666,0.07391666666666667,12,-1.2786,-1.1874,-1.25744
1HMSA,F,57,S,Forward,8.0,25.0,-2.43,VDAFLGTWKLVDSKNFDDYMKSLGVGFATRQVASMTKPTTIIEKNGDILTLKTHSTFKNTEISFKLGVEFDETTADDRKVKSIVTLDGGKLVHLQKWDGQETTLVRELIDGKLILTLTHGTAVCTRTYEKE,56,8.36,2.4619999999999997,2.7866666666666666,0.8206666666666665,3,-1.5852,-1.5024,-1.48184
1HMSA,L,66,G,Forward,8.0,37.0,-3.67,VDAFLGTWKLVDSKNFDDYMKSLGVGFATRQVASMTKPTTIIEKNGDILTLKTHSTFKNTEISFKLGVEFDETTADDRKVKSIVTLDGGKLVHLQKWDGQETTLVRELIDGKLILTLTHGTAVCTRTYEKE,65,16.01,4.607,2.6683333333333334,0.7678333333333334,6,-2.1207000000000003,-1.9314,-1.9222400000000002
1HMSA,R,106,T,Forward,8.0,25.0,-2.84,VDAFLGTWKLVDSKNFDDYMKSLGVGFATRQVASMTKPTTIIEKNGDILTLKTHSTFKNTEISFKLGVEFDETTADDRKVKSIVTLDGGKLVHLQKWDGQETTLVRELIDGKLILTLTHGTAVCTRTYEKE,105,-1.98,-0.019000000000000017,-0.396,-0.0038000000000000035,5,-0.8613999999999999,-1.0062,-0.85312
1IETA,D,60,R,Forward,7.2,25.0,0.14,DKDVKYYTLEEIQKHKDSKSTWVILHHKVYDLTKFLEEHPGGEEVLREQAGGDATENFEDVGHSTDARELSKTYIIGELHPDDRSKIAKPSETL,59,-3.1,-0.01700000000000032,-0.5166666666666667,-0.002833333333333387,6,-0.7829999999999999,-1.0066,-0.76336
1IFCA,W,6,Y,Forward,7.0,25.0,-0.87,AFDGTWKVDRNENYEKFMEKMGINVVKRKLGAHDNLKLTITQEGNKFTVKESSNFRNIDVVFELGVDFAYSLADGTELTGTWTMEGNKLVGKFKRVDNGKELIAVREISGNELIQTYTYEGVEAKRIFKKE,5,3.32,2.1229999999999998,0.3018181818181818,0.19299999999999998,11,-1.2324,-1.4346,-1.10576
1IFCA,V,60,C,Forward,8.1,20.0,-0.07,AFDGTWKVDRNENYEKFMEKMGINVVKRKLGAHDNLKLTITQEGNKFTVKESSNFRNIDVVFELGVDFAYSLADGTELTGTWTMEGNKLVGKFKRVDNGKELIAVREISGNELIQTYTYEGVEAKRIFKKE,59,0.45999999999999996,0.493,0.45999999999999996,0.493,1,-1.0322,-1.1086,-1.00736
1IFCA,V,60,N,Forward,7.0,25.0,-0.83,AFDGTWKVDRNENYEKFMEKMGINVVKRKLGAHDNLKLTITQEGNKFTVKESSNFRNIDVVFELGVDFAYSLADGTELTGTWTMEGNKLVGKFKRVDNGKELIAVREISGNELIQTYTYEGVEAKRIFKKE,59,1.8600000000000003,0.5559999999999999,1.8600000000000003,0.5559999999999999,1,-1.1302,-1.1212,-1.11432
1IFCA,L,64,G,Forward,7.4,20.0,-2.26,AFDGTWKVDRNENYEKFMEKMGINVVKRKLGAHDNLKLTITQEGNKFTVKESSNFRNIDVVFELGVDFAYSLADGTELTGTWTMEGNKLVGKFKRVDNGKELIAVREISGNELIQTYTYEGVEAKRIFKKE,63,18.64,1.354,2.33,0.16925,8,-2.3048,-1.2808000000000002,-2.39288
1IFCA,G,65,A,Forward,7.4,20.0,-0.94,AFDGTWKVDRNENYEKFMEKMGINVVKRKLGAHDNLKLTITQEGNKFTVKESSNFRNIDVVFELGVDFAYSLADGTELTGTWTMEGNKLVGKFKRVDNGKELIAVREISGNELIQTYTYEGVEAKRIFKKE,64,-2.679999999999999,-0.03399999999999992,-0.29777777777777764,-0.003777777777777769,9,-0.8124,-1.0032,-0.7983200000000001
1IFCA,F,68,A,Forward,7.0,25.0,-0.42,AFDGTWKVDRNENYEKFMEKMGINVVKRKLGAHDNLKLTITQEGNKFTVKESSNFRNIDVVFELGVDFAYSLADGTELTGTWTMEGNKLVGKFKRVDNGKELIAVREISGNELIQTYTYEGVEAKRIFKKE,67,21.750000000000004,3.2030000000000003,2.1750000000000003,0.32030000000000003,10,-2.5225000000000004,-1.6506,-2.4937600000000004
1IFCA,F,93,A,Forward,7.0,25.0,-2.37,AFDGTWKVDRNENYEKFMEKMGINVVKRKLGAHDNLKLTITQEGNKFTVKESSNFRNIDVVFELGVDFAYSLADGTELTGTWTMEGNKLVGKFKRVDNGKELIAVREISGNELIQTYTYEGVEAKRIFKKE,92,12.09,5.834,1.727142857142857,0.8334285714285714,7,-1.8463,-2.1768,-1.51048
1IGVA,Y,13,F,Forward,7.1,25.0,-1.08,KSPEELKGIFEKYAAKEGDPNQLSKEELKLLLQTEFPSLLKGPSTLDELFEELDKNGDGEVSFEEFQVLVKKISQ,12,0.48,-0.19899999999999995,0.16,-0.06633333333333331,3,-1.0336,-0.9702000000000001,-1.06432
1IGVA,F,66,W,Forward,7.0,25.0,-0.93,KSPEELKGIFEKYAAKEGDPNQLSKEELKLLLQTEFPSLLKGPSTLDELFEELDKNGDGEVSFEEFQVLVKKISQ,65,5.82,0.7969999999999998,1.1640000000000001,0.15939999999999996,5,-1.4074,-1.1694,-1.41184
1IGVA,V,70,L,Forward,7.0,25.0,-0.13,KSPEELKGIFEKYAAKEGDPNQLSKEELKLLLQTEFPSLLKGPSTLDELFEELDKNGDGEVSFEEFQVLVKKISQ,69,-1.7599999999999998,-0.3589999999999999,-0.8799999999999999,-0.17949999999999994,2,-0.8768,-0.9382,-0.89792
1IHBA,F,37,H,Forward,7.5,25.0,-0.66,WGNELASAAARGDLEQLTSLLQNNVNVNAQNGFGRTALQVMKLGNPEIARRLLLRGANPDLKDRTGFAVIHDAARAGFLDTLQTLLEFQADVNIEDNEGNLPLHLAAKEGHLRVVEFLVKHTASNVGHRNHKGDTACDLARLYGRNEVVSLMQANG,32,0.0,0.0,0.0,0.0,0,-1.0,-1.01,-1.01
1IHBA,F,82,Q,Forward,7.5,25.0,-0.37,WGNELASAAARGDLEQLTSLLQNNVNVNAQNGFGRTALQVMKLGNPEIARRLLLRGANPDLKDRTGFAVIHDAARAGFLDTLQTLLEFQADVNIEDNEGNLPLHLAAKEGHLRVVEFLVKHTASNVGHRNHKGDTACDLARLYGRNEVVSLMQANG,77,7.67,1.1679999999999997,3.835,0.5839999999999999,2,-1.5369000000000002,-1.2436,-1.53016
1IMQA,V,19,L,Forward,6.0,10.0,-1.82,MELKHSISDYTEAEFLQLVTTICNADTSSEEELVKLVTHFEEMTEHPSGSDLIYYPKEGDDDSPSGIVNTVKQWRAANGKSGFKQG,18,-1.8300000000000018,-3.112,-0.3050000000000003,-0.5186666666666667,6,-0.8718999999999999,-0.38759999999999994,-1.1125599999999998
1IMQA,E,31,L,Forward,6.0,10.0,-0.67,MELKHSISDYTEAEFLQLVTTICNADTSSEEELVKLVTHFEEMTEHPSGSDLIYYPKEGDDDSPSGIVNTVKQWRAANGKSGFKQG,30,0.0,0.0,0.0,0.0,0,-1.0,-1.01,-1.01
1IMQA,E,41,V,Forward,6.0,10.0,0.89,MELKHSISDYTEAEFLQLVTTICNADTSSEEELVKLVTHFEEMTEHPSGSDLIYYPKEGDDDSPSGIVNTVKQWRAANGKSGFKQG,40,-19.05,2.0389999999999993,-1.905,0.20389999999999991,10,0.33350000000000013,-1.4178,0.6771199999999999
1IROA,V,24,I,Forward,9.1,107.0,0.36,MKKYTCTVCGYIYNPEDGDPDNGVNPGTDFKDIPDDWVCPLCGVGKDQFEEVE,23,-5.41,-0.09600000000000009,-0.541,-0.009600000000000008,10,-0.6213,-0.9908,-0.5848800000000001
1IROA,I,33,L,Forward,9.1,107.0,0.76,MKKYTCTVCGYIYNPEDGDPDNGVNPGTDFKDIPDDWVCPLCGVGKDQFEEVE,32,-1.69,-0.6739999999999999,-0.33799999999999997,-0.13479999999999998,5,-0.8817,-0.8752,-0.92872
1JIWI,D,10,A,Forward,7.1,25.0,-0.7,SSLILLSASDLAGQWTLQQDEAPAICHLELRDSEVAEASGYDLGGDTACLTRWLPSEPRAWRPTPAGIALLERGGLTLMLLGRQGEGDYRVQKGDGGQLVLRRAT,9,-0.49,0.0,-0.49,0.0,1,-0.9657,-1.01,-0.9708
1JIWI,W,15,F,Forward,7.1,25.0,-2.3,SSLILLSASDLAGQWTLQQDEAPAICHLELRDSEVAEASGYDLGGDTACLTRWLPSEPRAWRPTPAGIALLERGGLTLMLLGRQGEGDYRVQKGDGGQLVLRRAT,14,-3.3100000000000005,-1.0510000000000004,-0.4728571428571429,-0.1501428571428572,7,-0.7683,-0.7998,-0.82928
1K9QA,L,30,Y,Forward,7.0,56.7,0.27,FEIPDDVPLPAGWEMAKTSSGQRYFLNHIDQTTTWQDPRK,25,13.66,2.011,1.241818181818182,0.18281818181818182,11,-1.9562,-1.4122000000000001,-1.94192
1KFWA,N,197,K,Forward,7.5,16.0,0.81,PLTSTVNGYRNVGYFAQWGVYGRAFQAKQLDVSGTAKNLTHINYSFGNINNQTLTCFMANKAQGTGPNGSDGAGDAWADFGMGYAADKSVSGKADTWDQPLAGSFNQLKQLKAKNPKLKVMISLGGWTWSKNFSKAAATEASRQKLVSSCIDLYIKGNLPNFEGRGGAGAAAGIFDGIDIDWEWPGTNSGLAGNGVDTVNDRANFKALLAEFRKQLDAYGSTNNKKYVLSAFLPANPADIDAGGWDDPANFKSLDFGSIQGYDLHGAWNPTLTGHQANLYDDPADPRAPSKKFSADKAVKKYLAAGIDPKQLGLGLAAYGRGWTGAKNVSPWGPATDGAPGTYETANEDYDKLKTLGTDHYDAATGSAWRYDGTQWWSYDNIATTKQKTDYIVSKGLGGGMWWELSGDRNGELVGAMSDKFRAAAPGPVTEAAPP,187,0.0,0.0,0.0,0.0,0,-1.0,-1.01,-1.01
1KFWA,G,405,Q,Forward,7.5,16.0,0.62,PLTSTVNGYRNVGYFAQWGVYGRAFQAKQLDVSGTAKNLTHINYSFGNINNQTLTCFMANKAQGTGPNGSDGAGDAWADFGMGYAADKSVSGKADTWDQPLAGSFNQLKQLKAKNPKLKVMISLGGWTWSKNFSKAAATEASRQKLVSSCIDLYIKGNLPNFEGRGGAGAAAGIFDGIDIDWEWPGTNSGLAGNGVDTVNDRANFKALLAEFRKQLDAYGSTNNKKYVLSAFLPANPADIDAGGWDDPANFKSLDFGSIQGYDLHGAWNPTLTGHQANLYDDPADPRAPSKKFSADKAVKKYLAAGIDPKQLGLGLAAYGRGWTGAKNVSPWGPATDGAPGTYETANEDYDKLKTLGTDHYDAATGSAWRYDGTQWWSYDNIATTKQKTDYIVSKGLGGGMWWELSGDRNGELVGAMSDKFRAAAPGPVTEAAPP,395,0.7200000000000004,-0.07599999999999985,0.1800000000000001,-0.01899999999999996,4,-1.0504,-0.9948,-1.07368
1LNIA,T,16,V,Forward,7.0,48.4,0.3,DVSGTVCLSALPPEATDTLNLIASDGPFPYSQDGVVFQNRESVLPTQSYGYYHEYTVITPGARTRGTRRIITGEATQEDYYTGDHYATFSLIDQTC,15,-9.000000000000002,-2.064,-1.285714285714286,-0.2948571428571429,7,-0.3699999999999998,-0.5972,-0.45511999999999986
1LNIA,Y,30,F,Forward,7.0,25.0,0.4,DVSGTVCLSALPPEATDTLNLIASDGPFPYSQDGVVFQNRESVLPTQSYGYYHEYTVITPGARTRGTRRIITGEATQEDYYTGDHYATFSLIDQTC,29,-4.600000000000001,-0.477,-1.1500000000000004,-0.11925,4,-0.6779999999999999,-0.9146,-0.6801599999999999
1LNIA,V,43,T,Forward,7.0,48.4,-0.5,DVSGTVCLSALPPEATDTLNLIASDGPFPYSQDGVVFQNRESVLPTQSYGYYHEYTVITPGARTRGTRRIITGEATQEDYYTGDHYATFSLIDQTC,42,10.369999999999997,1.3859999999999997,1.481428571428571,0.19799999999999995,7,-1.7258999999999998,-1.2872,-1.72872
1LNIA,Y,55,F,Forward,7.0,25.0,-0.6,DVSGTVCLSALPPEATDTLNLIASDGPFPYSQDGVVFQNRESVLPTQSYGYYHEYTVITPGARTRGTRRIITGEATQEDYYTGDHYATFSLIDQTC,54,-18.29,-11.867000000000003,-1.3064285714285713,-0.8476428571428574,14,0.2803,1.3634000000000006,-0.49616000000000027
1LNIA,T,56,V,Forward,7.0,48.4,-1.9,DVSGTVCLSALPPEATDTLNLIASDGPFPYSQDGVVFQNRESVLPTQSYGYYHEYTVITPGARTRGTRRIITGEATQEDYYTGDHYATFSLIDQTC,55,-16.96,-10.803,-1.4133333333333333,-0.9002500000000001,12,0.18720000000000026,1.1506,-0.51744
1LNIA,D,79,F,Forward,6.8,49.1,2.73,DVSGTVCLSALPPEATDTLNLIASDGPFPYSQDGVVFQNRESVLPTQSYGYYHEYTVITPGARTRGTRRIITGEATQEDYYTGDHYATFSLIDQTC,78,-6.15,-2.029,-3.075,-1.0145,2,-0.5694999999999999,-0.6042000000000001,-0.68032
1LNIA,D,79,I,Forward,7.0,52.6,2.85,DVSGTVCLSALPPEATDTLNLIASDGPFPYSQDGVVFQNRESVLPTQSYGYYHEYTVITPGARTRGTRRIITGEATQEDYYTGDHYATFSLIDQTC,78,-8.969999999999999,-2.769,-2.9899999999999998,-0.923,3,-0.3721,-0.45619999999999994,-0.5139200000000002
1LNIA,D,79,K,Forward,7.0,52.6,2.35,DVSGTVCLSALPPEATDTLNLIASDGPFPYSQDGVVFQNRESVLPTQSYGYYHEYTVITPGARTRGTRRIITGEATQEDYYTGDHYATFSLIDQTC,78,1.19,0.47000000000000053,0.10818181818181817,0.04272727272727277,11,-1.0833,-1.104,-1.0675999999999999
1LNIA,D,79,L,Forward,7.0,52.6,2.65,DVSGTVCLSALPPEATDTLNLIASDGPFPYSQDGVVFQNRESVLPTQSYGYYHEYTVITPGARTRGTRRIITGEATQEDYYTGDHYATFSLIDQTC,78,-6.16,-2.1029999999999998,-3.08,-1.0514999999999999,2,-0.5688,-0.5894,-0.68544
1LNIA,D,79,N,Forward,6.8,49.1,1.46,DVSGTVCLSALPPEATDTLNLIASDGPFPYSQDGVVFQNRESVLPTQSYGYYHEYTVITPGARTRGTRRIITGEATQEDYYTGDHYATFSLIDQTC,78,-2.1700000000000013,-0.0519999999999996,-0.19727272727272738,-0.004727272727272691,11,-0.8480999999999999,-0.9996,-0.8405599999999999
1LNIA,D,79,Y,Forward,7.0,52.6,2.9,DVSGTVCLSALPPEATDTLNLIASDGPFPYSQDGVVFQNRESVLPTQSYGYYHEYTVITPGARTRGTRRIITGEATQEDYYTGDHYATFSLIDQTC,78,-19.54,-1.8159999999999998,-1.7763636363636364,-0.16509090909090907,11,0.3678000000000001,-0.6468,0.40792000000000006
1LNIA,Y,80,F,Forward,7.0,25.0,-1.5,DVSGTVCLSALPPEATDTLNLIASDGPFPYSQDGVVFQNRESVLPTQSYGYYHEYTVITPGARTRGTRRIITGEATQEDYYTGDHYATFSLIDQTC,79,-6.960000000000001,-2.8989999999999996,-1.3920000000000001,-0.5797999999999999,5,-0.5127999999999999,-0.4302,-0.6851199999999998
1LNIA,H,85,Q,Forward,6.3,51.9,0.0,DVSGTVCLSALPPEATDTLNLIASDGPFPYSQDGVVFQNRESVLPTQSYGYYHEYTVITPGARTRGTRRIITGEATQEDYYTGDHYATFSLIDQTC,84,1.7300000000000002,0.15900000000000025,0.43250000000000005,0.03975000000000006,4,-1.1211,-1.0418,-1.13568
1LNIA,Q,94,K,Forward,6.8,47.5,0.56,DVSGTVCLSALPPEATDTLNLIASDGPFPYSQDGVVFQNRESVLPTQSYGYYHEYTVITPGARTRGTRRIITGEATQEDYYTGDHYATFSLIDQTC,93,0.8399999999999999,0.0050000000000001155,0.41999999999999993,0.0025000000000000577,2,-1.0588,-1.0110000000000001,-1.0768
1LZ1A,G,48,A,Forward,2.7,64.9,0.45,KVFERCELARTLKRLGMDGYRGISLANWMCLAKWESGYNTRATNYNAGDRSTDYGIFQINSRYWCNDGKTPGAVNACHLSCSALLQDNIADAVACAKRVVRDPQGIRAWVAWRNRCQNRDVRQYVQGCGV,47,-0.5399999999999998,-0.0030000000000000027,-0.2699999999999999,-0.0015000000000000013,2,-0.9622,-1.0094,-0.96704
1LZ1A,G,105,A,Forward,2.7,64.9,-0.62,KVFERCELARTLKRLGMDGYRGISLANWMCLAKWESGYNTRATNYNAGDRSTDYGIFQINSRYWCNDGKTPGAVNACHLSCSALLQDNIADAVACAKRVVRDPQGIRAWVAWRNRCQNRDVRQYVQGCGV,104,-2.450000000000001,-0.371,-0.4083333333333335,-0.06183333333333333,6,-0.8284999999999999,-0.9358,-0.84368
1MGRA,Y,54,F,Forward,7.0,25.0,-2.6,VKAVGRVCYSALPSQAHDTLDLIDEGGPFPYSQDGVVFQNREGLLPAHSTGYYHEYTVITPGSPTRGARRIITGQQWQEDYYTADHYASFRRVDFAC,51,-10.299999999999997,-3.0270000000000006,-1.2874999999999996,-0.3783750000000001,8,-0.27900000000000014,-0.40459999999999985,-0.4281600000000003
1MGRA,Y,84,F,Forward,7.0,25.0,-1.0,VKAVGRVCYSALPSQAHDTLDLIDEGGPFPYSQDGVVFQNREGLLPAHSTGYYHEYTVITPGSPTRGARRIITGQQWQEDYYTADHYASFRRVDFAC,81,-13.309999999999999,-3.235,-1.331,-0.3235,10,-0.06830000000000003,-0.363,-0.20400000000000007
1MJCA,F,20,L,Forward,7.0,25.0,-0.31,SGKMTGIVKWFNADKGFGFITPDDGSKDVFVHFSAIQNDGYKSLDEGQKVSFTIESGAKGPAAGNVTSL,18,-0.20000000000000107,0.006999999999999673,-0.10000000000000053,0.0034999999999998366,2,-0.9859999999999999,-1.0113999999999999,-0.99344
1MJCA,F,20,S,Forward,7.0,25.0,-1.16,SGKMTGIVKWFNADKGFGFITPDDGSKDVFVHFSAIQNDGYKSLDEGQKVSFTIESGAKGPAAGNVTSL,18,5.6,0.05900000000000016,2.8,0.02950000000000008,2,-1.392,-1.0218,-1.45328
1MJCA,F,31,S,Forward,7.0,25.0,-1.03,SGKMTGIVKWFNADKGFGFITPDDGSKDVFVHFSAIQNDGYKSLDEGQKVSFTIESGAKGPAAGNVTSL,29,15.209999999999997,-0.4490000000000003,2.5349999999999997,-0.07483333333333338,6,-2.0647,-0.9201999999999999,-2.26272
1MJCA,S,52,W,Forward,7.0,25.0,-0.2,SGKMTGIVKWFNADKGFGFITPDDGSKDVFVHFSAIQNDGYKSLDEGQKVSFTIESGAKGPAAGNVTSL,50,-12.490000000000002,-0.5859999999999996,-1.7842857142857145,-0.08371428571428566,7,-0.1256999999999998,-0.8928,-0.05767999999999984
1MSIA,E,25,A,Forward,7.0,25.0,-0.09,AAQASVVANQLIPINTALTLVMMRSEVVTPVGIPAEDIPRLVSMQVNRAVPLGTTLMPDMVKGYAA,25,-7.95,-0.25300000000000034,-0.99375,-0.03162500000000004,8,-0.4434999999999999,-0.9593999999999999,-0.39424000000000003
1MSIA,R,47,A,Forward,7.0,25.0,-0.74,AAQASVVANQLIPINTALTLVMMRSEVVTPVGIPAEDIPRLVSMQVNRAVPLGTTLMPDMVKGYAA,47,-4.640000000000001,-0.31499999999999995,-0.6628571428571429,-0.04499999999999999,7,-0.6751999999999999,-0.9470000000000001,-0.6639999999999999
1MSIA,D,58,N,Forward,7.0,25.0,-0.2,AAQASVVANQLIPINTALTLVMMRSEVVTPVGIPAEDIPRLVSMQVNRAVPLGTTLMPDMVKGYAA,58,-0.3500000000000001,-0.006000000000000227,-0.17500000000000004,-0.0030000000000001137,2,-0.9755,-1.0088,-0.98248
1OIAA,Y,78,F,Forward,7.0,22.0,0.0,VPETRPNHTIYINNLNEKIKKDELKKSLYAIFSQFGQILDILVSRSLKMRGQAFVIFKEVSSATNALRSMQGFPFYDKPMRIQYAKTDSD,75,-4.19,-0.9830000000000003,-1.3966666666666667,-0.3276666666666668,3,-0.7066999999999999,-0.8133999999999999,-0.75344
1OIAA,Y,86,T,Forward,7.0,22.0,-2.9,VPETRPNHTIYINNLNEKIKKDELKKSLYAIFSQFGQILDILVSRSLKMRGQAFVIFKEVSSATNALRSMQGFPFYDKPMRIQYAKTDSD,83,14.219999999999997,1.7070000000000007,1.0938461538461537,0.13130769230769238,13,-1.9953999999999998,-1.3514000000000002,-2.0110399999999995
1P2PA,H,48,K,Forward,7.0,20.0,-2.12,ALWQFRSMIKCAIPGSHPLMDFNNYGCYCGLGGSGTPVDELDRCCETHDNCYRDAKNLDSCKFLVDNPYTESYSYSCSNTEITCNSKNNACEAFICNCDRNAAICFSKAPYNKEHKNLDTKKYC,47,10.89,0.293,1.21,0.03255555555555555,9,-1.7623000000000002,-1.0686,-1.85776
1QLPA,A,31,L,Forward,6.5,25.0,0.9,FNKITPNLAEFAFSLYRQLAHQSNSTNIFFSPVSIATAFAMLSLGTKADTHDEILEGLNFNLTEIPEAQIHEGFQELLRTLNQPDSQLQLTTGNGLFLSEGLKLVDKFLEDVKKLYHSEAFTVNFGDTEEAKKQINDYVEKGTQGKIVDLVKELDRDTVFALVNYIFFKGKWERPFEVKDTEEEDFHVDQVTTVKVPMMKRLGMFNIQHCKKLSSWVLLMKYLGNATAIFFLPDEGKLQHLENELTHDIITKFLENEDRRSASLHLPKLSITGTYDLKSVLGQLGITKVFSNGADLSGVTEEAPLKLSKAVHKAVLTIDEKGTEAAGAMFLEAIPMSIPPEVKFNKPFVFLMIEQNTKSPLFMGKVVNPTQK,8,-10.4,-0.4029999999999998,-2.08,-0.08059999999999996,5,-0.2719999999999999,-0.9294,-0.21023999999999998
1QLPA,V,55,I,Forward,6.5,25.0,-0.2,FNKITPNLAEFAFSLYRQLAHQSNSTNIFFSPVSIATAFAMLSLGTKADTHDEILEGLNFNLTEIPEAQIHEGFQELLRTLNQPDSQLQLTTGNGLFLSEGLKLVDKFLEDVKKLYHSEAFTVNFGDTEEAKKQINDYVEKGTQGKIVDLVKELDRDTVFALVNYIFFKGKWERPFEVKDTEEEDFHVDQVTTVKVPMMKRLGMFNIQHCKKLSSWVLLMKYLGNATAIFFLPDEGKLQHLENELTHDIITKFLENEDRRSASLHLPKLSITGTYDLKSVLGQLGITKVFSNGADLSGVTEEAPLKLSKAVHKAVLTIDEKGTEAAGAMFLEAIPMSIPPEVKFNKPFVFLMIEQNTKSPLFMGKVVNPTQK,32,-4.77,1.6629999999999998,-0.5299999999999999,0.18477777777777776,9,-0.6661,-1.3426,-0.49536
1QLPA,A,70,G,Forward,6.5,25.0,1.6,FNKITPNLAEFAFSLYRQLAHQSNSTNIFFSPVSIATAFAMLSLGTKADTHDEILEGLNFNLTEIPEAQIHEGFQELLRTLNQPDSQLQLTTGNGLFLSEGLKLVDKFLEDVKKLYHSEAFTVNFGDTEEAKKQINDYVEKGTQGKIVDLVKELDRDTVFALVNYIFFKGKWERPFEVKDTEEEDFHVDQVTTVKVPMMKRLGMFNIQHCKKLSSWVLLMKYLGNATAIFFLPDEGKLQHLENELTHDIITKFLENEDRRSASLHLPKLSITGTYDLKSVLGQLGITKVFSNGADLSGVTEEAPLKLSKAVHKAVLTIDEKGTEAAGAMFLEAIPMSIPPEVKFNKPFVFLMIEQNTKSPLFMGKVVNPTQK,47,1.2499999999999996,0.006000000000000005,0.20833333333333326,0.0010000000000000009,6,-1.0875,-1.0112,-1.10952
1QLPA,Y,160,W,Forward,7.8,25.0,1.18,FNKITPNLAEFAFSLYRQLAHQSNSTNIFFSPVSIATAFAMLSLGTKADTHDEILEGLNFNLTEIPEAQIHEGFQELLRTLNQPDSQLQLTTGNGLFLSEGLKLVDKFLEDVKKLYHSEAFTVNFGDTEEAKKQINDYVEKGTQGKIVDLVKELDRDTVFALVNYIFFKGKWERPFEVKDTEEEDFHVDQVTTVKVPMMKRLGMFNIQHCKKLSSWVLLMKYLGNATAIFFLPDEGKLQHLENELTHDIITKFLENEDRRSASLHLPKLSITGTYDLKSVLGQLGITKVFSNGADLSGVTEEAPLKLSKAVHKAVLTIDEKGTEAAGAMFLEAIPMSIPPEVKFNKPFVFLMIEQNTKSPLFMGKVVNPTQK,137,-0.41000000000000014,-0.018000000000000016,-0.41000000000000014,-0.018000000000000016,1,-0.9712999999999999,-1.0064,-0.97864
1QLPA,A,183,I,Forward,6.5,25.0,1.8,FNKITPNLAEFAFSLYRQLAHQSNSTNIFFSPVSIATAFAMLSLGTKADTHDEILEGLNFNLTEIPEAQIHEGFQELLRTLNQPDSQLQLTTGNGLFLSEGLKLVDKFLEDVKKLYHSEAFTVNFGDTEEAKKQINDYVEKGTQGKIVDLVKELDRDTVFALVNYIFFKGKWERPFEVKDTEEEDFHVDQVTTVKVPMMKRLGMFNIQHCKKLSSWVLLMKYLGNATAIFFLPDEGKLQHLENELTHDIITKFLENEDRRSASLHLPKLSITGTYDLKSVLGQLGITKVFSNGADLSGVTEEAPLKLSKAVHKAVLTIDEKGTEAAGAMFLEAIPMSIPPEVKFNKPFVFLMIEQNTKSPLFMGKVVNPTQK,160,-12.32,-0.24200000000000002,-1.54,-0.030250000000000003,8,-0.13759999999999994,-0.9616,-0.04376000000000002
1QLPA,A,183,V,Forward,6.5,25.0,3.8,FNKITPNLAEFAFSLYRQLAHQSNSTNIFFSPVSIATAFAMLSLGTKADTHDEILEGLNFNLTEIPEAQIHEGFQELLRTLNQPDSQLQLTTGNGLFLSEGLKLVDKFLEDVKKLYHSEAFTVNFGDTEEAKKQINDYVEKGTQGKIVDLVKELDRDTVFALVNYIFFKGKWERPFEVKDTEEEDFHVDQVTTVKVPMMKRLGMFNIQHCKKLSSWVLLMKYLGNATAIFFLPDEGKLQHLENELTHDIITKFLENEDRRSASLHLPKLSITGTYDLKSVLGQLGITKVFSNGADLSGVTEEAPLKLSKAVHKAVLTIDEKGTEAAGAMFLEAIPMSIPPEVKFNKPFVFLMIEQNTKSPLFMGKVVNPTQK,160,-10.71,0.07799999999999997,-1.33875,0.009749999999999997,8,-0.25029999999999986,-1.0256,-0.14695999999999998
1QLPA,W,238,F,Forward,7.8,25.0,0.98,FNKITPNLAEFAFSLYRQLAHQSNSTNIFFSPVSIATAFAMLSLGTKADTHDEILEGLNFNLTEIPEAQIHEGFQELLRTLNQPDSQLQLTTGNGLFLSEGLKLVDKFLEDVKKLYHSEAFTVNFGDTEEAKKQINDYVEKGTQGKIVDLVKELDRDTVFALVNYIFFKGKWERPFEVKDTEEEDFHVDQVTTVKVPMMKRLGMFNIQHCKKLSSWVLLMKYLGNATAIFFLPDEGKLQHLENELTHDIITKFLENEDRRSASLHLPKLSITGTYDLKSVLGQLGITKVFSNGADLSGVTEEAPLKLSKAVHKAVLTIDEKGTEAAGAMFLEAIPMSIPPEVKFNKPFVFLMIEQNTKSPLFMGKVVNPTQK,215,0.0,0.0,0.0,0.0,0,-1.0,-1.01,-1.01
1QLPA,A,248,F,Forward,6.5,25.0,1.8,FNKITPNLAEFAFSLYRQLAHQSNSTNIFFSPVSIATAFAMLSLGTKADTHDEILEGLNFNLTEIPEAQIHEGFQELLRTLNQPDSQLQLTTGNGLFLSEGLKLVDKFLEDVKKLYHSEAFTVNFGDTEEAKKQINDYVEKGTQGKIVDLVKELDRDTVFALVNYIFFKGKWERPFEVKDTEEEDFHVDQVTTVKVPMMKRLGMFNIQHCKKLSSWVLLMKYLGNATAIFFLPDEGKLQHLENELTHDIITKFLENEDRRSASLHLPKLSITGTYDLKSVLGQLGITKVFSNGADLSGVTEEAPLKLSKAVHKAVLTIDEKGTEAAGAMFLEAIPMSIPPEVKFNKPFVFLMIEQNTKSPLFMGKVVNPTQK,225,-4.1899999999999995,-0.30700000000000016,-2.0949999999999998,-0.15350000000000008,2,-0.7067,-0.9486,-0.6993600000000001
1QLPA,A,248,I,Forward,6.5,25.0,2.2,FNKITPNLAEFAFSLYRQLAHQSNSTNIFFSPVSIATAFAMLSLGTKADTHDEILEGLNFNLTEIPEAQIHEGFQELLRTLNQPDSQLQLTTGNGLFLSEGLKLVDKFLEDVKKLYHSEAFTVNFGDTEEAKKQINDYVEKGTQGKIVDLVKELDRDTVFALVNYIFFKGKWERPFEVKDTEEEDFHVDQVTTVKVPMMKRLGMFNIQHCKKLSSWVLLMKYLGNATAIFFLPDEGKLQHLENELTHDIITKFLENEDRRSASLHLPKLSITGTYDLKSVLGQLGITKVFSNGADLSGVTEEAPLKLSKAVHKAVLTIDEKGTEAAGAMFLEAIPMSIPPEVKFNKPFVFLMIEQNTKSPLFMGKVVNPTQK,225,-3.5999999999999996,-0.27900000000000014,-1.7999999999999998,-0.13950000000000007,2,-0.748,-0.9541999999999999,-0.7443200000000001
1QLPA,A,248,L,Forward,6.5,25.0,0.35,FNKITPNLAEFAFSLYRQLAHQSNSTNIFFSPVSIATAFAMLSLGTKADTHDEILEGLNFNLTEIPEAQIHEGFQELLRTLNQPDSQLQLTTGNGLFLSEGLKLVDKFLEDVKKLYHSEAFTVNFGDTEEAKKQINDYVEKGTQGKIVDLVKELDRDTVFALVNYIFFKGKWERPFEVKDTEEEDFHVDQVTTVKVPMMKRLGMFNIQHCKKLSSWVLLMKYLGNATAIFFLPDEGKLQHLENELTHDIITKFLENEDRRSASLHLPKLSITGTYDLKSVLGQLGITKVFSNGADLSGVTEEAPLKLSKAVHKAVLTIDEKGTEAAGAMFLEAIPMSIPPEVKFNKPFVFLMIEQNTKSPLFMGKVVNPTQK,225,-4.3100000000000005,-0.3660000000000002,-2.1550000000000002,-0.1830000000000001,2,-0.6982999999999999,-0.9368,-0.69448
1QLPA,A,248,V,Forward,6.5,25.0,2.3,FNKITPNLAEFAFSLYRQLAHQSNSTNIFFSPVSIATAFAMLSLGTKADTHDEILEGLNFNLTEIPEAQIHEGFQELLRTLNQPDSQLQLTTGNGLFLSEGLKLVDKFLEDVKKLYHSEAFTVNFGDTEEAKKQINDYVEKGTQGKIVDLVKELDRDTVFALVNYIFFKGKWERPFEVKDTEEEDFHVDQVTTVKVPMMKRLGMFNIQHCKKLSSWVLLMKYLGNATAIFFLPDEGKLQHLENELTHDIITKFLENEDRRSASLHLPKLSITGTYDLKSVLGQLGITKVFSNGADLSGVTEEAPLKLSKAVHKAVLTIDEKGTEAAGAMFLEAIPMSIPPEVKFNKPFVFLMIEQNTKSPLFMGKVVNPTQK,225,-2.64,-0.17300000000000026,-1.32,-0.08650000000000013,2,-0.8151999999999999,-0.9753999999999999,-0.81264
1QLPA,A,284,I,Forward,6.5,25.0,0.0,FNKITPNLAEFAFSLYRQLAHQSNSTNIFFSPVSIATAFAMLSLGTKADTHDEILEGLNFNLTEIPEAQIHEGFQELLRTLNQPDSQLQLTTGNGLFLSEGLKLVDKFLEDVKKLYHSEAFTVNFGDTEEAKKQINDYVEKGTQGKIVDLVKELDRDTVFALVNYIFFKGKWERPFEVKDTEEEDFHVDQVTTVKVPMMKRLGMFNIQHCKKLSSWVLLMKYLGNATAIFFLPDEGKLQHLENELTHDIITKFLENEDRRSASLHLPKLSITGTYDLKSVLGQLGITKVFSNGADLSGVTEEAPLKLSKAVHKAVLTIDEKGTEAAGAMFLEAIPMSIPPEVKFNKPFVFLMIEQNTKSPLFMGKVVNPTQK,261,-8.98,-0.2520000000000001,-1.796,-0.05040000000000002,5,-0.37139999999999995,-0.9596,-0.31176000000000004
1QLPA,A,284,V,Forward,6.5,25.0,0.8,FNKITPNLAEFAFSLYRQLAHQSNSTNIFFSPVSIATAFAMLSLGTKADTHDEILEGLNFNLTEIPEAQIHEGFQELLRTLNQPDSQLQLTTGNGLFLSEGLKLVDKFLEDVKKLYHSEAFTVNFGDTEEAKKQINDYVEKGTQGKIVDLVKELDRDTVFALVNYIFFKGKWERPFEVKDTEEEDFHVDQVTTVKVPMMKRLGMFNIQHCKKLSSWVLLMKYLGNATAIFFLPDEGKLQHLENELTHDIITKFLENEDRRSASLHLPKLSITGTYDLKSVLGQLGITKVFSNGADLSGVTEEAPLKLSKAVHKAVLTIDEKGTEAAGAMFLEAIPMSIPPEVKFNKPFVFLMIEQNTKSPLFMGKVVNPTQK,261,-6.449999999999999,-0.0020000000000000573,-1.2899999999999998,-0.00040000000000001146,5,-0.5485,-1.0096,-0.49416000000000004
1QLPA,V,321,I,Forward,6.5,25.0,0.6,FNKITPNLAEFAFSLYRQLAHQSNSTNIFFSPVSIATAFAMLSLGTKADTHDEILEGLNFNLTEIPEAQIHEGFQELLRTLNQPDSQLQLTTGNGLFLSEGLKLVDKFLEDVKKLYHSEAFTVNFGDTEEAKKQINDYVEKGTQGKIVDLVKELDRDTVFALVNYIFFKGKWERPFEVKDTEEEDFHVDQVTTVKVPMMKRLGMFNIQHCKKLSSWVLLMKYLGNATAIFFLPDEGKLQHLENELTHDIITKFLENEDRRSASLHLPKLSITGTYDLKSVLGQLGITKVFSNGADLSGVTEEAPLKLSKAVHKAVLTIDEKGTEAAGAMFLEAIPMSIPPEVKFNKPFVFLMIEQNTKSPLFMGKVVNPTQK,298,-0.5700000000000003,-0.008000000000000007,-0.5700000000000003,-0.008000000000000007,1,-0.9601,-1.0084,-0.96504
1QLPA,S,330,R,Forward,7.8,25.0,-2.44,FNKITPNLAEFAFSLYRQLAHQSNSTNIFFSPVSIATAFAMLSLGTKADTHDEILEGLNFNLTEIPEAQIHEGFQELLRTLNQPDSQLQLTTGNGLFLSEGLKLVDKFLEDVKKLYHSEAFTVNFGDTEEAKKQINDYVEKGTQGKIVDLVKELDRDTVFALVNYIFFKGKWERPFEVKDTEEEDFHVDQVTTVKVPMMKRLGMFNIQHCKKLSSWVLLMKYLGNATAIFFLPDEGKLQHLENELTHDIITKFLENEDRRSASLHLPKLSITGTYDLKSVLGQLGITKVFSNGADLSGVTEEAPLKLSKAVHKAVLTIDEKGTEAAGAMFLEAIPMSIPPEVKFNKPFVFLMIEQNTKSPLFMGKVVNPTQK,307,-0.6400000000000018,-0.014000000000000012,-0.05818181818181834,-0.001272727272727274,11,-0.9551999999999998,-1.0072,-0.9599199999999999
1QLPA,K,331,F,Forward,7.8,25.0,1.75,FNKITPNLAEFAFSLYRQLAHQSNSTNIFFSPVSIATAFAMLSLGTKADTHDEILEGLNFNLTEIPEAQIHEGFQELLRTLNQPDSQLQLTTGNGLFLSEGLKLVDKFLEDVKKLYHSEAFTVNFGDTEEAKKQINDYVEKGTQGKIVDLVKELDRDTVFALVNYIFFKGKWERPFEVKDTEEEDFHVDQVTTVKVPMMKRLGMFNIQHCKKLSSWVLLMKYLGNATAIFFLPDEGKLQHLENELTHDIITKFLENEDRRSASLHLPKLSITGTYDLKSVLGQLGITKVFSNGADLSGVTEEAPLKLSKAVHKAVLTIDEKGTEAAGAMFLEAIPMSIPPEVKFNKPFVFLMIEQNTKSPLFMGKVVNPTQK,308,-15.579999999999998,-4.3790000000000004,-2.5966666666666662,-0.7298333333333334,6,0.09060000000000001,-0.13419999999999987,-0.11392000000000024
1QLPA,V,364,L,Forward,6.5,25.0,-0.3,FNKITPNLAEFAFSLYRQLAHQSNSTNIFFSPVSIATAFAMLSLGTKADTHDEILEGLNFNLTEIPEAQIHEGFQELLRTLNQPDSQLQLTTGNGLFLSEGLKLVDKFLEDVKKLYHSEAFTVNFGDTEEAKKQINDYVEKGTQGKIVDLVKELDRDTVFALVNYIFFKGKWERPFEVKDTEEEDFHVDQVTTVKVPMMKRLGMFNIQHCKKLSSWVLLMKYLGNATAIFFLPDEGKLQHLENELTHDIITKFLENEDRRSASLHLPKLSITGTYDLKSVLGQLGITKVFSNGADLSGVTEEAPLKLSKAVHKAVLTIDEKGTEAAGAMFLEAIPMSIPPEVKFNKPFVFLMIEQNTKSPLFMGKVVNPTQK,341,-0.8800000000000003,0.09299999999999997,-0.8800000000000003,0.09299999999999997,1,-0.9384,-1.0286,-0.93216
1QLPA,M,374,I,Forward,6.5,25.0,2.3,FNKITPNLAEFAFSLYRQLAHQSNSTNIFFSPVSIATAFAMLSLGTKADTHDEILEGLNFNLTEIPEAQIHEGFQELLRTLNQPDSQLQLTTGNGLFLSEGLKLVDKFLEDVKKLYHSEAFTVNFGDTEEAKKQINDYVEKGTQGKIVDLVKELDRDTVFALVNYIFFKGKWERPFEVKDTEEEDFHVDQVTTVKVPMMKRLGMFNIQHCKKLSSWVLLMKYLGNATAIFFLPDEGKLQHLENELTHDIITKFLENEDRRSASLHLPKLSITGTYDLKSVLGQLGITKVFSNGADLSGVTEEAPLKLSKAVHKAVLTIDEKGTEAAGAMFLEAIPMSIPPEVKFNKPFVFLMIEQNTKSPLFMGKVVNPTQK,351,0.0,0.0,0.0,0.0,0,-1.0,-1.01,-1.01
1QLPA,S,381,A,Forward,6.5,25.0,1.0,FNKITPNLAEFAFSLYRQLAHQSNSTNIFFSPVSIATAFAMLSLGTKADTHDEILEGLNFNLTEIPEAQIHEGFQELLRTLNQPDSQLQLTTGNGLFLSEGLKLVDKFLEDVKKLYHSEAFTVNFGDTEEAKKQINDYVEKGTQGKIVDLVKELDRDTVFALVNYIFFKGKWERPFEVKDTEEEDFHVDQVTTVKVPMMKRLGMFNIQHCKKLSSWVLLMKYLGNATAIFFLPDEGKLQHLENELTHDIITKFLENEDRRSASLHLPKLSITGTYDLKSVLGQLGITKVFSNGADLSGVTEEAPLKLSKAVHKAVLTIDEKGTEAAGAMFLEAIPMSIPPEVKFNKPFVFLMIEQNTKSPLFMGKVVNPTQK,358,-7.070000000000001,-2.2350000000000003,-0.7070000000000001,-0.22350000000000003,10,-0.5050999999999999,-0.563,-0.6232
1RG8A,C,16,S,Forward,6.6,25.0,-2.81,HHHHFNLPPGNYKKPKLLYCSNGGHFLRILPDGTVDGTRDRSDQHIQLQLSAESVGEVYIKSTETGQYLAMDTDGLLYGSQTPNEECLFLERLEENHYNTYISKKHAEKNWFVGLKKNGSCKRGPRTHYGQKAILFLPLPV,19,6.9399999999999995,1.1549999999999996,1.1566666666666665,0.19249999999999992,6,-1.4858,-1.2409999999999999,-1.4728
1RG8A,L,44,F,Forward,7.3,34.5,0.59,HHHHFNLPPGNYKKPKLLYCSNGGHFLRILPDGTVDGTRDRSDQHIQLQLSAESVGEVYIKSTETGQYLAMDTDGLLYGSQTPNEECLFLERLEENHYNTYISKKHAEKNWFVGLKKNGSCKRGPRTHYGQKAILFLPLPV,47,0.17000000000000082,0.19600000000000017,0.021250000000000102,0.024500000000000022,8,-1.0119,-1.0492000000000001,-1.0079200000000001
1RG8A,N,106,G,Forward,6.6,24.9,0.16,HHHHFNLPPGNYKKPKLLYCSNGGHFLRILPDGTVDGTRDRSDQHIQLQLSAESVGEVYIKSTETGQYLAMDTDGLLYGSQTPNEECLFLERLEENHYNTYISKKHAEKNWFVGLKKNGSCKRGPRTHYGQKAILFLPLPV,109,-2.2799999999999994,-0.04100000000000037,-0.25333333333333324,-0.0045555555555555965,9,-0.8404,-1.0018,-0.8308800000000001
1RG8A,V,109,I,Forward,7.3,34.5,-0.05,HHHHFNLPPGNYKKPKLLYCSNGGHFLRILPDGTVDGTRDRSDQHIQLQLSAESVGEVYIKSTETGQYLAMDTDGLLYGSQTPNEECLFLERLEENHYNTYISKKHAEKNWFVGLKKNGSCKRGPRTHYGQKAILFLPLPV,112,-6.83,-0.7749999999999992,-0.4878571428571429,-0.055357142857142806,14,-0.5219,-0.8550000000000002,-0.5256
1RISA,I,8,A,Forward,8.0,25.0,-3.56,MRRYEVNIVLNPNLDQSQLALEKEIIQRALENYGARVEKVEELGLRRLAYPIAKDPQGYFLWYQVEMPEDRVNDLARELRIRDNVRRVMVVKSQEPF,7,20.82,4.455,1.8927272727272728,0.405,11,-2.4574000000000003,-1.901,-2.3192000000000004
1RISA,L,21,A,Forward,8.0,25.0,-0.16,MRRYEVNIVLNPNLDQSQLALEKEIIQRALENYGARVEKVEELGLRRLAYPIAKDPQGYFLWYQVEMPEDRVNDLARELRIRDNVRRVMVVKSQEPF,20,0.9500000000000002,1.4060000000000001,0.3166666666666667,0.46866666666666673,3,-1.0665,-1.2912000000000001,-0.97352
1RISA,Y,33,A,Forward,8.0,25.0,0.41,MRRYEVNIVLNPNLDQSQLALEKEIIQRALENYGARVEKVEELGLRRLAYPIAKDPQGYFLWYQVEMPEDRVNDLARELRIRDNVRRVMVVKSQEPF,32,8.59,1.711,0.9544444444444444,0.19011111111111112,9,-1.6013000000000002,-1.3522,-1.56032
1RISA,L,48,A,Forward,8.0,25.0,-0.21,MRRYEVNIVLNPNLDQSQLALEKEIIQRALENYGARVEKVEELGLRRLAYPIAKDPQGYFLWYQVEMPEDRVNDLARELRIRDNVRRVMVVKSQEPF,47,2.2700000000000005,0.857,2.2700000000000005,0.857,1,-1.1589,-1.1814,-1.12304
1RISA,F,60,A,Forward,8.0,25.0,-0.81,MRRYEVNIVLNPNLDQSQLALEKEIIQRALENYGARVEKVEELGLRRLAYPIAKDPQGYFLWYQVEMPEDRVNDLARELRIRDNVRRVMVVKSQEPF,59,14.420000000000002,6.957999999999999,1.8025000000000002,0.8697499999999999,8,-2.0094000000000003,-2.4016,-1.6069600000000002
1RISA,L,75,A,Forward,8.0,25.0,-1.35,MRRYEVNIVLNPNLDQSQLALEKEIIQRALENYGARVEKVEELGLRRLAYPIAKDPQGYFLWYQVEMPEDRVNDLARELRIRDNVRRVMVVKSQEPF,74,11.059999999999999,3.8319999999999994,2.2119999999999997,0.7663999999999999,5,-1.7742,-1.7764,-1.5882399999999999
1RISA,L,79,A,Forward,8.0,25.0,-3.91,MRRYEVNIVLNPNLDQSQLALEKEIIQRALENYGARVEKVEELGLRRLAYPIAKDPQGYFLWYQVEMPEDRVNDLARELRIRDNVRRVMVVKSQEPF,78,14.21,4.852,2.3683333333333336,0.8086666666666668,6,-1.9947000000000001,-1.9804000000000002,-1.7586400000000002
1RN1C,V,16,T,Forward,7.0,25.0,-3.65,ACDYTCGSNCYSSSDVSTAQAAGYQLHEDGETVGSNSYPHKYNNYEGFDFSVSSPYYEWPILSSGDVYSGGSPGADRVVFNENNQLAGVITHTGASGNNFVECT,15,13.220000000000002,1.1720000000000002,1.888571428571429,0.16742857142857145,7,-1.9254000000000002,-1.2444000000000002,-1.97384
1RN1C,G,23,A,Forward,7.4,25.0,-1.2,ACDYTCGSNCYSSSDVSTAQAAGYQLHEDGETVGSNSYPHKYNNYEGFDFSVSSPYYEWPILSSGDVYSGGSPGADRVVFNENNQLAGVITHTGASGNNFVECT,22,-4.579999999999999,-0.05100000000000077,-0.35230769230769227,-0.003923076923076982,13,-0.6794,-0.9997999999999998,-0.6476800000000001
1RN1C,D,49,A,Forward,6.3,37.3,0.5,ACDYTCGSNCYSSSDVSTAQAAGYQLHEDGETVGSNSYPHKYNNYEGFDFSVSSPYYEWPILSSGDVYSGGSPGADRVVFNENNQLAGVITHTGASGNNFVECT,48,0.0,0.0,0.0,0.0,0,-1.0,-1.01,-1.01
1RN1C,V,78,S,Forward,7.0,25.0,-4.73,ACDYTCGSNCYSSSDVSTAQAAGYQLHEDGETVGSNSYPHKYNNYEGFDFSVSSPYYEWPILSSGDVYSGGSPGADRVVFNENNQLAGVITHTGASGNNFVECT,77,20.02,1.6440000000000003,1.82,0.14945454545454548,11,-2.4014,-1.3388,-2.48008
1RN1C,V,78,T,Forward,7.0,25.0,-3.59,ACDYTCGSNCYSSSDVSTAQAAGYQLHEDGETVGSNSYPHKYNNYEGFDFSVSSPYYEWPILSSGDVYSGGSPGADRVVFNENNQLAGVITHTGASGNNFVECT,77,16.619999999999997,1.4669999999999999,1.5109090909090908,0.13336363636363635,11,-2.1634,-1.3034,-2.2222399999999998
1RTBA,A,5,S,Forward,7.1,62.0,-0.27,KETAAAKFERQHMDSSTSAASSSNYCNQMMKSRNLTKDRCKPVNTFVHESLADVQAVCSQKNVACKNGQTNCYQSYSTMSITDCRETGSSKYPNCAYKTTQANKHIIVACEGNPYVPVHFDASV,4,3.97,0.43000000000000016,0.5671428571428572,0.06142857142857145,7,-1.2779,-1.096,-1.2932000000000001
1RTBA,F,46,V,Forward,6.0,24.9,-4.55,KETAAAKFERQHMDSSTSAASSSNYCNQMMKSRNLTKDRCKPVNTFVHESLADVQAVCSQKNVACKNGQTNCYQSYSTMSITDCRETGSSKYPNCAYKTTQANKHIIVACEGNPYVPVHFDASV,45,11.009999999999998,3.6860000000000004,1.0009090909090907,0.3350909090909091,11,-1.7707,-1.7472,-1.59592
1RTBA,V,57,A,Forward,5.0,40.0,-2.85,KETAAAKFERQHMDSSTSAASSSNYCNQMMKSRNLTKDRCKPVNTFVHESLADVQAVCSQKNVACKNGQTNCYQSYSTMSITDCRETGSSKYPNCAYKTTQANKHIIVACEGNPYVPVHFDASV,56,21.359999999999996,9.617,1.2564705882352938,0.5657058823529413,17,-2.4951999999999996,-2.9334000000000002,-1.9494399999999996
1RTBA,V,57,L,Forward,5.0,40.0,-2.37,KETAAAKFERQHMDSSTSAASSSNYCNQMMKSRNLTKDRCKPVNTFVHESLADVQAVCSQKNVACKNGQTNCYQSYSTMSITDCRETGSSKYPNCAYKTTQANKHIIVACEGNPYVPVHFDASV,56,-9.850000000000003,-4.401,-0.5794117647058825,-0.25888235294117645,17,-0.31049999999999967,-0.12980000000000003,-0.5740799999999997
1RTBA,V,63,A,Forward,5.0,40.0,-2.03,KETAAAKFERQHMDSSTSAASSSNYCNQMMKSRNLTKDRCKPVNTFVHESLADVQAVCSQKNVACKNGQTNCYQSYSTMSITDCRETGSSKYPNCAYKTTQANKHIIVACEGNPYVPVHFDASV,62,8.61,0.3469999999999998,1.23,0.049571428571428544,7,-1.6027,-1.0794,-1.67104
1RTP1,K,80,S,Forward,7.4,45.8,-0.29,SMTDLLSAEDIKKAIGAFTAADSFDHKKFFQMVGLKKKSADDVKKVFHILDKDKSGFIEEDELGSILKGFSSDARDLSAKETKTLMAAGDKDGDGKIGVEEFSTLVAES,79,0.050000000000000044,0.0009999999999998899,0.050000000000000044,0.0009999999999998899,1,-1.0035,-1.0102,-1.01392
1SHFA,E,107,F,Forward,8.0,25.0,-1.63,VTLFVALYDYEARTEDDLSFHKGEKFQILNSSEGDWWEARSLTTGETGYIPSNYVAPVD,23,-11.23,-2.4090000000000003,-2.8075,-0.6022500000000001,4,-0.21389999999999987,-0.5282,-0.30432000000000003
1SHFA,E,107,H,Forward,8.0,25.0,-0.99,VTLFVALYDYEARTEDDLSFHKGEKFQILNSSEGDWWEARSLTTGETGYIPSNYVAPVD,23,-8.739999999999998,-0.4109999999999998,-0.9711111111111109,-0.04566666666666665,9,-0.3882000000000001,-0.9278000000000001,-0.3436800000000001
1SHFA,E,107,K,Forward,8.0,25.0,-0.97,VTLFVALYDYEARTEDDLSFHKGEKFQILNSSEGDWWEARSLTTGETGYIPSNYVAPVD,23,1.4199999999999995,0.04499999999999926,0.1577777777777777,0.004999999999999918,9,-1.0994,-1.019,-1.12
1SHFA,E,107,L,Forward,8.0,25.0,-3.02,VTLFVALYDYEARTEDDLSFHKGEKFQILNSSEGDWWEARSLTTGETGYIPSNYVAPVD,23,-11.2,-2.481,-2.8,-0.62025,4,-0.21599999999999997,-0.5138,-0.3124800000000001
1SHFA,E,107,Y,Forward,8.0,25.0,-2.4,VTLFVALYDYEARTEDDLSFHKGEKFQILNSSEGDWWEARSLTTGETGYIPSNYVAPVD,23,-14.37,-1.5459999999999998,-1.79625,-0.19324999999999998,8,0.005900000000000016,-0.7008000000000001,0.015919999999999934
1SHFA,I,111,A,Forward,7.0,25.0,-2.84,VTLFVALYDYEARTEDDLSFHKGEKFQILNSSEGDWWEARSLTTGETGYIPSNYVAPVD,27,8.89,-0.8899999999999999,1.778,-0.178,5,-1.6223,-0.8320000000000001,-1.7924000000000002
1SHFA,I,111,L,Forward,7.0,25.0,-0.71,VTLFVALYDYEARTEDDLSFHKGEKFQILNSSEGDWWEARSLTTGETGYIPSNYVAPVD,27,-1.8099999999999996,-1.2449999999999999,-0.36199999999999993,-0.24899999999999997,5,-0.8733,-0.761,-0.9648
1SHFA,S,124,D,Forward,8.0,25.0,-2.02,VTLFVALYDYEARTEDDLSFHKGEKFQILNSSEGDWWEARSLTTGETGYIPSNYVAPVD,40,2.6599999999999997,0.08700000000000085,0.26599999999999996,0.008700000000000086,10,-1.1862,-1.0274,-1.2158399999999998
1SHFA,S,124,F,Forward,8.0,25.0,-1.9,VTLFVALYDYEARTEDDLSFHKGEKFQILNSSEGDWWEARSLTTGETGYIPSNYVAPVD,40,-21.1,-4.2219999999999995,-2.3444444444444446,-0.46911111111111103,9,0.4770000000000003,-0.16560000000000008,0.3402400000000001
1SHFA,S,124,G,Forward,8.0,25.0,-1.68,VTLFVALYDYEARTEDDLSFHKGEKFQILNSSEGDWWEARSLTTGETGYIPSNYVAPVD,40,-1.0100000000000007,-0.04699999999999949,-0.10100000000000006,-0.004699999999999949,10,-0.9292999999999999,-1.0006000000000002,-0.9329599999999999
1SHFA,S,124,H,Forward,8.0,25.0,-1.25,VTLFVALYDYEARTEDDLSFHKGEKFQILNSSEGDWWEARSLTTGETGYIPSNYVAPVD,40,-5.66,-0.3609999999999991,-0.5660000000000001,-0.03609999999999991,10,-0.6037999999999999,-0.9378000000000002,-0.5860799999999999
1SHFA,S,124,L,Forward,8.0,25.0,-0.37,VTLFVALYDYEARTEDDLSFHKGEKFQILNSSEGDWWEARSLTTGETGYIPSNYVAPVD,40,-18.209999999999997,-5.48,-1.8209999999999997,-0.548,10,0.27469999999999994,0.08600000000000008,0.008399999999999741
1SHFA,S,124,N,Forward,8.0,25.0,-0.73,VTLFVALYDYEARTEDDLSFHKGEKFQILNSSEGDWWEARSLTTGETGYIPSNYVAPVD,40,0.7199999999999989,0.050000000000000266,0.07199999999999988,0.005000000000000027,10,-1.0504,-1.02,-1.0635999999999999
1SHFA,G,128,A,Forward,8.0,25.0,-1.78,VTLFVALYDYEARTEDDLSFHKGEKFQILNSSEGDWWEARSLTTGETGYIPSNYVAPVD,44,-0.1100000000000001,-0.019000000000000017,-0.1100000000000001,-0.019000000000000017,1,-0.9923,-1.0062,-1.00272
1SHFA,V,138,M,Forward,7.0,25.0,-0.52,VTLFVALYDYEARTEDDLSFHKGEKFQILNSSEGDWWEARSLTTGETGYIPSNYVAPVD,54,-0.43999999999999906,-0.3749999999999991,-0.05499999999999988,-0.04687499999999989,8,-0.9692000000000001,-0.9350000000000002,-1.0048
1TITA,L,60,A,Forward,7.4,25.0,-4.88,LIEVEKPLYGVEVFVGETAHFEIELSEPDVHGQWKLKGQPLTASPDCEIIEDGKKHILILHNCQLGMTGEVSFQAANAKSAANLKVKEL,59,13.400000000000002,2.05,1.9142857142857146,0.2928571428571428,7,-1.9380000000000002,-1.42,-1.9180000000000001
1TITA,C,63,S,Forward,7.3,25.0,-2.08,LIEVEKPLYGVEVFVGETAHFEIELSEPDVHGQWKLKGQPLTASPDCEIIEDGKKHILILHNCQLGMTGEVSFQAANAKSAANLKVKEL,62,16.84,3.3930000000000007,1.4033333333333333,0.28275000000000006,12,-2.1788,-1.6886,-2.08576
1TITA,V,86,A,Forward,7.4,25.0,-4.45,LIEVEKPLYGVEVFVGETAHFEIELSEPDVHGQWKLKGQPLTASPDCEIIEDGKKHILILHNCQLGMTGEVSFQAANAKSAANLKVKEL,85,8.8,1.3810000000000004,1.2571428571428573,0.19728571428571434,7,-1.616,-1.2862,-1.60352
1TTQA,F,22,L,Forward,7.8,25.0,-1.05,MERYENLFAQLNDRREGAFVPFVTLGDPGIEQSLKIIDTLIDAGADALELGVPFSDPLADGPTIQNANLRAFAAGVTPAQCFEMLALIREKHPTIPIGLLMYANLVFNNGIDAFYARCEQVGVDSVLVADVPVEESAPFRQAALRHNIAPIFICPPNADDDLLRQVASYGRGYTYLLALPLHHLIEKLKEYHAAPALQGFGISSPEQVSAAVRAGAAGAISGSAIVKIIEKNLASPKQMLAELRSFVSAMKAASRA,21,-0.16000000000000192,-0.14100000000000024,-0.026666666666666988,-0.023500000000000038,6,-0.9887999999999999,-0.9818,-1.0084799999999998
1TTQA,F,22,V,Forward,7.8,25.0,-3.44,MERYENLFAQLNDRREGAFVPFVTLGDPGIEQSLKIIDTLIDAGADALELGVPFSDPLADGPTIQNANLRAFAAGVTPAQCFEMLALIREKHPTIPIGLLMYANLVFNNGIDAFYARCEQVGVDSVLVADVPVEESAPFRQAALRHNIAPIFICPPNADDDLLRQVASYGRGYTYLLALPLHHLIEKLKEYHAAPALQGFGISSPEQVSAAVRAGAAGAISGSAIVKIIEKNLASPKQMLAELRSFVSAMKAASRA,21,3.5199999999999996,-0.517,0.5866666666666666,-0.08616666666666667,6,-1.2464,-0.9066,-1.33296
1UZCA,E,27,A,Forward,5.7,9.9,-0.62,QPAKKTYTWNTKEEAKQAFKELLKEKRVPSNASWEQAMKMIINDPRYSALAKLSEKKQAFNAYKVQTEK,24,-2.74,-0.13199999999999995,-0.685,-0.03299999999999999,4,-0.8082,-0.9836,-0.80136
1UZCA,Q,38,G,Forward,5.7,9.9,-1.57,QPAKKTYTWNTKEEAKQAFKELLKEKRVPSNASWEQAMKMIINDPRYSALAKLSEKKQAFNAYKVQTEK,35,-0.9300000000000004,-0.012999999999999845,-0.2325000000000001,-0.0032499999999999613,4,-0.9349,-1.0074,-0.9366399999999999
1UZCA,I,44,V,Forward,5.7,9.9,-0.3,QPAKKTYTWNTKEEAKQAFKELLKEKRVPSNASWEQAMKMIINDPRYSALAKLSEKKQAFNAYKVQTEK,41,3.33,-0.02799999999999997,0.555,-0.004666666666666662,6,-1.2331,-1.0044,-1.27864
1UZCA,A,61,G,Forward,5.7,9.9,-2.07,QPAKKTYTWNTKEEAKQAFKELLKEKRVPSNASWEQAMKMIINDPRYSALAKLSEKKQAFNAYKVQTEK,58,2.46,0.13,0.3514285714285714,0.018571428571428572,7,-1.1722000000000001,-1.036,-1.1964000000000001
1YYJA,L,3,A,Forward,5.0,25.0,-1.6,ADLEDNWETLNDNLKVIEKADNAAQVKDALTKMRAAALDAQKATPPKLEDKSPDSPEMKDFRHGFDILVGQIDDALKLANEGKVKEAQAAAEQLKTTIRAYNQKYG,2,12.35,1.8309999999999997,2.058333333333333,0.30516666666666664,6,-1.8645,-1.3761999999999999,-1.85152
1YYJA,A,20,G,Forward,5.0,25.0,-1.97,ADLEDNWETLNDNLKVIEKADNAAQVKDALTKMRAAALDAQKATPPKLEDKSPDSPEMKDFRHGFDILVGQIDDALKLANEGKVKEAQAAAEQLKTTIRAYNQKYG,19,2.1200000000000006,0.061999999999999916,0.4240000000000001,0.012399999999999984,5,-1.1484,-1.0224,-1.1746400000000001
1YYJA,F,61,A,Forward,5.0,25.0,-4.52,ADLEDNWETLNDNLKVIEKADNAAQVKDALTKMRAAALDAQKATPPKLEDKSPDSPEMKDFRHGFDILVGQIDDALKLANEGKVKEAQAAAEQLKTTIRAYNQKYG,60,14.889999999999999,1.044,1.8612499999999998,0.1305,8,-2.0423,-1.2188,-2.11768
1YYJA,F,65,A,Forward,5.0,25.0,-1.92,ADLEDNWETLNDNLKVIEKADNAAQVKDALTKMRAAALDAQKATPPKLEDKSPDSPEMKDFRHGFDILVGQIDDALKLANEGKVKEAQAAAEQLKTTIRAYNQKYG,64,10.539999999999997,3.9609999999999994,2.1079999999999997,0.7921999999999999,5,-1.7378,-1.8022,-1.53632
1YYJA,Y,105,A,Forward,5.0,25.0,-2.36,ADLEDNWETLNDNLKVIEKADNAAQVKDALTKMRAAALDAQKATPPKLEDKSPDSPEMKDFRHGFDILVGQIDDALKLANEGKVKEAQAAAEQLKTTIRAYNQKYG,103,0.6399999999999997,0.008000000000000007,0.6399999999999997,0.008000000000000007,1,-1.0448,-1.0116,-1.06056
1ZG4A,W,290,F,Forward,7.0,25.0,-0.83,HPETLVKVKDAEDQLGARVGYIELDLNSGKILESFRPEERFPMMSTFKVLLCGAVLSRIDAGQEQLGRRIHYSQNDLVEYSPVTEKHLTDGMTVRELCSAAITMSDNTAANLLLTTIGGPKELTAFLHNMGDHVTRLDRWEPELNEAIPNDERDTTMPVAMATTLRKLLTGELLTLASRQQLIDWMEADKVAGPLLRSALPAGWFIADKSGAGERGSRGIIAALGPDGKPSRIVVIYTTGSQATMDERNRQIAEIGASLIKHW,262,-0.7899999999999996,0.552,-0.7899999999999996,0.552,1,-0.9447,-1.1204,-0.90264
1ZNJB,H,10,E,Forward,8.0,25.0,1.11,FVNQHLCGSHLVEALYLVCGERGFFYTPKT,9,4.95,0.07599999999999996,0.99,0.015199999999999991,5,-1.3465,-1.0252,-1.39992
1ZNJB,H,10,T,Forward,8.0,25.0,0.03,FVNQHLCGSHLVEALYLVCGERGFFYTPKT,9,1.0200000000000007,0.02200000000000002,0.20400000000000013,0.004400000000000004,5,-1.0714000000000001,-1.0144,-1.0898400000000001
1ZNJB,F,25,D,Forward,8.0,25.0,0.48,FVNQHLCGSHLVEALYLVCGERGFFYTPKT,24,0.0,0.0,0.0,0.0,0,-1.0,-1.01,-1.01
2A36A,T,22,A,Forward,6.0,25.0,0.4,MEAIAKHDFSATADDELSFRKTQILKILNMEDDSNWYRAELDGKEGLIPSNYIEMKNHD,21,-1.3900000000000001,-0.14400000000000035,-0.2316666666666667,-0.02400000000000006,6,-0.9027,-0.9812,-0.91032
2A36A,T,22,F,Forward,6.0,25.0,1.3,MEAIAKHDFSATADDELSFRKTQILKILNMEDDSNWYRAELDGKEGLIPSNYIEMKNHD,21,-4.9799999999999995,-0.8270000000000002,-2.4899999999999998,-0.4135000000000001,2,-0.6514,-0.8446,-0.67776
2A36A,T,22,L,Forward,6.0,25.0,0.5,MEAIAKHDFSATADDELSFRKTQILKILNMEDDSNWYRAELDGKEGLIPSNYIEMKNHD,21,-5.1,-0.909,-2.55,-0.4545,2,-0.643,-0.8282,-0.67472
2A36A,T,22,N,Forward,6.0,25.0,1.3,MEAIAKHDFSATADDELSFRKTQILKILNMEDDSNWYRAELDGKEGLIPSNYIEMKNHD,21,2.62,0.1060000000000001,0.4366666666666667,0.01766666666666668,6,-1.1834,-1.0312000000000001,-1.21112
2DRIA,V,50,E,Forward,7.7,25.0,-3.5,KDTIALVVSTLNNPFFVSLKDGAQKEADKLGYNLVVLDSQNNPAKELANVQDLTVRGTKILLINPTDSDAVGNAVKMANQANIPVITLDRQATKGEVVSHIASDNVLGGKIAGDYIAKKAGEGAKVIELQGIAGTSAARERGEGFQQAVAAHKFNVLASQPADFDRIKGLNVMQNLLTAHPDVQAVFAQNDEMALGALRALQTAGKSDVMVVGFDGTPDGEKAVNDGKLAATIAQLPDQIGAKGVETADKVLKGEKVQAKYPVDLKLVVKQ,49,16.08,2.069,2.6799999999999997,0.3448333333333333,6,-2.1256,-1.4238,-2.13088
2IMMA,A,15,L,Forward,7.4,20.0,1.36,DIVMTQSPSSLSVSAGERVTMSCKSSQSLLNSGNQKNFLAWYQQKPGQPPKLLIYGASTRESGVPDRFTGSGSGTDFTLTISSVQAEDLAVYYCQNDHSYPLTFGAGTKLELKR,14,-13.17,-4.0969999999999995,-2.195,-0.6828333333333333,6,-0.07809999999999995,-0.1906000000000001,-0.28415999999999997
2IMMA,M,21,L,Forward,7.4,20.0,-0.31,DIVMTQSPSSLSVSAGERVTMSCKSSQSLLNSGNQKNFLAWYQQKPGQPPKLLIYGASTRESGVPDRFTGSGSGTDFTLTISSVQAEDLAVYYCQNDHSYPLTFGAGTKLELKR,20,-3.7800000000000007,-0.15299999999999964,-0.6300000000000001,-0.02549999999999994,6,-0.7353999999999999,-0.9794,-0.7198399999999999
2IMMA,K,24,R,Forward,7.4,20.0,-0.17,DIVMTQSPSSLSVSAGERVTMSCKSSQSLLNSGNQKNFLAWYQQKPGQPPKLLIYGASTRESGVPDRFTGSGSGTDFTLTISSVQAEDLAVYYCQNDHSYPLTFGAGTKLELKR,23,-6.38,0.20099999999999973,-0.58,0.01827272727272725,11,-0.5533999999999999,-1.0502,-0.48352000000000006
2IMMA,Q,79,E,Forward,7.4,20.0,-0.41,DIVMTQSPSSLSVSAGERVTMSCKSSQSLLNSGNQKNFLAWYQQKPGQPPKLLIYGASTRESGVPDRFTGSGSGTDFTLTISSVQAEDLAVYYCQNDHSYPLTFGAGTKLELKR,84,2.68,0.39000000000000035,0.3828571428571429,0.055714285714285765,7,-1.1876,-1.088,-1.1932
2IMMA,L,106,I,Forward,7.4,20.0,0.36,DIVMTQSPSSLSVSAGERVTMSCKSSQSLLNSGNQKNFLAWYQQKPGQPPKLLIYGASTRESGVPDRFTGSGSGTDFTLTISSVQAEDLAVYYCQNDHSYPLTFGAGTKLELKR,111,2.0900000000000007,1.687,0.34833333333333344,0.2811666666666667,6,-1.1463,-1.3474,-1.04224
2LZMA,G,51,D,Forward,7.0,22.0,-2.63,MNIFEMLRIDEGLRLKIYKDTEGYYTIGIGHLLTKSPSLNAAKSELDKAIGRNCNGVITKDEAEKLFNQDVDAAVRGILRNAKLKPVYDSLDAVRRCALINMVFQMGETGVAGFTNSLRMLQQKRWDEAAVNLAKSRWYNQTPNRAKRVITTFRTGTWDAYKNL,50,0.0,0.0,0.0,0.0,0,-1.0,-1.01,-1.01
2LZMA,I,58,Y,Forward,7.0,22.0,-3.11,MNIFEMLRIDEGLRLKIYKDTEGYYTIGIGHLLTKSPSLNAAKSELDKAIGRNCNGVITKDEAEKLFNQDVDAAVRGILRNAKLKPVYDSLDAVRRCALINMVFQMGETGVAGFTNSLRMLQQKRWDEAAVNLAKSRWYNQTPNRAKRVITTFRTGTWDAYKNL,57,2.52,0.554,0.63,0.1385,4,-1.1764000000000001,-1.1208,-1.16728
2LZMA,A,146,I,Forward,7.0,22.0,-4.31,MNIFEMLRIDEGLRLKIYKDTEGYYTIGIGHLLTKSPSLNAAKSELDKAIGRNCNGVITKDEAEKLFNQDVDAAVRGILRNAKLKPVYDSLDAVRRCALINMVFQMGETGVAGFTNSLRMLQQKRWDEAAVNLAKSRWYNQTPNRAKRVITTFRTGTWDAYKNL,145,-2.0799999999999996,-0.615,-2.0799999999999996,-0.615,1,-0.8544,-0.887,-0.8928
2LZMA,F,153,C,Forward,7.0,22.0,-3.11,MNIFEMLRIDEGLRLKIYKDTEGYYTIGIGHLLTKSPSLNAAKSELDKAIGRNCNGVITKDEAEKLFNQDVDAAVRGILRNAKLKPVYDSLDAVRRCALINMVFQMGETGVAGFTNSLRMLQQKRWDEAAVNLAKSRWYNQTPNRAKRVITTFRTGTWDAYKNL,152,16.070000000000004,8.166,1.2361538461538464,0.6281538461538462,13,-2.1249000000000002,-2.6432,-1.6423200000000002
2NVHA,R,4,Q,Forward,6.5,25.0,-0.57,APVRSLNCTLRDSQQKSLVMSGPYELKALHLQGQDMEQQVVFSMSFVQGEESNDKIPVALGLKEKNLYLSCVLKDDKPTLQLESVDPKNYPKKKMEKRFVFNKIEINNKLEFESAQFPNWYISTSQAENMPVFLGGTKGGQDITDFTMQFVS,3,-1.4000000000000001,-0.009000000000000008,-0.46666666666666673,-0.0030000000000000027,3,-0.902,-1.0082,-0.89872
2NVHA,N,7,D,Forward,6.5,25.0,0.09,APVRSLNCTLRDSQQKSLVMSGPYELKALHLQGQDMEQQVVFSMSFVQGEESNDKIPVALGLKEKNLYLSCVLKDDKPTLQLESVDPKNYPKKKMEKRFVFNKIEINNKLEFESAQFPNWYISTSQAENMPVFLGGTKGGQDITDFTMQFVS,6,0.3500000000000003,0.02100000000000013,0.07000000000000006,0.004200000000000026,5,-1.0245,-1.0142,-1.0363200000000001
2NVHA,C,8,S,Forward,6.5,25.0,-3.74,APVRSLNCTLRDSQQKSLVMSGPYELKALHLQGQDMEQQVVFSMSFVQGEESNDKIPVALGLKEKNLYLSCVLKDDKPTLQLESVDPKNYPKKKMEKRFVFNKIEINNKLEFESAQFPNWYISTSQAENMPVFLGGTKGGQDITDFTMQFVS,7,9.100000000000001,1.505,1.5166666666666668,0.2508333333333333,6,-1.637,-1.311,-1.6176000000000001
2RN2A,H,62,A,Forward,6.4,25.0,0.44,MLKQVEIFTDGSCLGNPGPGGYGAILRYRGREKTFSAGYTRTTNNRMELMAAIVALEALKEHCEVILSTDSQYVRQGITQWIHNWKKRGWKTADKKPVKNVDLWQRLDAALGQHQIKWEWVKGHAGHPENERCDELARAAAMNPTLEDTGYQVEV,61,1.1299999999999997,0.0010000000000000009,0.18833333333333327,0.00016666666666666682,6,-1.0791,-1.0102,-1.10032
2RN2A,H,83,A,Forward,6.4,25.0,0.07,MLKQVEIFTDGSCLGNPGPGGYGAILRYRGREKTFSAGYTRTTNNRMELMAAIVALEALKEHCEVILSTDSQYVRQGITQWIHNWKKRGWKTADKKPVKNVDLWQRLDAALGQHQIKWEWVKGHAGHPENERCDELARAAAMNPTLEDTGYQVEV,82,-0.5600000000000005,-0.008999999999999994,-0.18666666666666684,-0.002999999999999998,3,-0.9608,-1.0082,-0.96592
2TRXA,D,26,I,Forward,7.0,25.0,3.37,SDKIIHLTDDSFDTDVLKADGAILVDFWAEWCGPCKMIAPILDEIADEYQGKLTVAKLNIDQNPGTAPKYGIRGIPTLLLFKNGEVAATKVGALSKGQLKEFLDANLA,25,-22.32,-1.383,-2.79,-0.172875,8,0.5624000000000002,-0.7334,0.6649600000000002
2TRXA,T,66,L,Forward,7.0,25.0,-1.03,SDKIIHLTDDSFDTDVLKADGAILVDFWAEWCGPCKMIAPILDEIADEYQGKLTVAKLNIDQNPGTAPKYGIRGIPTLLLFKNGEVAATKVGALSKGQLKEFLDANLA,65,-10.5,-6.274,-1.75,-1.0456666666666667,6,-0.2649999999999999,0.24480000000000013,-0.6719200000000001
3GLYA,G,139,A,Forward,4.5,30.0,-1.4,ATLDSWLSNEATVARTAILNNIGADGAWVSGADSGIVVASPSTDNPDYFYTWTRDSGLVIKTLVDLFRNGDTDLLSTIEHYISSQAIIQGVSNPSGDLSSGGLGEPKFNVDETAYTGSWGRPQRDGPALRATAMIGFGQWLLDNGYTSAATEIVWPLVRNDLSYVAQYWNQTGYDLWEEVNGSSFFTIAVQHRALVEGSAFATAVGSSCSWCDSQAPQILCYLQSFWTGSYILANFDSSRSGKDTNTLLGSIHTFDPEAGCDDSTFQPCSPRALANHKEVVDSFRSIYTLNDGLSDSEAVAVGRYPEDSYYNGNPWFLCTLAAAEQLYDALYQWDKQGSLEITDVSLDFFKALYSGAATGTYSSSSSTYSSIVSAVKTFADGFVSIVETHAASNGSLSEQFDKSDGDELSARDLTWSYAALLTANNRRNSVVPPSWGETSASSVPGTCAATSASGTYSSVTVTSWPSIVA,137,-4.6,-0.05000000000000001,-0.45999999999999996,-0.005000000000000001,10,-0.6779999999999999,-1.0,-0.646
3GLYA,G,383,A,Forward,4.5,30.0,0.11,ATLDSWLSNEATVARTAILNNIGADGAWVSGADSGIVVASPSTDNPDYFYTWTRDSGLVIKTLVDLFRNGDTDLLSTIEHYISSQAIIQGVSNPSGDLSSGGLGEPKFNVDETAYTGSWGRPQRDGPALRATAMIGFGQWLLDNGYTSAATEIVWPLVRNDLSYVAQYWNQTGYDLWEEVNGSSFFTIAVQHRALVEGSAFATAVGSSCSWCDSQAPQILCYLQSFWTGSYILANFDSSRSGKDTNTLLGSIHTFDPEAGCDDSTFQPCSPRALANHKEVVDSFRSIYTLNDGLSDSEAVAVGRYPEDSYYNGNPWFLCTLAAAEQLYDALYQWDKQGSLEITDVSLDFFKALYSGAATGTYSSSSSTYSSIVSAVKTFADGFVSIVETHAASNGSLSEQFDKSDGDELSARDLTWSYAALLTANNRRNSVVPPSWGETSASSVPGTCAATSASGTYSSVTVTSWPSIVA,381,-4.5,-0.03600000000000003,-0.45,-0.0036000000000000034,10,-0.6849999999999999,-1.0028,-0.6528799999999999
3MBPA,W,10,A,Forward,7.6,25.0,-4.31,KIEEGKLVIWINGDKGYNGLAEVGKKFEKDTGIKVTVEHPDKLEEKFPQVAATGDGPDIIFWAHDRFGGYAQSGLLAEITPDKAFQDKLYPFTWDAVRYNGKLIAYPIAVEALSLIYNKDLLPNPPKTWEEIPALDKELKAKGKSALMFNLQEPYFTWPLIAADGGYAFKYENGKYDIKDVGVDNAGAKAGLTFLVDLIKNKHMNADTDYSIAEAAFNKGETAMTINGPWAWSNIDTSKVNYGVTVLPTFKGQPSKPFVGVLSAGINAASPNKELAKEFLENYLLTDEGLEAVNKDKPLGAVALKSYEEELAKDPRIAATMENAQKGEIMPNIPQMSAFWYAVRTAVINAASGRQTVDEALKDAQTRITK,9,0.0,0.0,0.0,0.0,0,-1.0,-1.01,-1.01
3PGKA,Y,48,W,Forward,7.5,25.0,-1.62,SLSSKLSVQDLDLKDKRVFIRVDFNVPLDGKKITSNQRIVAALPTIKYVLEHHPRYVVLASHLGRPNGERNEKYSLAPVAKELQSLLGKDVTFLNDCVGPEVEAAVKASAPGSVILLENLRYHIEEEGSRKVDGQKVKASKEDVQKFRHELSSLADVYINDAFGTAHRAHSSMVGFDLPQRAAGFLLEKELKYFGKALENPTRPFLAILGGAKVADKIQLIDNLLDKVDSIIIGGGMAFTFKKVLENTEIGDSIFDKAVGPEIAKLMEKAKAKGVEVVLPVDFIIADAFSASANTKTVTDKEGIPAGWQGLDNGPESRKLFAATVAKATVILWNGPPGVFEFEKFAAGTKALLDEVVKSSAAGNTVIIGGGDTATVAKKYGVTDKISHVSTGGGASLELLEGKELPGVAFLSEKK,47,-0.13999999999999968,0.0020000000000000018,-0.13999999999999968,0.0020000000000000018,1,-0.9902,-1.0104,-0.9986400000000001
3PGKA,Y,122,W,Forward,7.5,25.0,-2.19,SLSSKLSVQDLDLKDKRVFIRVDFNVPLDGKKITSNQRIVAALPTIKYVLEHHPRYVVLASHLGRPNGERNEKYSLAPVAKELQSLLGKDVTFLNDCVGPEVEAAVKASAPGSVILLENLRYHIEEEGSRKVDGQKVKASKEDVQKFRHELSSLADVYINDAFGTAHRAHSSMVGFDLPQRAAGFLLEKELKYFGKALENPTRPFLAILGGAKVADKIQLIDNLLDKVDSIIIGGGMAFTFKKVLENTEIGDSIFDKAVGPEIAKLMEKAKAKGVEVVLPVDFIIADAFSASANTKTVTDKEGIPAGWQGLDNGPESRKLFAATVAKATVILWNGPPGVFEFEKFAAGTKALLDEVVKSSAAGNTVIIGGGDTATVAKKYGVTDKISHVSTGGGASLELLEGKELPGVAFLSEKK,121,-1.1,-0.06799999999999984,-0.3666666666666667,-0.022666666666666613,3,-0.923,-0.9964000000000001,-0.92744
3PGKA,F,194,W,Forward,7.5,25.0,-1.12,SLSSKLSVQDLDLKDKRVFIRVDFNVPLDGKKITSNQRIVAALPTIKYVLEHHPRYVVLASHLGRPNGERNEKYSLAPVAKELQSLLGKDVTFLNDCVGPEVEAAVKASAPGSVILLENLRYHIEEEGSRKVDGQKVKASKEDVQKFRHELSSLADVYINDAFGTAHRAHSSMVGFDLPQRAAGFLLEKELKYFGKALENPTRPFLAILGGAKVADKIQLIDNLLDKVDSIIIGGGMAFTFKKVLENTEIGDSIFDKAVGPEIAKLMEKAKAKGVEVVLPVDFIIADAFSASANTKTVTDKEGIPAGWQGLDNGPESRKLFAATVAKATVILWNGPPGVFEFEKFAAGTKALLDEVVKSSAAGNTVIIGGGDTATVAKKYGVTDKISHVSTGGGASLELLEGKELPGVAFLSEKK,193,4.32,3.083,0.54,0.385375,8,-1.3024,-1.6266,-1.10896
3PGKA,H,388,Q,Forward,6.5,25.0,-0.84,SLSSKLSVQDLDLKDKRVFIRVDFNVPLDGKKITSNQRIVAALPTIKYVLEHHPRYVVLASHLGRPNGERNEKYSLAPVAKELQSLLGKDVTFLNDCVGPEVEAAVKASAPGSVILLENLRYHIEEEGSRKVDGQKVKASKEDVQKFRHELSSLADVYINDAFGTAHRAHSSMVGFDLPQRAAGFLLEKELKYFGKALENPTRPFLAILGGAKVADKIQLIDNLLDKVDSIIIGGGMAFTFKKVLENTEIGDSIFDKAVGPEIAKLMEKAKAKGVEVVLPVDFIIADAFSASANTKTVTDKEGIPAGWQGLDNGPESRKLFAATVAKATVILWNGPPGVFEFEKFAAGTKALLDEVVKSSAAGNTVIIGGGDTATVAKKYGVTDKISHVSTGGGASLELLEGKELPGVAFLSEKK,387,2.01,0.002000000000000113,0.5025,0.0005000000000000282,4,-1.1407,-1.0104,-1.17064
3SILA,A,53,L,Forward,7.0,25.0,0.9,EKSVVFKAEGEHFTDQKGNTIVGSGSGGTTKYFRIPAMCTTSKGTIVVFADARHNTASDQSFIDTAAARSTDGGKTWNKKIAIYNDRVNSKLSRVMDPTCIVANIQGRETILVMVGKWNNNDKTWGAYRDKAPDTDWDLVLYKSTDDGVTFSKVETNIHDIVTKNGTISAMLGGVGSGLQLNDGKLVFPVQMVRTKNITTVLNTSFIYSTDGITWSLPSGYCEGFGSENNIIEFNASLVNNIRNSGLRRSFETKDFGKTWTEFPPMDKKVDNRNHGVQGSTITIPSGNKLVAAHSSAQNKNNDYTRSDISLYAHNLYSGEVKLIDDFYPKVGNASGAGYSCLSYRKNVDKETLYVVYEANGSIEFQDLSRHLPVIKSYN,49,-18.93,-1.5829999999999995,-1.893,-0.15829999999999994,10,0.32510000000000017,-0.6934,0.3777600000000001
4LYZA,E,35,A,Forward,4.6,35.0,1.24,KVFGRCELAAAMKRHGLDNYRGYSLGNWVCAAKFESNFNTQATNRNTDGSTDYGILQINSRWWCNDGRTPGSRNLCNIPCSALLSSDITASVNCAKKIVSDGNGMNAWVAWRNRCKGTDVQAWIRGCRL,34,-7.34,-0.643,-1.0485714285714285,-0.09185714285714286,7,-0.48619999999999997,-0.8814,-0.47424
5DFRA,I,2,V,Forward,7.8,15.0,-0.55,MISLIAALAVDRVIGPWNLPADLAWFKRNTLDKPVIMGRHTWESIGRPLPGRKNIILSSQPGTDDRVTWVKSVDEAIAACGDVPEIMVIGGGRVYEQFLPKAQKLYLTHIDAEVEGDTHFPDYEPDDWESVFSEFHDADAQNSHSYCFEILERR,1,1.5300000000000002,-0.4,0.5100000000000001,-0.13333333333333333,3,-1.1071,-0.9299999999999999,-1.1644
5DFRA,W,30,M,Forward,7.8,15.0,-1.94,MISLIAALAVDRVIGPWNLPADLAWFKRNTLDKPVIMGRHTWESIGRPLPGRKNIILSSQPGTDDRVTWVKSVDEAIAACGDVPEIMVIGGGRVYEQFLPKAQKLYLTHIDAEVEGDTHFPDYEPDDWESVFSEFHDADAQNSHSYCFEILERR,24,-0.6899999999999991,-0.21899999999999986,-0.34499999999999953,-0.10949999999999993,2,-0.9517000000000001,-0.9662000000000001,-0.9723200000000001
5DFRA,V,40,H,Forward,7.8,15.0,-2.76,MISLIAALAVDRVIGPWNLPADLAWFKRNTLDKPVIMGRHTWESIGRPLPGRKNIILSSQPGTDDRVTWVKSVDEAIAACGDVPEIMVIGGGRVYEQFLPKAQKLYLTHIDAEVEGDTHFPDYEPDDWESVFSEFHDADAQNSHSYCFEILERR,34,13.82,5.41,1.1516666666666666,0.45083333333333336,12,-1.9674,-2.092,-1.6828
5DFRA,N,59,T,Forward,7.8,15.0,-0.05,MISLIAALAVDRVIGPWNLPADLAWFKRNTLDKPVIMGRHTWESIGRPLPGRKNIILSSQPGTDDRVTWVKSVDEAIAACGDVPEIMVIGGGRVYEQFLPKAQKLYLTHIDAEVEGDTHFPDYEPDDWESVFSEFHDADAQNSHSYCFEILERR,53,-2.99,-0.011999999999999997,-0.37375,-0.0014999999999999996,8,-0.7907,-1.0076,-0.77176
5DFRA,N,59,W,Forward,7.8,15.0,-0.79,MISLIAALAVDRVIGPWNLPADLAWFKRNTLDKPVIMGRHTWESIGRPLPGRKNIILSSQPGTDDRVTWVKSVDEAIAACGDVPEIMVIGGGRVYEQFLPKAQKLYLTHIDAEVEGDTHFPDYEPDDWESVFSEFHDADAQNSHSYCFEILERR,53,-14.46,-0.131,-2.065714285714286,-0.018714285714285715,7,0.01220000000000021,-0.9838,0.13632
5DFRA,G,67,S,Forward,7.0,15.0,-0.27,MISLIAALAVDRVIGPWNLPADLAWFKRNTLDKPVIMGRHTWESIGRPLPGRKNIILSSQPGTDDRVTWVKSVDEAIAACGDVPEIMVIGGGRVYEQFLPKAQKLYLTHIDAEVEGDTHFPDYEPDDWESVFSEFHDADAQNSHSYCFEILERR,61,1.1399999999999997,0.01200000000000001,0.2849999999999999,0.0030000000000000027,4,-1.0798,-1.0124,-1.1002399999999999
5DFRA,G,67,T,Forward,7.0,15.0,-0.62,MISLIAALAVDRVIGPWNLPADLAWFKRNTLDKPVIMGRHTWESIGRPLPGRKNIILSSQPGTDDRVTWVKSVDEAIAACGDVPEIMVIGGGRVYEQFLPKAQKLYLTHIDAEVEGDTHFPDYEPDDWESVFSEFHDADAQNSHSYCFEILERR,61,-0.17000000000000082,-0.0020000000000000018,-0.042500000000000204,-0.0005000000000000004,4,-0.9881,-1.0096,-0.9965599999999999
5DFRA,G,95,A,Forward,7.8,15.0,-0.9,MISLIAALAVDRVIGPWNLPADLAWFKRNTLDKPVIMGRHTWESIGRPLPGRKNIILSSQPGTDDRVTWVKSVDEAIAACGDVPEIMVIGGGRVYEQFLPKAQKLYLTHIDAEVEGDTHFPDYEPDDWESVFSEFHDADAQNSHSYCFEILERR,89,-2.99,-0.15699999999999992,-0.42714285714285716,-0.022428571428571416,7,-0.7907,-0.9786,-0.7833600000000001
5DFRA,G,121,C,Forward,7.0,15.0,-0.22,MISLIAALAVDRVIGPWNLPADLAWFKRNTLDKPVIMGRHTWESIGRPLPGRKNIILSSQPGTDDRVTWVKSVDEAIAACGDVPEIMVIGGGRVYEQFLPKAQKLYLTHIDAEVEGDTHFPDYEPDDWESVFSEFHDADAQNSHSYCFEILERR,115,0.0,0.0,0.0,0.0,0,-1.0,-1.01,-1.01
5DFRA,G,121,H,Forward,7.0,15.0,-0.56,MISLIAALAVDRVIGPWNLPADLAWFKRNTLDKPVIMGRHTWESIGRPLPGRKNIILSSQPGTDDRVTWVKSVDEAIAACGDVPEIMVIGGGRVYEQFLPKAQKLYLTHIDAEVEGDTHFPDYEPDDWESVFSEFHDADAQNSHSYCFEILERR,115,0.0,0.0,0.0,0.0,0,-1.0,-1.01,-1.01
5DFRA,I,155,T,Forward,7.8,15.0,-2.53,MISLIAALAVDRVIGPWNLPADLAWFKRNTLDKPVIMGRHTWESIGRPLPGRKNIILSSQPGTDDRVTWVKSVDEAIAACGDVPEIMVIGGGRVYEQFLPKAQKLYLTHIDAEVEGDTHFPDYEPDDWESVFSEFHDADAQNSHSYCFEILERR,149,12.43,0.30000000000000004,2.0716666666666668,0.05000000000000001,6,-1.8701,-1.07,-1.9804
5PTIA,A,16,T,Forward,8.7,25.0,-1.7,RPDFCLEPPYTGPCKARIIRYFYNAKAGLCQTFVYGGCRAKRNNFKSAEDCMRTCGGA,15,1.85,0.17100000000000048,0.37,0.0342000000000001,5,-1.1295,-1.0442,-1.14432
5PTIA,A,16,V,Forward,8.7,25.0,-1.3,RPDFCLEPPYTGPCKARIIRYFYNAKAGLCQTFVYGGCRAKRNNFKSAEDCMRTCGGA,15,-6.27,-1.5769999999999997,-1.254,-0.31539999999999996,5,-0.5610999999999999,-0.6946000000000001,-0.63456
5PTIA,Y,35,D,Forward,8.7,25.0,-3.8,RPDFCLEPPYTGPCKARIIRYFYNAKAGLCQTFVYGGCRAKRNNFKSAEDCMRTCGGA,34,20.62,1.4130000000000003,1.4728571428571429,0.10092857142857145,14,-2.4434000000000005,-1.2926000000000002,-2.5465600000000004
