PDB_CHAIN,WILD_RES,RES_NUM_PDB,MUTANT_RES,Category,PH,TEMPERATURE,EXP_DDG,PDB_SEQUENCE,RES_IND_SEQ,Calc_ddG,Calc_ddI,Calc_ddG_mean,Calc_ddI_mean,Num_contacts,Calc_Energy_scaled,Calc_Entropy_scaled,ddG_PSP_GNM_unscaled,ddG_PSP_GNM_scaled
1AJ3A,A,10,H,Reverse,7,25,-0.5,HQFFRDMDDEESWIKEKKLLVSSEDYGRDLTGVQNLRKKHKRLEAELAAHEPAIQGVLDTGKKLSDDNTIGKEEIQQRLAQFVDHWKELKQLAAARGQ,0,0,0,0,0,0,1,1.01,0,1.01
1AJ3A,A,23,I,Reverse,7,25,3.6,HQFFRDMDDEESWIKEKKLLVSSEDYGRDLTGVQNLRKKHKRLEAELAAHEPAIQGVLDTGKKLSDDNTIGKEEIQQRLAQFVDHWKELKQLAAARGQ,13,-7.28,-1.593,-1.213333333,-0.2655,6,1.5096,1.3286,5.687,1.46496
1AJ3A,A,25,E,Reverse,7,25,-0.1,HQFFRDMDDEESWIKEKKLLVSSEDYGRDLTGVQNLRKKHKRLEAELAAHEPAIQGVLDTGKKLSDDNTIGKEEIQQRLAQFVDHWKELKQLAAARGQ,15,0.6,0,0.6,0,1,0.958,1.01,-0.6,0.962
1AJ3A,A,26,K,Reverse,7,25,0,HQFFRDMDDEESWIKEKKLLVSSEDYGRDLTGVQNLRKKHKRLEAELAAHEPAIQGVLDTGKKLSDDNTIGKEEIQQRLAQFVDHWKELKQLAAARGQ,16,1.92,0.013,0.96,0.0065,2,0.8656,1.0074,-1.907,0.85744
1AJ3A,A,30,V,Reverse,7,25,0.2,HQFFRDMDDEESWIKEKKLLVSSEDYGRDLTGVQNLRKKHKRLEAELAAHEPAIQGVLDTGKKLSDDNTIGKEEIQQRLAQFVDHWKELKQLAAARGQ,20,-5.85,-1.519,-1.17,-0.3038,5,1.4095,1.3138,4.331,1.35648
1AJ3A,A,40,T,Reverse,7,25,-0.3,HQFFRDMDDEESWIKEKKLLVSSEDYGRDLTGVQNLRKKHKRLEAELAAHEPAIQGVLDTGKKLSDDNTIGKEEIQQRLAQFVDHWKELKQLAAARGQ,30,0.94,0.015,0.156666667,0.0025,6,0.9342,1.007,-0.925,0.936
1AJ3A,A,42,V,Reverse,7,25,0.4,HQFFRDMDDEESWIKEKKLLVSSEDYGRDLTGVQNLRKKHKRLEAELAAHEPAIQGVLDTGKKLSDDNTIGKEEIQQRLAQFVDHWKELKQLAAARGQ,32,-5.55,-0.312,-1.11,-0.0624,5,1.3885,1.0724,5.238,1.42904
1AJ3A,G,44,N,Reverse,7,25,0.4,HQFFRDMDDEESWIKEKKLLVSSEDYGRDLTGVQNLRKKHKRLEAELAAHEPAIQGVLDTGKKLSDDNTIGKEEIQQRLAQFVDHWKELKQLAAARGQ,34,0.52,0.03,0.065,0.00375,8,0.9636,1.004,-0.49,0.9708
1AJ3A,A,45,L,Reverse,7,25,0.2,HQFFRDMDDEESWIKEKKLLVSSEDYGRDLTGVQNLRKKHKRLEAELAAHEPAIQGVLDTGKKLSDDNTIGKEEIQQRLAQFVDHWKELKQLAAARGQ,35,-15.43,-0.681,-1.714444444,-0.075666667,9,2.0801,1.1462,14.749,2.18992
1AJ3A,A,47,K,Reverse,7,25,-0.4,HQFFRDMDDEESWIKEKKLLVSSEDYGRDLTGVQNLRKKHKRLEAELAAHEPAIQGVLDTGKKLSDDNTIGKEEIQQRLAQFVDHWKELKQLAAARGQ,37,7.81,0.196,1.115714286,0.028,7,0.4533,0.9708,-7.614,0.40088
1AJ3A,G,47,K,Reverse,7,25,0.5,HQFFRDMDDEESWIKEKKLLVSSEDYGRDLTGVQNLRKKHKRLEAELAAHEPAIQGVLDTGKKLSDDNTIGKEEIQQRLAQFVDHWKELKQLAAARGQ,37,5.54,0.051,0.791428571,0.007285714,7,0.6122,0.9998,-5.489,0.57088
1AJ3A,A,84,I,Reverse,7,25,2,HQFFRDMDDEESWIKEKKLLVSSEDYGRDLTGVQNLRKKHKRLEAELAAHEPAIQGVLDTGKKLSDDNTIGKEEIQQRLAQFVDHWKELKQLAAARGQ,74,-4.74,-1.051,-0.948,-0.2102,5,1.3318,1.2202,3.689,1.30512
1AJ3A,A,86,Q,Reverse,7,25,0,HQFFRDMDDEESWIKEKKLLVSSEDYGRDLTGVQNLRKKHKRLEAELAAHEPAIQGVLDTGKKLSDDNTIGKEEIQQRLAQFVDHWKELKQLAAARGQ,76,0.11,0.001,0.055,0.0005,2,0.9923,1.0098,-0.109,1.00128
1AJ3A,G,86,Q,Reverse,7,25,1.3,HQFFRDMDDEESWIKEKKLLVSSEDYGRDLTGVQNLRKKHKRLEAELAAHEPAIQGVLDTGKKLSDDNTIGKEEIQQRLAQFVDHWKELKQLAAARGQ,76,-0.34,0,-0.17,0,2,1.0238,1.01,0.34,1.0372
1AJ3A,A,88,L,Reverse,7,25,2.8,HQFFRDMDDEESWIKEKKLLVSSEDYGRDLTGVQNLRKKHKRLEAELAAHEPAIQGVLDTGKKLSDDNTIGKEEIQQRLAQFVDHWKELKQLAAARGQ,78,-16.78,-3.095,-2.0975,-0.386875,8,2.1746,1.629,13.685,2.1048
1AJ3A,A,93,D,Reverse,7,25,-0.7,HQFFRDMDDEESWIKEKKLLVSSEDYGRDLTGVQNLRKKHKRLEAELAAHEPAIQGVLDTGKKLSDDNTIGKEEIQQRLAQFVDHWKELKQLAAARGQ,83,3.51,0.026,1.17,0.008666667,3,0.7543,1.0048,-3.484,0.73128
1AJ3A,G,93,D,Reverse,7,25,0.3,HQFFRDMDDEESWIKEKKLLVSSEDYGRDLTGVQNLRKKHKRLEAELAAHEPAIQGVLDTGKKLSDDNTIGKEEIQQRLAQFVDHWKELKQLAAARGQ,83,2.33,0.004,0.5825,0.001,4,0.8369,1.0092,-2.326,0.82392
1AJ3A,A,96,K,Reverse,7,25,0.4,HQFFRDMDDEESWIKEKKLLVSSEDYGRDLTGVQNLRKKHKRLEAELAAHEPAIQGVLDTGKKLSDDNTIGKEEIQQRLAQFVDHWKELKQLAAARGQ,86,3,0.032,1.5,0.016,2,0.79,1.0036,-2.968,0.77256
1AJ3A,G,96,K,Reverse,7,25,1.3,HQFFRDMDDEESWIKEKKLLVSSEDYGRDLTGVQNLRKKHKRLEAELAAHEPAIQGVLDTGKKLSDDNTIGKEEIQQRLAQFVDHWKELKQLAAARGQ,86,1.66,0.011,0.83,0.0055,2,0.8838,1.0078,-1.649,0.87808
1AJ3A,A,98,L,Reverse,7,25,3.8,HQFFRDMDDEESWIKEKKLLVSSEDYGRDLTGVQNLRKKHKRLEAELAAHEPAIQGVLDTGKKLSDDNTIGKEEIQQRLAQFVDHWKELKQLAAARGQ,88,-5.95,-0.252,-1.983333333,-0.084,3,1.4165,1.0604,5.698,1.46584
1AKYA,E,48,Q,Reverse,7.7,25,0.96,ESIRMVLIGPPGAGKGTQAPNLQERFHAAHLATGDMLRSQIAKGTQLGLEAKKIMDQGGLVSDDIMVNMIKDELTNNPACKNGFILDGFPRTIPQAEKLDQMLKEQGTPLEKAIELKVDDELLVARITGRLIHPASGRSYHKIFNPPKEDMKDDVTGEALVQRSDDNADALKKRLAAYHAQTEPIVDFYKKTGIWAGVDASQPPATVWADILNKLGKN,45,-0.89,-0.002,-0.445,-0.001,2,1.0623,1.0104,0.888,1.08104
1AONU,W,48,I,Reverse,7.8,25,0.2,MNIRPLHDRVIVKRKEVETKSAGGIVLTGSAAAKSTRGEVLAVGNGRILENGEVKPLDVKVGDIVIFNDGYGVKSEKIDNEEVLIMSESDILAIVEA,47,-0.84,-0.109,-0.21,-0.02725,4,1.0588,1.0318,0.731,1.06848
1APSA,V,75,I,Reverse,5.5,28,1.41,STARPLKSVDYEVFGRVQGVCFRMYAEDEARKIGVVGWVKNTSKGTVTGQVQGPEEKVNSMKSWLSKVGSPSSRIDRTNFSNEKTISKLEYSNFSVRY,74,-3.5,-1.137,-0.5,-0.162428571,7,1.245,1.2374,2.363,1.19904
1BNIA,A,27,K,Reverse,6.3,25,-0.44,VINTFDGVADYLQTYHKLPDNYITKSEAQALGWVASKGNLADVAPGKSIGGDIFSNREGKLPGKSGRTWREADINYTSGFRNSDRILYSSDWLIYKTTDHYQTFTKIR,24,8.46,0.339,1.0575,0.042375,8,0.4078,0.9422,-8.121,0.36032
1BNIA,A,59,R,Reverse,6.3,25,-0.64,VINTFDGVADYLQTYHKLPDNYITKSEAQALGWVASKGNLADVAPGKSIGGDIFSNREGKLPGKSGRTWREADINYTSGFRNSDRILYSSDWLIYKTTDHYQTFTKIR,56,2.53,0.01,0.6325,0.0025,4,0.8229,1.008,-2.52,0.8084
1BNIA,T,76,I,Reverse,6.3,25,2.64,VINTFDGVADYLQTYHKLPDNYITKSEAQALGWVASKGNLADVAPGKSIGGDIFSNREGKLPGKSGRTWREADINYTSGFRNSDRILYSSDWLIYKTTDHYQTFTKIR,73,-25.23,-9.299,-1.940769231,-0.715307692,13,2.7661,2.8698,15.931,2.28448
1BTAA,Q,22,K,Reverse,8,25,0.79,KKAVINGEQIRSISDLHQTLKKELALPEYYGENLDALWDCLTGWVEYPLVLEWRQFEQSKQLTENGAESVLQVFREAKAEGCDITIILS,21,0.58,0.003,0.58,0.003,1,0.9594,1.0094,-0.577,0.96384
1BTAA,E,60,K,Reverse,8,25,1.17,KKAVINGEQIRSISDLHQTLKKELALPEYYGENLDALWDCLTGWVEYPLVLEWRQFEQSKQLTENGAESVLQVFREAKAEGCDITIILS,59,-0.58,0.016,-0.048333333,0.001333333,12,1.0406,1.0068,0.596,1.05768
1BTAA,L,75,R,Reverse,8,25,-0.75,KKAVINGEQIRSISDLHQTLKKELALPEYYGENLDALWDCLTGWVEYPLVLEWRQFEQSKQLTENGAESVLQVFREAKAEGCDITIILS,74,3.27,-0.044,1.09,-0.014666667,3,0.7711,1.0188,-3.314,0.74488
1BVCA,V,24,H,Reverse,7,0,0.52,VLSEGEWQLVLHVWAKVEADVAGHGQDILIRLFKSHPETLEKFDRFKHLKTEAEMKASEDLKKHGVTVLTALGAILKKKGHHEAELKPLAQSHATKHKIPIKYLEFISEAIIHVLHSRHPGDFGADAQGAMNKALELFRKDIAAKYKELGYQG,23,19.53,1.522,1.395,0.108714286,14,-0.3671,0.7056,-18.008,-0.43064
1BVCA,Q,48,H,Reverse,7,0,0.62,VLSEGEWQLVLHVWAKVEADVAGHGQDILIRLFKSHPETLEKFDRFKHLKTEAEMKASEDLKKHGVTVLTALGAILKKKGHHEAELKPLAQSHATKHKIPIKYLEFISEAIIHVLHSRHPGDFGADAQGAMNKALELFRKDIAAKYKELGYQG,47,0,0,0,0,0,1,1.01,0,1.01
1BVCA,F,119,H,Reverse,7,0,0.68,VLSEGEWQLVLHVWAKVEADVAGHGQDILIRLFKSHPETLEKFDRFKHLKTEAEMKASEDLKKHGVTVLTALGAILKKKGHHEAELKPLAQSHATKHKIPIKYLEFISEAIIHVLHSRHPGDFGADAQGAMNKALELFRKDIAAKYKELGYQG,118,5.27,0.747,1.756666667,0.249,3,0.6311,0.8606,-4.523,0.64816
1C9OA,K,12,E,Reverse,7,75,0.32,MQRGKVKWFNNEKGYGFIEVEGGSDVFVHFTAIQGEGFKTLEEGQEVSFEIVQGNRGPQAANVVKL,11,0,0,0,0,0,1,1.01,0,1.01
1C9OA,A,21,E,Reverse,7,70,0.29,MQRGKVKWFNNEKGYGFIEVEGGSDVFVHFTAIQGEGFKTLEEGQEVSFEIVQGNRGPQAANVVKL,20,0.16,0.035,0.053333333,0.011666667,3,0.9888,1.003,-0.125,1
1C9OA,W,38,F,Reverse,7,25,-0.24,MQRGKVKWFNNEKGYGFIEVEGGSDVFVHFTAIQGEGFKTLEEGQEVSFEIVQGNRGPQAANVVKL,37,-0.71,-0.017,-0.71,-0.017,1,1.0497,1.0134,0.693,1.06544
1C9OA,K,50,E,Reverse,7,75,0.58,MQRGKVKWFNNEKGYGFIEVEGGSDVFVHFTAIQGEGFKTLEEGQEVSFEIVQGNRGPQAANVVKL,49,-3.23,-0.043,-0.40375,-0.005375,8,1.2261,1.0186,3.187,1.26496
1C9OA,E,56,R,Reverse,7,75,-0.69,MQRGKVKWFNNEKGYGFIEVEGGSDVFVHFTAIQGEGFKTLEEGQEVSFEIVQGNRGPQAANVVKL,55,0,0,0,0,0,1,1.01,0,1.01
1CEYA,A,12,D,Reverse,7,25,-2.5,ADKELKFLVVDDFSTMRRIVRNLLKELGFNNVEEAEDGVDALNKLQAGGYGFVISDWNMPNMDGLELLKTIRADGAMSALPVLMVTAEAKKENIIAAAQAGASGYVVKPFTAATLEEKLNKIFEKLGM,10,11.85,0.623,0.846428571,0.0445,14,0.1705,0.8854,-11.227,0.11184
1CEYA,N,14,F,Reverse,7.5,25,-2.64,ADKELKFLVVDDFSTMRRIVRNLLKELGFNNVEEAEDGVDALNKLQAGGYGFVISDWNMPNMDGLELLKTIRADGAMSALPVLMVTAEAKKENIIAAAQAGASGYVVKPFTAATLEEKLNKIFEKLGM,12,-11.33,-2.388,-2.266,-0.4776,5,1.7931,1.4876,8.942,1.72536
1CEYA,A,57,D,Reverse,7,25,-3.3,ADKELKFLVVDDFSTMRRIVRNLLKELGFNNVEEAEDGVDALNKLQAGGYGFVISDWNMPNMDGLELLKTIRADGAMSALPVLMVTAEAKKENIIAAAQAGASGYVVKPFTAATLEEKLNKIFEKLGM,55,12.52,0.516,1.043333333,0.043,12,0.1236,0.9068,-12.004,0.04968
1CEYA,G,77,A,Reverse,8,25,0.31,ADKELKFLVVDDFSTMRRIVRNLLKELGFNNVEEAEDGVDALNKLQAGGYGFVISDWNMPNMDGLELLKTIRADGAMSALPVLMVTAEAKKENIIAAAQAGASGYVVKPFTAATLEEKLNKIFEKLGM,75,-0.41,-0.001,-0.41,-0.001,1,1.0287,1.0102,0.409,1.04272
1CEYA,G,80,A,Reverse,8,25,-0.43,ADKELKFLVVDDFSTMRRIVRNLLKELGFNNVEEAEDGVDALNKLQAGGYGFVISDWNMPNMDGLELLKTIRADGAMSALPVLMVTAEAKKENIIAAAQAGASGYVVKPFTAATLEEKLNKIFEKLGM,78,-2.72,-0.38,-0.34,-0.0475,8,1.1904,1.086,2.34,1.1972
1CEYA,G,88,A,Reverse,8,25,-0.04,ADKELKFLVVDDFSTMRRIVRNLLKELGFNNVEEAEDGVDALNKLQAGGYGFVISDWNMPNMDGLELLKTIRADGAMSALPVLMVTAEAKKENIIAAAQAGASGYVVKPFTAATLEEKLNKIFEKLGM,86,-2.41,-0.014,-0.401666667,-0.002333333,6,1.1687,1.0128,2.396,1.20168
1CEYA,G,99,A,Reverse,8,25,0.48,ADKELKFLVVDDFSTMRRIVRNLLKELGFNNVEEAEDGVDALNKLQAGGYGFVISDWNMPNMDGLELLKTIRADGAMSALPVLMVTAEAKKENIIAAAQAGASGYVVKPFTAATLEEKLNKIFEKLGM,97,-1.92,-0.059,-0.32,-0.009833333,6,1.1344,1.0218,1.861,1.15888
1CSEI,A,54,V,Reverse,7,25,1.58,KSFPEVVGKTVDQAREYFTLHYPQYNVYFLPEGSPVTLDLRYNRVRVFYNPGTNVVNHVPHVG,46,-11.81,-6.135,-1.312222222,-0.681666667,9,1.8267,2.237,5.675,1.464
1CSPA,Q,3,E,Reverse,7.5,55,-1.14,MLEGKVKWFNSEKGFGFIEVEGQDDVFVHFSAIQGEGFKTLEEGQAVSFEIVEGNRGPQAANVTKEA,2,3.77,0.076,0.418888889,0.008444444,9,0.7361,0.9948,-3.694,0.71448
1CSPA,S,43,E,Reverse,7,70,-0.29,MLEGKVKWFNSEKGFGFIEVEGQDDVFVHFSAIQGEGFKTLEEGQAVSFEIVEGNRGPQAANVTKEA,42,0.24,0.071,0.03,0.008875,8,0.9832,0.9958,-0.169,0.99648
1CSPA,R,48,S,Reverse,7,70,-1.58,MLEGKVKWFNSEKGFGFIEVEGQDDVFVHFSAIQGEGFKTLEEGQAVSFEIVEGNRGPQAANVTKEA,47,0.69,0.035,0.076666667,0.003888889,9,0.9517,1.003,-0.655,0.9576
1CSPA,Q,56,R,Reverse,7.5,55,-0.28,MLEGKVKWFNSEKGFGFIEVEGQDDVFVHFSAIQGEGFKTLEEGQAVSFEIVEGNRGPQAANVTKEA,55,-0.85,-0.002,-0.85,-0.002,1,1.0595,1.0104,0.848,1.07784
1CUNA,G,115,Q,Reverse,7,25,1.15,MVHQFFRDMDDEESWIKEKKLLVSSEDYGRDLTGVQNLRKKHKRLEAELAAHEPAIQSVLDTGKKLSDDNTIGKEEIQQRLAQFVDHWKELKQLAAARGQRLEESLEYQQFVANVEEEEAWINEKMTLVASEDYGDTLAAIQGLLKKHEAFETDFTVHKDRVNDVCANGEDLIKKNNHHVENITAKMKGLKGKVSDLEKAAAQRKAKLDENSA,108,2.08,0.07,0.148571429,0.005,14,0.8544,0.996,-2.01,0.8492
1CUNA,G,126,A,Reverse,7,25,1.65,MVHQFFRDMDDEESWIKEKKLLVSSEDYGRDLTGVQNLRKKHKRLEAELAAHEPAIQSVLDTGKKLSDDNTIGKEEIQQRLAQFVDHWKELKQLAAARGQRLEESLEYQQFVANVEEEEAWINEKMTLVASEDYGDTLAAIQGLLKKHEAFETDFTVHKDRVNDVCANGEDLIKKNNHHVENITAKMKGLKGKVSDLEKAAAQRKAKLDENSA,119,-2.88,-0.026,-0.36,-0.00325,8,1.2016,1.0152,2.854,1.23832
1CUNA,A,128,I,Reverse,7,25,1.65,MVHQFFRDMDDEESWIKEKKLLVSSEDYGRDLTGVQNLRKKHKRLEAELAAHEPAIQSVLDTGKKLSDDNTIGKEEIQQRLAQFVDHWKELKQLAAARGQRLEESLEYQQFVANVEEEEAWINEKMTLVASEDYGDTLAAIQGLLKKHEAFETDFTVHKDRVNDVCANGEDLIKKNNHHVENITAKMKGLKGKVSDLEKAAAQRKAKLDENSA,121,-23.99,-2.089,-1.845384615,-0.160692308,13,2.6793,1.4278,21.901,2.76208
1CUNA,V,128,I,Reverse,7,25,2.85,MVHQFFRDMDDEESWIKEKKLLVSSEDYGRDLTGVQNLRKKHKRLEAELAAHEPAIQSVLDTGKKLSDDNTIGKEEIQQRLAQFVDHWKELKQLAAARGQRLEESLEYQQFVANVEEEEAWINEKMTLVASEDYGDTLAAIQGLLKKHEAFETDFTVHKDRVNDVCANGEDLIKKNNHHVENITAKMKGLKGKVSDLEKAAAQRKAKLDENSA,121,-7.45,-0.689,-0.573076923,-0.053,13,1.5215,1.1478,6.761,1.55088
1CUNA,A,152,K,Reverse,7,25,0.15,MVHQFFRDMDDEESWIKEKKLLVSSEDYGRDLTGVQNLRKKHKRLEAELAAHEPAIQSVLDTGKKLSDDNTIGKEEIQQRLAQFVDHWKELKQLAAARGQRLEESLEYQQFVANVEEEEAWINEKMTLVASEDYGDTLAAIQGLLKKHEAFETDFTVHKDRVNDVCANGEDLIKKNNHHVENITAKMKGLKGKVSDLEKAAAQRKAKLDENSA,145,6.96,0.042,0.994285714,0.006,7,0.5128,1.0016,-6.918,0.45656
1CUNA,G,152,K,Reverse,7,25,1.45,MVHQFFRDMDDEESWIKEKKLLVSSEDYGRDLTGVQNLRKKHKRLEAELAAHEPAIQSVLDTGKKLSDDNTIGKEEIQQRLAQFVDHWKELKQLAAARGQRLEESLEYQQFVANVEEEEAWINEKMTLVASEDYGDTLAAIQGLLKKHEAFETDFTVHKDRVNDVCANGEDLIKKNNHHVENITAKMKGLKGKVSDLEKAAAQRKAKLDENSA,145,4.22,0.014,0.602857143,0.002,7,0.7046,1.0072,-4.206,0.67352
1CUNA,G,156,A,Reverse,7,25,1.45,MVHQFFRDMDDEESWIKEKKLLVSSEDYGRDLTGVQNLRKKHKRLEAELAAHEPAIQSVLDTGKKLSDDNTIGKEEIQQRLAQFVDHWKELKQLAAARGQRLEESLEYQQFVANVEEEEAWINEKMTLVASEDYGDTLAAIQGLLKKHEAFETDFTVHKDRVNDVCANGEDLIKKNNHHVENITAKMKGLKGKVSDLEKAAAQRKAKLDENSA,149,-2.01,0.012,-0.402,0.0024,5,1.1407,1.0076,2.022,1.17176
1CUNA,L,157,F,Reverse,7,25,1.85,MVHQFFRDMDDEESWIKEKKLLVSSEDYGRDLTGVQNLRKKHKRLEAELAAHEPAIQSVLDTGKKLSDDNTIGKEEIQQRLAQFVDHWKELKQLAAARGQRLEESLEYQQFVANVEEEEAWINEKMTLVASEDYGDTLAAIQGLLKKHEAFETDFTVHKDRVNDVCANGEDLIKKNNHHVENITAKMKGLKGKVSDLEKAAAQRKAKLDENSA,150,-0.2,-0.005,-0.05,-0.00125,4,1.014,1.011,0.195,1.0256
1CUNA,G,173,A,Reverse,7,25,1.95,MVHQFFRDMDDEESWIKEKKLLVSSEDYGRDLTGVQNLRKKHKRLEAELAAHEPAIQSVLDTGKKLSDDNTIGKEEIQQRLAQFVDHWKELKQLAAARGQRLEESLEYQQFVANVEEEEAWINEKMTLVASEDYGDTLAAIQGLLKKHEAFETDFTVHKDRVNDVCANGEDLIKKNNHHVENITAKMKGLKGKVSDLEKAAAQRKAKLDENSA,166,-2.02,-0.01,-0.336666667,-0.001666667,6,1.1414,1.012,2.01,1.1708
1CUNA,G,191,A,Reverse,7,25,1.35,MVHQFFRDMDDEESWIKEKKLLVSSEDYGRDLTGVQNLRKKHKRLEAELAAHEPAIQSVLDTGKKLSDDNTIGKEEIQQRLAQFVDHWKELKQLAAARGQRLEESLEYQQFVANVEEEEAWINEKMTLVASEDYGDTLAAIQGLLKKHEAFETDFTVHKDRVNDVCANGEDLIKKNNHHVENITAKMKGLKGKVSDLEKAAAQRKAKLDENSA,184,-2.03,0.007,-0.338333333,0.001166667,6,1.1421,1.0086,2.037,1.17296
1CUNA,A,193,M,Reverse,7,25,2.65,MVHQFFRDMDDEESWIKEKKLLVSSEDYGRDLTGVQNLRKKHKRLEAELAAHEPAIQSVLDTGKKLSDDNTIGKEEIQQRLAQFVDHWKELKQLAAARGQRLEESLEYQQFVANVEEEEAWINEKMTLVASEDYGDTLAAIQGLLKKHEAFETDFTVHKDRVNDVCANGEDLIKKNNHHVENITAKMKGLKGKVSDLEKAAAQRKAKLDENSA,186,-13.71,-0.32,-1.246363636,-0.029090909,11,1.9597,1.074,13.39,2.0812
1CUNA,A,196,L,Reverse,7,25,4.55,MVHQFFRDMDDEESWIKEKKLLVSSEDYGRDLTGVQNLRKKHKRLEAELAAHEPAIQSVLDTGKKLSDDNTIGKEEIQQRLAQFVDHWKELKQLAAARGQRLEESLEYQQFVANVEEEEAWINEKMTLVASEDYGDTLAAIQGLLKKHEAFETDFTVHKDRVNDVCANGEDLIKKNNHHVENITAKMKGLKGKVSDLEKAAAQRKAKLDENSA,189,-17.46,-0.282,-2.1825,-0.03525,8,2.2222,1.0664,17.178,2.38424
1CUNA,A,201,S,Reverse,7,25,-0.15,MVHQFFRDMDDEESWIKEKKLLVSSEDYGRDLTGVQNLRKKHKRLEAELAAHEPAIQSVLDTGKKLSDDNTIGKEEIQQRLAQFVDHWKELKQLAAARGQRLEESLEYQQFVANVEEEEAWINEKMTLVASEDYGDTLAAIQGLLKKHEAFETDFTVHKDRVNDVCANGEDLIKKNNHHVENITAKMKGLKGKVSDLEKAAAQRKAKLDENSA,194,1.96,0.007,0.653333333,0.002333333,3,0.8628,1.0086,-1.953,0.85376
1CUNA,G,201,S,Reverse,7,25,0.95,MVHQFFRDMDDEESWIKEKKLLVSSEDYGRDLTGVQNLRKKHKRLEAELAAHEPAIQSVLDTGKKLSDDNTIGKEEIQQRLAQFVDHWKELKQLAAARGQRLEESLEYQQFVANVEEEEAWINEKMTLVASEDYGDTLAAIQGLLKKHEAFETDFTVHKDRVNDVCANGEDLIKKNNHHVENITAKMKGLKGKVSDLEKAAAQRKAKLDENSA,194,0.64,0.001,0.213333333,0.000333333,3,0.9552,1.0098,-0.639,0.95888
1CUNA,A,203,L,Reverse,7,25,4.05,MVHQFFRDMDDEESWIKEKKLLVSSEDYGRDLTGVQNLRKKHKRLEAELAAHEPAIQSVLDTGKKLSDDNTIGKEEIQQRLAQFVDHWKELKQLAAARGQRLEESLEYQQFVANVEEEEAWINEKMTLVASEDYGDTLAAIQGLLKKHEAFETDFTVHKDRVNDVCANGEDLIKKNNHHVENITAKMKGLKGKVSDLEKAAAQRKAKLDENSA,196,-21.16,-2.955,-2.351111111,-0.328333333,9,2.4812,1.601,18.205,2.4664
1CUNA,G,212,A,Reverse,7,25,1.45,MVHQFFRDMDDEESWIKEKKLLVSSEDYGRDLTGVQNLRKKHKRLEAELAAHEPAIQSVLDTGKKLSDDNTIGKEEIQQRLAQFVDHWKELKQLAAARGQRLEESLEYQQFVANVEEEEAWINEKMTLVASEDYGDTLAAIQGLLKKHEAFETDFTVHKDRVNDVCANGEDLIKKNNHHVENITAKMKGLKGKVSDLEKAAAQRKAKLDENSA,205,-2.41,-0.006,-0.30125,-0.00075,8,1.1687,1.0112,2.404,1.20232
1CUNA,A,214,L,Reverse,7,25,3.65,MVHQFFRDMDDEESWIKEKKLLVSSEDYGRDLTGVQNLRKKHKRLEAELAAHEPAIQSVLDTGKKLSDDNTIGKEEIQQRLAQFVDHWKELKQLAAARGQRLEESLEYQQFVANVEEEEAWINEKMTLVASEDYGDTLAAIQGLLKKHEAFETDFTVHKDRVNDVCANGEDLIKKNNHHVENITAKMKGLKGKVSDLEKAAAQRKAKLDENSA,207,-4.22,-4.885,-0.703333333,-0.814166667,6,1.2954,1.987,-0.665,0.9568
1DKTA,A,9,S,Reverse,7.5,10,0.43,QIYYSDKYDDEEFEYRHVMLPKDIAKLVPKTHLMSESEWRNLGVQQSQGWVHYMIHEPEPHILLFRRPLPKK,4,2.41,0.229,0.6025,0.05725,4,0.8313,0.9642,-2.181,0.83552
1DKTA,A,11,K,Reverse,7.5,10,-0.62,QIYYSDKYDDEEFEYRHVMLPKDIAKLVPKTHLMSESEWRNLGVQQSQGWVHYMIHEPEPHILLFRRPLPKK,6,4.01,0.048,0.802,0.0096,5,0.7193,1.0004,-3.962,0.69304
1DKTA,A,39,S,Reverse,7.5,10,0.6,QIYYSDKYDDEEFEYRHVMLPKDIAKLVPKTHLMSESEWRNLGVQQSQGWVHYMIHEPEPHILLFRRPLPKK,34,2.36,0.066,0.472,0.0132,5,0.8348,0.9968,-2.294,0.82648
1DKTA,A,55,V,Reverse,7.5,10,0.73,QIYYSDKYDDEEFEYRHVMLPKDIAKLVPKTHLMSESEWRNLGVQQSQGWVHYMIHEPEPHILLFRRPLPKK,50,-4.32,-2.033,-0.72,-0.338833333,6,1.3024,1.4166,2.287,1.19296
1DKTA,L,58,M,Reverse,7.5,10,0.23,QIYYSDKYDDEEFEYRHVMLPKDIAKLVPKTHLMSESEWRNLGVQQSQGWVHYMIHEPEPHILLFRRPLPKK,53,0.96,0.651,0.96,0.651,1,0.9328,0.8798,-0.309,0.98528
1DKTA,A,71,R,Reverse,7.5,10,0.59,QIYYSDKYDDEEFEYRHVMLPKDIAKLVPKTHLMSESEWRNLGVQQSQGWVHYMIHEPEPHILLFRRPLPKK,66,2.77,1.52,0.34625,0.19,8,0.8061,0.706,-1.25,0.91
1E65A,S,7,I,Reverse,7.3,26.5,3.44,AECSVDIQGNDQMQFNTNAITVDKSCKQFTVNLSHPGNLPKNVMGHNWVLSTAADMQGVVTDGMASGLDKDYLKPDDSRVIAHTKLIGSGEKDSVTFDVSKLKEGEQYMFFCTFPGHSALMKGTLTLK,6,-14.42,-4.408,-2.06,-0.629714286,7,2.0094,1.8916,10.012,1.81096
1E65A,T,20,I,Reverse,7,25,2.39,AECSVDIQGNDQMQFNTNAITVDKSCKQFTVNLSHPGNLPKNVMGHNWVLSTAADMQGVVTDGMASGLDKDYLKPDDSRVIAHTKLIGSGEKDSVTFDVSKLKEGEQYMFFCTFPGHSALMKGTLTLK,19,-16.07,-2.832,-2.295714286,-0.404571429,7,2.1249,1.5764,13.238,2.06904
1E65A,T,31,V,Reverse,7,25,1.08,AECSVDIQGNDQMQFNTNAITVDKSCKQFTVNLSHPGNLPKNVMGHNWVLSTAADMQGVVTDGMASGLDKDYLKPDDSRVIAHTKLIGSGEKDSVTFDVSKLKEGEQYMFFCTFPGHSALMKGTLTLK,30,-18.18,-2.766,-1.515,-0.2305,12,2.2726,1.5632,15.414,2.24312
1E65A,V,50,L,Reverse,7,25,0.36,AECSVDIQGNDQMQFNTNAITVDKSCKQFTVNLSHPGNLPKNVMGHNWVLSTAADMQGVVTDGMASGLDKDYLKPDDSRVIAHTKLIGSGEKDSVTFDVSKLKEGEQYMFFCTFPGHSALMKGTLTLK,49,-4.08,-6.587,-0.370909091,-0.598818182,11,1.2856,2.3274,-2.507,0.80944
1E65A,G,60,V,Reverse,7,25,3.11,AECSVDIQGNDQMQFNTNAITVDKSCKQFTVNLSHPGNLPKNVMGHNWVLSTAADMQGVVTDGMASGLDKDYLKPDDSRVIAHTKLIGSGEKDSVTFDVSKLKEGEQYMFFCTFPGHSALMKGTLTLK,59,-19.49,-6.366,-1.624166667,-0.5305,12,2.3643,2.2832,13.124,2.05992
1E65A,G,82,A,Reverse,7,25,3.11,AECSVDIQGNDQMQFNTNAITVDKSCKQFTVNLSHPGNLPKNVMGHNWVLSTAADMQGVVTDGMASGLDKDYLKPDDSRVIAHTKLIGSGEKDSVTFDVSKLKEGEQYMFFCTFPGHSALMKGTLTLK,81,-3.58,0.154,-0.511428571,0.022,7,1.2506,0.9792,3.734,1.30872
1E65A,T,95,V,Reverse,7,25,-0.96,AECSVDIQGNDQMQFNTNAITVDKSCKQFTVNLSHPGNLPKNVMGHNWVLSTAADMQGVVTDGMASGLDKDYLKPDDSRVIAHTKLIGSGEKDSVTFDVSKLKEGEQYMFFCTFPGHSALMKGTLTLK,94,-14.68,-2.737,-1.631111111,-0.304111111,9,2.0276,1.5574,11.943,1.96544
1E65A,G,117,H,Reverse,7,20,2.18,AECSVDIQGNDQMQFNTNAITVDKSCKQFTVNLSHPGNLPKNVMGHNWVLSTAADMQGVVTDGMASGLDKDYLKPDDSRVIAHTKLIGSGEKDSVTFDVSKLKEGEQYMFFCTFPGHSALMKGTLTLK,116,-2.72,-0.082,-0.68,-0.0205,4,1.1904,1.0264,2.638,1.22104
1EY0A,V,7,L,Reverse,7,20,1.15,KLHKEPATLIKAIDGDTVKLMYKGQPMTFRLLLVDTPETKHPKKGVEKYGPEASAFTKKMVENAKKIEVEFDKGQRTDKYGRGLAYIYADGKMVNEALVRQGLAKVAYVYKPNNTHEQHLRKSEAQAKKEKLNIWS,1,-4.59,-2.479,-0.918,-0.4958,5,1.3213,1.5058,2.111,1.17888
1EY0A,F,9,K,Reverse,7,20,1.03,KLHKEPATLIKAIDGDTVKLMYKGQPMTFRLLLVDTPETKHPKKGVEKYGPEASAFTKKMVENAKKIEVEFDKGQRTDKYGRGLAYIYADGKMVNEALVRQGLAKVAYVYKPNNTHEQHLRKSEAQAKKEKLNIWS,3,9.06,3.865,2.265,0.96625,4,0.3658,0.237,-5.195,0.5944
1EY0A,C,13,T,Reverse,7,20,1.2,KLHKEPATLIKAIDGDTVKLMYKGQPMTFRLLLVDTPETKHPKKGVEKYGPEASAFTKKMVENAKKIEVEFDKGQRTDKYGRGLAYIYADGKMVNEALVRQGLAKVAYVYKPNNTHEQHLRKSEAQAKKEKLNIWS,7,2.64,0.617,0.88,0.205666667,3,0.8152,0.8866,-2.023,0.84816
1EY0A,V,14,L,Reverse,7,20,1.63,KLHKEPATLIKAIDGDTVKLMYKGQPMTFRLLLVDTPETKHPKKGVEKYGPEASAFTKKMVENAKKIEVEFDKGQRTDKYGRGLAYIYADGKMVNEALVRQGLAKVAYVYKPNNTHEQHLRKSEAQAKKEKLNIWS,8,-2.87,-1.612,-0.956666667,-0.537333333,3,1.2009,1.3324,1.258,1.11064
1EY0A,M,15,I,Reverse,7,20,0.15,KLHKEPATLIKAIDGDTVKLMYKGQPMTFRLLLVDTPETKHPKKGVEKYGPEASAFTKKMVENAKKIEVEFDKGQRTDKYGRGLAYIYADGKMVNEALVRQGLAKVAYVYKPNNTHEQHLRKSEAQAKKEKLNIWS,9,0,0,0,0,0,1,1.01,0,1.01
1EY0A,F,19,D,Reverse,7,20,1.28,KLHKEPATLIKAIDGDTVKLMYKGQPMTFRLLLVDTPETKHPKKGVEKYGPEASAFTKKMVENAKKIEVEFDKGQRTDKYGRGLAYIYADGKMVNEALVRQGLAKVAYVYKPNNTHEQHLRKSEAQAKKEKLNIWS,13,27.41,3.028,2.491818182,0.275272727,11,-0.9187,0.4044,-24.382,-0.94056
1EY0A,K,21,D,Reverse,7,20,-1.1,KLHKEPATLIKAIDGDTVKLMYKGQPMTFRLLLVDTPETKHPKKGVEKYGPEASAFTKKMVENAKKIEVEFDKGQRTDKYGRGLAYIYADGKMVNEALVRQGLAKVAYVYKPNNTHEQHLRKSEAQAKKEKLNIWS,15,-3.79,-0.097,-0.270714286,-0.006928571,14,1.2653,1.0294,3.693,1.30544
1EY0A,I,22,T,Reverse,7,20,0.61,KLHKEPATLIKAIDGDTVKLMYKGQPMTFRLLLVDTPETKHPKKGVEKYGPEASAFTKKMVENAKKIEVEFDKGQRTDKYGRGLAYIYADGKMVNEALVRQGLAKVAYVYKPNNTHEQHLRKSEAQAKKEKLNIWS,16,5.2,1.287,1.733333333,0.429,3,0.636,0.7526,-3.913,0.69696
1EY0A,I,23,V,Reverse,7,20,-0.03,KLHKEPATLIKAIDGDTVKLMYKGQPMTFRLLLVDTPETKHPKKGVEKYGPEASAFTKKMVENAKKIEVEFDKGQRTDKYGRGLAYIYADGKMVNEALVRQGLAKVAYVYKPNNTHEQHLRKSEAQAKKEKLNIWS,17,1.62,0.557,0.54,0.185666667,3,0.8866,0.8986,-1.063,0.92496
1EY0A,L,23,V,Reverse,7,20,0.02,KLHKEPATLIKAIDGDTVKLMYKGQPMTFRLLLVDTPETKHPKKGVEKYGPEASAFTKKMVENAKKIEVEFDKGQRTDKYGRGLAYIYADGKMVNEALVRQGLAKVAYVYKPNNTHEQHLRKSEAQAKKEKLNIWS,17,2.72,0.746,0.906666667,0.248666667,3,0.8096,0.8608,-1.974,0.85208
1EY0A,F,24,K,Reverse,7,20,0.4,KLHKEPATLIKAIDGDTVKLMYKGQPMTFRLLLVDTPETKHPKKGVEKYGPEASAFTKKMVENAKKIEVEFDKGQRTDKYGRGLAYIYADGKMVNEALVRQGLAKVAYVYKPNNTHEQHLRKSEAQAKKEKLNIWS,18,0,0,0,0,0,1,1.01,0,1.01
1EY0A,C,27,Y,Reverse,7,20,2.72,KLHKEPATLIKAIDGDTVKLMYKGQPMTFRLLLVDTPETKHPKKGVEKYGPEASAFTKKMVENAKKIEVEFDKGQRTDKYGRGLAYIYADGKMVNEALVRQGLAKVAYVYKPNNTHEQHLRKSEAQAKKEKLNIWS,21,-0.09,0.641,-0.0225,0.16025,4,1.0063,0.8818,0.731,1.06848
1EY0A,V,29,G,Reverse,7,20,3.11,KLHKEPATLIKAIDGDTVKLMYKGQPMTFRLLLVDTPETKHPKKGVEKYGPEASAFTKKMVENAKKIEVEFDKGQRTDKYGRGLAYIYADGKMVNEALVRQGLAKVAYVYKPNNTHEQHLRKSEAQAKKEKLNIWS,23,1.73,0.032,1.73,0.032,1,0.8789,1.0036,-1.698,0.87416
1EY0A,C,33,T,Reverse,7,20,1.04,KLHKEPATLIKAIDGDTVKLMYKGQPMTFRLLLVDTPETKHPKKGVEKYGPEASAFTKKMVENAKKIEVEFDKGQRTDKYGRGLAYIYADGKMVNEALVRQGLAKVAYVYKPNNTHEQHLRKSEAQAKKEKLNIWS,27,2.83,1.743,0.943333333,0.581,3,0.8019,0.6614,-1.087,0.92304
1EY0A,V,36,L,Reverse,7,20,3.58,KLHKEPATLIKAIDGDTVKLMYKGQPMTFRLLLVDTPETKHPKKGVEKYGPEASAFTKKMVENAKKIEVEFDKGQRTDKYGRGLAYIYADGKMVNEALVRQGLAKVAYVYKPNNTHEQHLRKSEAQAKKEKLNIWS,30,-8.18,-1.42,-0.908888889,-0.157777778,9,1.5726,1.294,6.76,1.5508
1EY0A,I,37,L,Reverse,7,20,1.82,KLHKEPATLIKAIDGDTVKLMYKGQPMTFRLLLVDTPETKHPKKGVEKYGPEASAFTKKMVENAKKIEVEFDKGQRTDKYGRGLAYIYADGKMVNEALVRQGLAKVAYVYKPNNTHEQHLRKSEAQAKKEKLNIWS,31,-3.05,0.468,-0.38125,0.0585,8,1.2135,0.9164,3.518,1.29144
1EY0A,I,39,V,Reverse,7,20,-0.11,KLHKEPATLIKAIDGDTVKLMYKGQPMTFRLLLVDTPETKHPKKGVEKYGPEASAFTKKMVENAKKIEVEFDKGQRTDKYGRGLAYIYADGKMVNEALVRQGLAKVAYVYKPNNTHEQHLRKSEAQAKKEKLNIWS,33,5.99,6.994,0.665555556,0.777111111,9,0.5807,-0.3888,1.004,1.09032
1EY0A,L,39,V,Reverse,7,20,0.9,KLHKEPATLIKAIDGDTVKLMYKGQPMTFRLLLVDTPETKHPKKGVEKYGPEASAFTKKMVENAKKIEVEFDKGQRTDKYGRGLAYIYADGKMVNEALVRQGLAKVAYVYKPNNTHEQHLRKSEAQAKKEKLNIWS,33,-0.3,3.255,-0.05,0.5425,6,1.021,0.359,3.555,1.2944
1EY0A,I,41,T,Reverse,7,20,-0.86,KLHKEPATLIKAIDGDTVKLMYKGQPMTFRLLLVDTPETKHPKKGVEKYGPEASAFTKKMVENAKKIEVEFDKGQRTDKYGRGLAYIYADGKMVNEALVRQGLAKVAYVYKPNNTHEQHLRKSEAQAKKEKLNIWS,35,9.8,3.746,1.225,0.46825,8,0.314,0.2608,-6.054,0.52568
1EY0A,C,44,T,Reverse,7,20,0.04,KLHKEPATLIKAIDGDTVKLMYKGQPMTFRLLLVDTPETKHPKKGVEKYGPEASAFTKKMVENAKKIEVEFDKGQRTDKYGRGLAYIYADGKMVNEALVRQGLAKVAYVYKPNNTHEQHLRKSEAQAKKEKLNIWS,38,11.63,1.419,0.969166667,0.11825,12,0.1859,0.7262,-10.211,0.19312
1EY0A,L,51,V,Reverse,7,20,0.1,KLHKEPATLIKAIDGDTVKLMYKGQPMTFRLLLVDTPETKHPKKGVEKYGPEASAFTKKMVENAKKIEVEFDKGQRTDKYGRGLAYIYADGKMVNEALVRQGLAKVAYVYKPNNTHEQHLRKSEAQAKKEKLNIWS,45,5.4,0.325,0.9,0.054166667,6,0.622,0.945,-5.075,0.604
1EY0A,F,54,Y,Reverse,7,20,0.38,KLHKEPATLIKAIDGDTVKLMYKGQPMTFRLLLVDTPETKHPKKGVEKYGPEASAFTKKMVENAKKIEVEFDKGQRTDKYGRGLAYIYADGKMVNEALVRQGLAKVAYVYKPNNTHEQHLRKSEAQAKKEKLNIWS,48,12.7,4.738,1.27,0.4738,10,0.111,0.0624,-7.962,0.37304
1EY0A,V,55,G,Reverse,7,20,1.48,KLHKEPATLIKAIDGDTVKLMYKGQPMTFRLLLVDTPETKHPKKGVEKYGPEASAFTKKMVENAKKIEVEFDKGQRTDKYGRGLAYIYADGKMVNEALVRQGLAKVAYVYKPNNTHEQHLRKSEAQAKKEKLNIWS,49,14.97,0.424,1.360909091,0.038545455,11,-0.0479,0.9252,-14.546,-0.15368
1EY0A,Q,63,K,Reverse,7,20,0.89,KLHKEPATLIKAIDGDTVKLMYKGQPMTFRLLLVDTPETKHPKKGVEKYGPEASAFTKKMVENAKKIEVEFDKGQRTDKYGRGLAYIYADGKMVNEALVRQGLAKVAYVYKPNNTHEQHLRKSEAQAKKEKLNIWS,57,4.36,0.196,0.545,0.0245,8,0.6948,0.9708,-4.164,0.67688
1EY0A,F,65,M,Reverse,7,20,1.62,KLHKEPATLIKAIDGDTVKLMYKGQPMTFRLLLVDTPETKHPKKGVEKYGPEASAFTKKMVENAKKIEVEFDKGQRTDKYGRGLAYIYADGKMVNEALVRQGLAKVAYVYKPNNTHEQHLRKSEAQAKKEKLNIWS,59,3.51,0.676,0.8775,0.169,4,0.7543,0.8748,-2.834,0.78328
1EY0A,I,65,M,Reverse,7,20,1.43,KLHKEPATLIKAIDGDTVKLMYKGQPMTFRLLLVDTPETKHPKKGVEKYGPEASAFTKKMVENAKKIEVEFDKGQRTDKYGRGLAYIYADGKMVNEALVRQGLAKVAYVYKPNNTHEQHLRKSEAQAKKEKLNIWS,59,2.3,0.334,0.575,0.0835,4,0.839,0.9432,-1.966,0.85272
1EY0A,I,66,V,Reverse,7,20,0.76,KLHKEPATLIKAIDGDTVKLMYKGQPMTFRLLLVDTPETKHPKKGVEKYGPEASAFTKKMVENAKKIEVEFDKGQRTDKYGRGLAYIYADGKMVNEALVRQGLAKVAYVYKPNNTHEQHLRKSEAQAKKEKLNIWS,60,6.61,2.956,0.550833333,0.246333333,12,0.5373,0.4188,-3.654,0.71768
1EY0A,E,70,K,Reverse,7,20,0.3,KLHKEPATLIKAIDGDTVKLMYKGQPMTFRLLLVDTPETKHPKKGVEKYGPEASAFTKKMVENAKKIEVEFDKGQRTDKYGRGLAYIYADGKMVNEALVRQGLAKVAYVYKPNNTHEQHLRKSEAQAKKEKLNIWS,64,-1.17,-0.002,-0.2925,-0.0005,4,1.0819,1.0104,1.168,1.10344
1EY0A,L,72,I,Reverse,7,20,0.23,KLHKEPATLIKAIDGDTVKLMYKGQPMTFRLLLVDTPETKHPKKGVEKYGPEASAFTKKMVENAKKIEVEFDKGQRTDKYGRGLAYIYADGKMVNEALVRQGLAKVAYVYKPNNTHEQHLRKSEAQAKKEKLNIWS,66,4.35,1.493,0.3625,0.124416667,12,0.6955,0.7114,-2.857,0.78144
1EY0A,L,74,V,Reverse,7,20,1.12,KLHKEPATLIKAIDGDTVKLMYKGQPMTFRLLLVDTPETKHPKKGVEKYGPEASAFTKKMVENAKKIEVEFDKGQRTDKYGRGLAYIYADGKMVNEALVRQGLAKVAYVYKPNNTHEQHLRKSEAQAKKEKLNIWS,68,6.61,0.913,0.944285714,0.130428571,7,0.5373,0.8274,-5.697,0.55424
1EY0A,K,77,D,Reverse,7,20,3.28,KLHKEPATLIKAIDGDTVKLMYKGQPMTFRLLLVDTPETKHPKKGVEKYGPEASAFTKKMVENAKKIEVEFDKGQRTDKYGRGLAYIYADGKMVNEALVRQGLAKVAYVYKPNNTHEQHLRKSEAQAKKEKLNIWS,71,-4.68,-0.052,-0.52,-0.005777778,9,1.3276,1.0204,4.628,1.38024
1EY0A,Q,78,K,Reverse,7,20,0.15,KLHKEPATLIKAIDGDTVKLMYKGQPMTFRLLLVDTPETKHPKKGVEKYGPEASAFTKKMVENAKKIEVEFDKGQRTDKYGRGLAYIYADGKMVNEALVRQGLAKVAYVYKPNNTHEQHLRKSEAQAKKEKLNIWS,72,5.36,0.068,0.765714286,0.009714286,7,0.6248,0.9964,-5.292,0.58664
1EY0A,C,82,T,Reverse,7,20,0.19,KLHKEPATLIKAIDGDTVKLMYKGQPMTFRLLLVDTPETKHPKKGVEKYGPEASAFTKKMVENAKKIEVEFDKGQRTDKYGRGLAYIYADGKMVNEALVRQGLAKVAYVYKPNNTHEQHLRKSEAQAKKEKLNIWS,76,6.01,1.886,1.202,0.3772,5,0.5793,0.6328,-4.124,0.68008
1EY0A,I,82,T,Reverse,7,20,-0.51,KLHKEPATLIKAIDGDTVKLMYKGQPMTFRLLLVDTPETKHPKKGVEKYGPEASAFTKKMVENAKKIEVEFDKGQRTDKYGRGLAYIYADGKMVNEALVRQGLAKVAYVYKPNNTHEQHLRKSEAQAKKEKLNIWS,76,0,0,0,0,0,1,1.01,0,1.01
1EY0A,Q,84,K,Reverse,7,20,0.15,KLHKEPATLIKAIDGDTVKLMYKGQPMTFRLLLVDTPETKHPKKGVEKYGPEASAFTKKMVENAKKIEVEFDKGQRTDKYGRGLAYIYADGKMVNEALVRQGLAKVAYVYKPNNTHEQHLRKSEAQAKKEKLNIWS,78,0,0,0,0,0,1,1.01,0,1.01
1EY0A,F,86,G,Reverse,7,20,1.99,KLHKEPATLIKAIDGDTVKLMYKGQPMTFRLLLVDTPETKHPKKGVEKYGPEASAFTKKMVENAKKIEVEFDKGQRTDKYGRGLAYIYADGKMVNEALVRQGLAKVAYVYKPNNTHEQHLRKSEAQAKKEKLNIWS,80,5.37,2.514,2.685,1.257,2,0.6241,0.5072,-2.856,0.78152
1EY0A,I,89,L,Reverse,7,20,1.04,KLHKEPATLIKAIDGDTVKLMYKGQPMTFRLLLVDTPETKHPKKGVEKYGPEASAFTKKMVENAKKIEVEFDKGQRTDKYGRGLAYIYADGKMVNEALVRQGLAKVAYVYKPNNTHEQHLRKSEAQAKKEKLNIWS,83,-2.13,-0.021,-0.355,-0.0035,6,1.1491,1.0142,2.109,1.17872
1EY0A,M,92,I,Reverse,7,20,1.75,KLHKEPATLIKAIDGDTVKLMYKGQPMTFRLLLVDTPETKHPKKGVEKYGPEASAFTKKMVENAKKIEVEFDKGQRTDKYGRGLAYIYADGKMVNEALVRQGLAKVAYVYKPNNTHEQHLRKSEAQAKKEKLNIWS,86,-5.29,-1.848,-0.529,-0.1848,10,1.3703,1.3796,3.442,1.28536
1EY0A,F,96,G,Reverse,7,20,2.55,KLHKEPATLIKAIDGDTVKLMYKGQPMTFRLLLVDTPETKHPKKGVEKYGPEASAFTKKMVENAKKIEVEFDKGQRTDKYGRGLAYIYADGKMVNEALVRQGLAKVAYVYKPNNTHEQHLRKSEAQAKKEKLNIWS,90,10.26,3.38,2.565,0.845,4,0.2818,0.334,-6.88,0.4596
1EY0A,V,96,G,Reverse,7,20,3.74,KLHKEPATLIKAIDGDTVKLMYKGQPMTFRLLLVDTPETKHPKKGVEKYGPEASAFTKKMVENAKKIEVEFDKGQRTDKYGRGLAYIYADGKMVNEALVRQGLAKVAYVYKPNNTHEQHLRKSEAQAKKEKLNIWS,90,8.4,1.552,1.68,0.3104,5,0.412,0.6996,-6.848,0.46216
1EY0A,I,104,V,Reverse,7,20,-0.27,KLHKEPATLIKAIDGDTVKLMYKGQPMTFRLLLVDTPETKHPKKGVEKYGPEASAFTKKMVENAKKIEVEFDKGQRTDKYGRGLAYIYADGKMVNEALVRQGLAKVAYVYKPNNTHEQHLRKSEAQAKKEKLNIWS,98,7.11,3.103,0.546923077,0.238692308,13,0.5023,0.3894,-4.007,0.68944
1EY0A,C,105,R,Reverse,7,20,2.55,KLHKEPATLIKAIDGDTVKLMYKGQPMTFRLLLVDTPETKHPKKGVEKYGPEASAFTKKMVENAKKIEVEFDKGQRTDKYGRGLAYIYADGKMVNEALVRQGLAKVAYVYKPNNTHEQHLRKSEAQAKKEKLNIWS,99,11.24,1.745,1.124,0.1745,10,0.2132,0.661,-9.495,0.2504
1EY0A,V,108,L,Reverse,7,20,3.81,KLHKEPATLIKAIDGDTVKLMYKGQPMTFRLLLVDTPETKHPKKGVEKYGPEASAFTKKMVENAKKIEVEFDKGQRTDKYGRGLAYIYADGKMVNEALVRQGLAKVAYVYKPNNTHEQHLRKSEAQAKKEKLNIWS,102,-9.81,-1.649,-0.891818182,-0.149909091,11,1.6867,1.3398,8.161,1.66288
1EY0A,I,111,V,Reverse,7,20,0.74,KLHKEPATLIKAIDGDTVKLMYKGQPMTFRLLLVDTPETKHPKKGVEKYGPEASAFTKKMVENAKKIEVEFDKGQRTDKYGRGLAYIYADGKMVNEALVRQGLAKVAYVYKPNNTHEQHLRKSEAQAKKEKLNIWS,105,3.9,1.946,0.78,0.3892,5,0.727,0.6208,-1.954,0.85368
1EY0A,L,111,V,Reverse,7,20,0.88,KLHKEPATLIKAIDGDTVKLMYKGQPMTFRLLLVDTPETKHPKKGVEKYGPEASAFTKKMVENAKKIEVEFDKGQRTDKYGRGLAYIYADGKMVNEALVRQGLAKVAYVYKPNNTHEQHLRKSEAQAKKEKLNIWS,105,5.52,2.844,1.104,0.5688,5,0.6136,0.4412,-2.676,0.79592
1EY0A,I,114,V,Reverse,7,20,0.15,KLHKEPATLIKAIDGDTVKLMYKGQPMTFRLLLVDTPETKHPKKGVEKYGPEASAFTKKMVENAKKIEVEFDKGQRTDKYGRGLAYIYADGKMVNEALVRQGLAKVAYVYKPNNTHEQHLRKSEAQAKKEKLNIWS,108,0,0,0,0,0,1,1.01,0,1.01
1EY0A,E,124,H,Reverse,7,20,-0.46,KLHKEPATLIKAIDGDTVKLMYKGQPMTFRLLLVDTPETKHPKKGVEKYGPEASAFTKKMVENAKKIEVEFDKGQRTDKYGRGLAYIYADGKMVNEALVRQGLAKVAYVYKPNNTHEQHLRKSEAQAKKEKLNIWS,118,-2.66,-0.007,-0.665,-0.00175,4,1.1862,1.0114,2.653,1.22224
1EY0A,I,125,L,Reverse,7,20,0.96,KLHKEPATLIKAIDGDTVKLMYKGQPMTFRLLLVDTPETKHPKKGVEKYGPEASAFTKKMVENAKKIEVEFDKGQRTDKYGRGLAYIYADGKMVNEALVRQGLAKVAYVYKPNNTHEQHLRKSEAQAKKEKLNIWS,119,5.07,-4.216,0.724285714,-0.602285714,7,0.6451,1.8532,-9.286,0.26712
1EY0A,V,137,L,Reverse,7,20,1.42,KLHKEPATLIKAIDGDTVKLMYKGQPMTFRLLLVDTPETKHPKKGVEKYGPEASAFTKKMVENAKKIEVEFDKGQRTDKYGRGLAYIYADGKMVNEALVRQGLAKVAYVYKPNNTHEQHLRKSEAQAKKEKLNIWS,131,-2.44,-0.641,-0.61,-0.16025,4,1.1708,1.1382,1.799,1.15392
1EY0A,L,139,I,Reverse,7,20,0.09,KLHKEPATLIKAIDGDTVKLMYKGQPMTFRLLLVDTPETKHPKKGVEKYGPEASAFTKKMVENAKKIEVEFDKGQRTDKYGRGLAYIYADGKMVNEALVRQGLAKVAYVYKPNNTHEQHLRKSEAQAKKEKLNIWS,133,2.27,0.392,0.378333333,0.065333333,6,0.8411,0.9316,-1.878,0.85976
1FNAA,V,34,I,Reverse,5,25,0.11,RDLEVVAATPTSLLISWDAPAVTVRYYRITYGETGGNSPVQEFTVPGSKSTATISGLKPGVDYTITVYAVTGRGDSPASSKPISINYRTEI,28,-0.91,-1,-0.151666667,-0.166666667,6,1.0637,1.21,-0.09,1.0028
1FNAA,A,50,V,Reverse,5,25,2.85,RDLEVVAATPTSLLISWDAPAVTVRYYRITYGETGGNSPVQEFTVPGSKSTATISGLKPGVDYTITVYAVTGRGDSPASSKPISINYRTEI,44,-6.68,-0.326,-1.113333333,-0.054333333,6,1.4676,1.0752,6.354,1.51832
1FTGA,A,6,L,Reverse,7,34.6,3.11,KKIGLFYGTQTGKTESVAEIIRDEFGNDVVTLHDVSQAEVTDLNDYQYLIIGCPTWNIGELQSDWEGLYSELDDVDFNGKLVAYFGTGDQIGYADNFQDAIGILEEKISQRGGKTVGYWSTDGYDFNDSKALRNGKFVGLALDEDNQSDLTDDRIKSWVAQLKSEFGL,4,-4.39,-0.185,-2.195,-0.0925,2,1.3073,1.047,4.205,1.3464
1FTGA,K,65,D,Reverse,7,34.6,0.1,KKIGLFYGTQTGKTESVAEIIRDEFGNDVVTLHDVSQAEVTDLNDYQYLIIGCPTWNIGELQSDWEGLYSELDDVDFNGKLVAYFGTGDQIGYADNFQDAIGILEEKISQRGGKTVGYWSTDGYDFNDSKALRNGKFVGLALDEDNQSDLTDDRIKSWVAQLKSEFGL,63,-1.36,-0.024,-0.194285714,-0.003428571,7,1.0952,1.0148,1.336,1.11688
1FTGA,K,72,E,Reverse,7,37.8,-1.41,KKIGLFYGTQTGKTESVAEIIRDEFGNDVVTLHDVSQAEVTDLNDYQYLIIGCPTWNIGELQSDWEGLYSELDDVDFNGKLVAYFGTGDQIGYADNFQDAIGILEEKISQRGGKTVGYWSTDGYDFNDSKALRNGKFVGLALDEDNQSDLTDDRIKSWVAQLKSEFGL,70,0,0,0,0,0,1,1.01,0,1.01
1FTGA,K,75,D,Reverse,7,37.8,-1.03,KKIGLFYGTQTGKTESVAEIIRDEFGNDVVTLHDVSQAEVTDLNDYQYLIIGCPTWNIGELQSDWEGLYSELDDVDFNGKLVAYFGTGDQIGYADNFQDAIGILEEKISQRGGKTVGYWSTDGYDFNDSKALRNGKFVGLALDEDNQSDLTDDRIKSWVAQLKSEFGL,73,0,0,0,0,0,1,1.01,0,1.01
1FTGA,G,84,A,Reverse,7,34.6,1.9,KKIGLFYGTQTGKTESVAEIIRDEFGNDVVTLHDVSQAEVTDLNDYQYLIIGCPTWNIGELQSDWEGLYSELDDVDFNGKLVAYFGTGDQIGYADNFQDAIGILEEKISQRGGKTVGYWSTDGYDFNDSKALRNGKFVGLALDEDNQSDLTDDRIKSWVAQLKSEFGL,82,-7.8,0.534,-0.458823529,0.031411765,17,1.546,0.9032,8.334,1.67672
1FTGA,A,97,N,Reverse,7,34.6,0.58,KKIGLFYGTQTGKTESVAEIIRDEFGNDVVTLHDVSQAEVTDLNDYQYLIIGCPTWNIGELQSDWEGLYSELDDVDFNGKLVAYFGTGDQIGYADNFQDAIGILEEKISQRGGKTVGYWSTDGYDFNDSKALRNGKFVGLALDEDNQSDLTDDRIKSWVAQLKSEFGL,95,4.67,0.465,0.58375,0.058125,8,0.6731,0.917,-4.205,0.6736
1FTGA,A,99,Q,Reverse,7,34.6,-1.59,KKIGLFYGTQTGKTESVAEIIRDEFGNDVVTLHDVSQAEVTDLNDYQYLIIGCPTWNIGELQSDWEGLYSELDDVDFNGKLVAYFGTGDQIGYADNFQDAIGILEEKISQRGGKTVGYWSTDGYDFNDSKALRNGKFVGLALDEDNQSDLTDDRIKSWVAQLKSEFGL,97,8.58,0.207,0.612857143,0.014785714,14,0.3994,0.9686,-8.373,0.34016
1FTGA,A,110,S,Reverse,7,34.6,0.73,KKIGLFYGTQTGKTESVAEIIRDEFGNDVVTLHDVSQAEVTDLNDYQYLIIGCPTWNIGELQSDWEGLYSELDDVDFNGKLVAYFGTGDQIGYADNFQDAIGILEEKISQRGGKTVGYWSTDGYDFNDSKALRNGKFVGLALDEDNQSDLTDDRIKSWVAQLKSEFGL,108,2.04,0.215,0.68,0.071666667,3,0.8572,0.967,-1.825,0.864
1FTGA,K,126,D,Reverse,7,37.8,-0.81,KKIGLFYGTQTGKTESVAEIIRDEFGNDVVTLHDVSQAEVTDLNDYQYLIIGCPTWNIGELQSDWEGLYSELDDVDFNGKLVAYFGTGDQIGYADNFQDAIGILEEKISQRGGKTVGYWSTDGYDFNDSKALRNGKFVGLALDEDNQSDLTDDRIKSWVAQLKSEFGL,124,0,0,0,0,0,1,1.01,0,1.01
1FTGA,V,156,I,Reverse,7,34.6,3.16,KKIGLFYGTQTGKTESVAEIIRDEFGNDVVTLHDVSQAEVTDLNDYQYLIIGCPTWNIGELQSDWEGLYSELDDVDFNGKLVAYFGTGDQIGYADNFQDAIGILEEKISQRGGKTVGYWSTDGYDFNDSKALRNGKFVGLALDEDNQSDLTDDRIKSWVAQLKSEFGL,154,-2.11,-1.391,-0.5275,-0.34775,4,1.1477,1.2882,0.719,1.06752
1FTGA,A,160,V,Reverse,7,34.6,2.07,KKIGLFYGTQTGKTESVAEIIRDEFGNDVVTLHDVSQAEVTDLNDYQYLIIGCPTWNIGELQSDWEGLYSELDDVDFNGKLVAYFGTGDQIGYADNFQDAIGILEEKISQRGGKTVGYWSTDGYDFNDSKALRNGKFVGLALDEDNQSDLTDDRIKSWVAQLKSEFGL,158,-5.18,-0.481,-1.295,-0.12025,4,1.3626,1.1062,4.699,1.38592
1G4IA,I,22,F,Reverse,8,30,-1.43,ALWQFNGMIKCKIPSSEPLLDFNNYGCYCGLGGSGTPVDDLDRCCQTHDNCYKQAKKLDSCKVLVDNPYTNNYSYSCSNNEITCSSENNACEAFICNCDRNAAICFSKVPYNKEHKNLDKKNC,21,-2.27,0.034,-0.378333333,0.005666667,6,1.1589,1.0032,2.304,1.19432
1G4IA,Y,22,F,Reverse,8,30,-0.83,ALWQFNGMIKCKIPSSEPLLDFNNYGCYCGLGGSGTPVDDLDRCCQTHDNCYKQAKKLDSCKVLVDNPYTNNYSYSCSNNEITCSSENNACEAFICNCDRNAAICFSKVPYNKEHKNLDKKNC,21,-7.48,-0.644,-1.246666667,-0.107333333,6,1.5236,1.1388,6.836,1.55688
1G4IA,A,48,H,Reverse,8,30,1.93,ALWQFNGMIKCKIPSSEPLLDFNNYGCYCGLGGSGTPVDDLDRCCQTHDNCYKQAKKLDSCKVLVDNPYTNNYSYSCSNNEITCSSENNACEAFICNCDRNAAICFSKVPYNKEHKNLDKKNC,47,-1.17,-0.039,-0.13,-0.004333333,9,1.0819,1.0178,1.131,1.10048
1G4IA,Q,48,H,Reverse,8,30,0.49,ALWQFNGMIKCKIPSSEPLLDFNNYGCYCGLGGSGTPVDDLDRCCQTHDNCYKQAKKLDSCKVLVDNPYTNNYSYSCSNNEITCSSENNACEAFICNCDRNAAICFSKVPYNKEHKNLDKKNC,47,-4.97,-0.29,-0.552222222,-0.032222222,9,1.3479,1.068,4.68,1.3844
1G4IA,A,106,F,Reverse,8,25,1.23,ALWQFNGMIKCKIPSSEPLLDFNNYGCYCGLGGSGTPVDDLDRCCQTHDNCYKQAKKLDSCKVLVDNPYTNNYSYSCSNNEITCSSENNACEAFICNCDRNAAICFSKVPYNKEHKNLDKKNC,105,-19,-4.964,-1.9,-0.4964,10,2.33,2.0028,14.036,2.13288
1H7MA,A,2,D,Reverse,7.4,25,0.53,GSVDFAFELRKAQDTGKIVMGARKSIQYAKMGGAKLIIVARNARPDIKEDIEYYARLSGIPVYEFEGTSVELGTLLGRPHTVSALAVVDPGESRILALG,2,0,0,0,0,0,1,1.01,0,1.01
1H7MA,A,9,K,Reverse,7.4,25,0.29,GSVDFAFELRKAQDTGKIVMGARKSIQYAKMGGAKLIIVARNARPDIKEDIEYYARLSGIPVYEFEGTSVELGTLLGRPHTVSALAVVDPGESRILALG,9,10.44,1.09,0.949090909,0.099090909,11,0.2692,0.792,-9.35,0.262
1H7MA,A,33,K,Reverse,7.4,25,-0.12,GSVDFAFELRKAQDTGKIVMGARKSIQYAKMGGAKLIIVARNARPDIKEDIEYYARLSGIPVYEFEGTSVELGTLLGRPHTVSALAVVDPGESRILALG,33,12.08,2.056,1.208,0.2056,10,0.1544,0.5988,-10.024,0.20808
1H7MA,A,46,K,Reverse,7.4,25,1.1,GSVDFAFELRKAQDTGKIVMGARKSIQYAKMGGAKLIIVARNARPDIKEDIEYYARLSGIPVYEFEGTSVELGTLLGRPHTVSALAVVDPGESRILALG,46,9.67,0.163,1.381428571,0.023285714,7,0.3231,0.9774,-9.507,0.24944
1H7MA,A,47,E,Reverse,7.4,25,0.05,GSVDFAFELRKAQDTGKIVMGARKSIQYAKMGGAKLIIVARNARPDIKEDIEYYARLSGIPVYEFEGTSVELGTLLGRPHTVSALAVVDPGESRILALG,47,0.9,0.019,0.3,0.006333333,3,0.937,1.0062,-0.881,0.93952
1H7MA,A,54,R,Reverse,7.4,25,0.26,GSVDFAFELRKAQDTGKIVMGARKSIQYAKMGGAKLIIVARNARPDIKEDIEYYARLSGIPVYEFEGTSVELGTLLGRPHTVSALAVVDPGESRILALG,54,1.84,-0.002,0.92,-0.001,2,0.8712,1.0104,-1.842,0.86264
1H7MA,A,64,E,Reverse,7.4,25,0.26,GSVDFAFELRKAQDTGKIVMGARKSIQYAKMGGAKLIIVARNARPDIKEDIEYYARLSGIPVYEFEGTSVELGTLLGRPHTVSALAVVDPGESRILALG,64,2.47,0.206,0.6175,0.0515,4,0.8271,0.9688,-2.264,0.82888
1H7MA,A,87,D,Reverse,7.4,25,1.36,GSVDFAFELRKAQDTGKIVMGARKSIQYAKMGGAKLIIVARNARPDIKEDIEYYARLSGIPVYEFEGTSVELGTLLGRPHTVSALAVVDPGESRILALG,87,5.89,0.344,0.654444444,0.038222222,9,0.5877,0.9412,-5.546,0.56632
1HFZA,Y,32,H,Reverse,7.4,56.2,-0.07,MEQLTKCEVFRELKDLKGYGGVSLPEWVCTTFHTSGYDTQAIVQNNDSTEYGLFQINNKIWCKDDQNPHSSNICNISCDKFLDDDLTDDIVCVKKILDKVGINYWLAHKALCSEKLDQWLCEK,32,6.81,0.29,0.756666667,0.032222222,9,0.5233,0.952,-6.52,0.4884
1HFZA,W,59,I,Reverse,7.4,56.2,0.93,MEQLTKCEVFRELKDLKGYGGVSLPEWVCTTFHTSGYDTQAIVQNNDSTEYGLFQINNKIWCKDDQNPHSSNICNISCDKFLDDDLTDDIVCVKKILDKVGINYWLAHKALCSEKLDQWLCEK,59,-1.98,-0.545,-0.495,-0.13625,4,1.1386,1.119,1.435,1.1248
1HFZA,W,107,H,Reverse,7.4,56.2,1.72,MEQLTKCEVFRELKDLKGYGGVSLPEWVCTTFHTSGYDTQAIVQNNDSTEYGLFQINNKIWCKDDQNPHSSNICNISCDKFLDDDLTDDIVCVKKILDKVGINYWLAHKALCSEKLDQWLCEK,107,10.45,1.251,1.045,0.1251,10,0.2685,0.7598,-9.199,0.27408
1HFZA,Y,107,H,Reverse,7.4,56.2,0.19,MEQLTKCEVFRELKDLKGYGGVSLPEWVCTTFHTSGYDTQAIVQNNDSTEYGLFQINNKIWCKDDQNPHSSNICNISCDKFLDDDLTDDIVCVKKILDKVGINYWLAHKALCSEKLDQWLCEK,107,5.99,0.284,0.665555556,0.031555556,9,0.5807,0.9532,-5.706,0.55352
1HFZA,E,110,L,Reverse,7.4,56.2,0.19,MEQLTKCEVFRELKDLKGYGGVSLPEWVCTTFHTSGYDTQAIVQNNDSTEYGLFQINNKIWCKDDQNPHSSNICNISCDKFLDDDLTDDIVCVKKILDKVGINYWLAHKALCSEKLDQWLCEK,110,-8.55,-0.917,-2.1375,-0.22925,4,1.5985,1.1934,7.633,1.62064
1HFZA,E,114,K,Reverse,7.4,56.2,0.65,MEQLTKCEVFRELKDLKGYGGVSLPEWVCTTFHTSGYDTQAIVQNNDSTEYGLFQINNKIWCKDDQNPHSSNICNISCDKFLDDDLTDDIVCVKKILDKVGINYWLAHKALCSEKLDQWLCEK,114,1.05,0.002,0.35,0.000666667,3,0.9265,1.0096,-1.048,0.92616
1HMEA,H,35,G,Reverse,7,20,0.33,FKDPNAPKRPPSAFFLFCSEYRPKIKGEHPGLSIGDVAKKLGEMWNNTAADDKQPYEKKAAKLKEKYEKDIAAYRAK,34,0.4,0.001,0.2,0.0005,2,0.972,1.0098,-0.399,0.97808
1HMKA,A,8,V,Reverse,7,25,0.83,MEQLTKCEVFQKLKDLKDYGGVSLPEWVCTAFHTSGYDTQAIVQNNDSTEYGLFQINNKIWCKDDQNPHSRNICNISCDKFLDDDLTDDIVCAKKILDKVGINYWLAHKALCSEKLDQWLC,8,-6.47,-0.294,-1.294,-0.0588,5,1.4529,1.0688,6.176,1.50408
1HMKA,A,12,L,Reverse,7,25,2.73,MEQLTKCEVFQKLKDLKDYGGVSLPEWVCTAFHTSGYDTQAIVQNNDSTEYGLFQINNKIWCKDDQNPHSRNICNISCDKFLDDDLTDDIVCAKKILDKVGINYWLAHKALCSEKLDQWLC,12,-9.02,-1.78,-2.255,-0.445,4,1.6314,1.366,7.24,1.5892
1HMKA,A,27,V,Reverse,7,25,1.24,MEQLTKCEVFQKLKDLKDYGGVSLPEWVCTAFHTSGYDTQAIVQNNDSTEYGLFQINNKIWCKDDQNPHSRNICNISCDKFLDDDLTDDIVCAKKILDKVGINYWLAHKALCSEKLDQWLC,27,-8.06,-0.476,-0.895555556,-0.052888889,9,1.5642,1.1052,7.584,1.61672
1HMKA,V,29,T,Reverse,7,25,-2.26,MEQLTKCEVFQKLKDLKDYGGVSLPEWVCTAFHTSGYDTQAIVQNNDSTEYGLFQINNKIWCKDDQNPHSRNICNISCDKFLDDDLTDDIVCAKKILDKVGINYWLAHKALCSEKLDQWLC,29,22.08,5.04,1.698461538,0.387692308,13,-0.5456,0.002,-17.04,-0.3532
1HMKA,V,55,I,Reverse,7,25,2.72,MEQLTKCEVFQKLKDLKDYGGVSLPEWVCTAFHTSGYDTQAIVQNNDSTEYGLFQINNKIWCKDDQNPHSRNICNISCDKFLDDDLTDDIVCAKKILDKVGINYWLAHKALCSEKLDQWLC,55,-5.6,-0.364,-0.56,-0.0364,10,1.392,1.0828,5.236,1.42888
1HMKA,A,60,W,Reverse,7,25,2.01,MEQLTKCEVFQKLKDLKDYGGVSLPEWVCTAFHTSGYDTQAIVQNNDSTEYGLFQINNKIWCKDDQNPHSRNICNISCDKFLDDDLTDDIVCAKKILDKVGINYWLAHKALCSEKLDQWLC,60,-4.43,-0.061,-0.886,-0.0122,5,1.3101,1.0222,4.369,1.35952
1HMKA,V,89,I,Reverse,7,25,0.86,MEQLTKCEVFQKLKDLKDYGGVSLPEWVCTAFHTSGYDTQAIVQNNDSTEYGLFQINNKIWCKDDQNPHSRNICNISCDKFLDDDLTDDIVCAKKILDKVGINYWLAHKALCSEKLDQWLC,89,-5.07,-0.281,-0.563333333,-0.031222222,9,1.3549,1.0662,4.789,1.39312
1HMKA,V,95,I,Reverse,7,25,1.72,MEQLTKCEVFQKLKDLKDYGGVSLPEWVCTAFHTSGYDTQAIVQNNDSTEYGLFQINNKIWCKDDQNPHSRNICNISCDKFLDDDLTDDIVCAKKILDKVGINYWLAHKALCSEKLDQWLC,95,-3.86,-0.904,-0.551428571,-0.129142857,7,1.2702,1.1908,2.956,1.24648
1HMKA,A,96,L,Reverse,7,25,1.75,MEQLTKCEVFQKLKDLKDYGGVSLPEWVCTAFHTSGYDTQAIVQNNDSTEYGLFQINNKIWCKDDQNPHSRNICNISCDKFLDDDLTDDIVCAKKILDKVGINYWLAHKALCSEKLDQWLC,96,-12.45,-1.042,-2.075,-0.173666667,6,1.8715,1.2184,11.408,1.92264
1HMKA,F,103,Y,Reverse,7,25,2.13,MEQLTKCEVFQKLKDLKDYGGVSLPEWVCTAFHTSGYDTQAIVQNNDSTEYGLFQINNKIWCKDDQNPHSRNICNISCDKFLDDDLTDDIVCAKKILDKVGINYWLAHKALCSEKLDQWLC,103,0.81,0.071,0.405,0.0355,2,0.9433,0.9958,-0.739,0.95088
1HMKA,A,110,L,Reverse,7,25,0.35,MEQLTKCEVFQKLKDLKDYGGVSLPEWVCTAFHTSGYDTQAIVQNNDSTEYGLFQINNKIWCKDDQNPHSRNICNISCDKFLDDDLTDDIVCAKKILDKVGINYWLAHKALCSEKLDQWLC,110,-7.5,-1.118,-1.5,-0.2236,5,1.525,1.2336,6.382,1.52056
1HMSA,S,4,F,Reverse,8,37,3.67,VDAFLGTWKLVDSKNFDDYMKSLGVGFATRQVASMTKPTTIIEKNGDILTLKTHSTFKNTEISFKLGVEFDETTADDRKVKSIVTLDGGKLVHLQKWDGQETTLVRELIDGKLILTLTHGTAVCTRTYEKE,3,-16.77,-7.422,-2.395714286,-1.060285714,7,2.1739,2.4944,9.348,1.75784
1HMSA,S,16,F,Reverse,8,37,3.98,VDAFLGTWKLVDSKNFDDYMKSLGVGFATRQVASMTKPTTIIEKNGDILTLKTHSTFKNTEISFKLGVEFDETTADDRKVKSIVTLDGGKLVHLQKWDGQETTLVRELIDGKLILTLTHGTAVCTRTYEKE,15,-27.5,-7.879,-2.75,-0.7879,10,2.925,2.5858,19.621,2.57968
1HMSA,E,40,T,Reverse,8,25,2.4,VDAFLGTWKLVDSKNFDDYMKSLGVGFATRQVASMTKPTTIIEKNGDILTLKTHSTFKNTEISFKLGVEFDETTADDRKVKSIVTLDGGKLVHLQKWDGQETTLVRELIDGKLILTLTHGTAVCTRTYEKE,39,-3.98,-0.887,-0.331666667,-0.073916667,12,1.2786,1.1874,3.093,1.25744
1HMSA,S,57,F,Reverse,8,25,2.43,VDAFLGTWKLVDSKNFDDYMKSLGVGFATRQVASMTKPTTIIEKNGDILTLKTHSTFKNTEISFKLGVEFDETTADDRKVKSIVTLDGGKLVHLQKWDGQETTLVRELIDGKLILTLTHGTAVCTRTYEKE,56,-8.36,-2.462,-2.786666667,-0.820666667,3,1.5852,1.5024,5.898,1.48184
1HMSA,G,66,L,Reverse,8,37,3.67,VDAFLGTWKLVDSKNFDDYMKSLGVGFATRQVASMTKPTTIIEKNGDILTLKTHSTFKNTEISFKLGVEFDETTADDRKVKSIVTLDGGKLVHLQKWDGQETTLVRELIDGKLILTLTHGTAVCTRTYEKE,65,-16.01,-4.607,-2.668333333,-0.767833333,6,2.1207,1.9314,11.403,1.92224
1HMSA,T,106,R,Reverse,8,25,2.84,VDAFLGTWKLVDSKNFDDYMKSLGVGFATRQVASMTKPTTIIEKNGDILTLKTHSTFKNTEISFKLGVEFDETTADDRKVKSIVTLDGGKLVHLQKWDGQETTLVRELIDGKLILTLTHGTAVCTRTYEKE,105,1.98,0.019,0.396,0.0038,5,0.8614,1.0062,-1.961,0.85312
1IETA,R,60,D,Reverse,7.2,25,-0.14,DKDVKYYTLEEIQKHKDSKSTWVILHHKVYDLTKFLEEHPGGEEVLREQAGGDATENFEDVGHSTDARELSKTYIIGELHPDDRSKIAKPSETL,59,3.1,0.017,0.516666667,0.002833333,6,0.783,1.0066,-3.083,0.76336
1IFCA,Y,6,W,Reverse,7,25,0.87,AFDGTWKVDRNENYEKFMEKMGINVVKRKLGAHDNLKLTITQEGNKFTVKESSNFRNIDVVFELGVDFAYSLADGTELTGTWTMEGNKLVGKFKRVDNGKELIAVREISGNELIQTYTYEGVEAKRIFKKE,5,-3.32,-2.123,-0.301818182,-0.193,11,1.2324,1.4346,1.197,1.10576
1IFCA,C,60,V,Reverse,8.1,20,0.07,AFDGTWKVDRNENYEKFMEKMGINVVKRKLGAHDNLKLTITQEGNKFTVKESSNFRNIDVVFELGVDFAYSLADGTELTGTWTMEGNKLVGKFKRVDNGKELIAVREISGNELIQTYTYEGVEAKRIFKKE,59,-0.46,-0.493,-0.46,-0.493,1,1.0322,1.1086,-0.033,1.00736
1IFCA,N,60,V,Reverse,7,25,0.83,AFDGTWKVDRNENYEKFMEKMGINVVKRKLGAHDNLKLTITQEGNKFTVKESSNFRNIDVVFELGVDFAYSLADGTELTGTWTMEGNKLVGKFKRVDNGKELIAVREISGNELIQTYTYEGVEAKRIFKKE,59,-1.86,-0.556,-1.86,-0.556,1,1.1302,1.1212,1.304,1.11432
1IFCA,G,64,L,Reverse,7.4,20,2.26,AFDGTWKVDRNENYEKFMEKMGINVVKRKLGAHDNLKLTITQEGNKFTVKESSNFRNIDVVFELGVDFAYSLADGTELTGTWTMEGNKLVGKFKRVDNGKELIAVREISGNELIQTYTYEGVEAKRIFKKE,63,-18.64,-1.354,-2.33,-0.16925,8,2.3048,1.2808,17.286,2.39288
1IFCA,A,65,G,Reverse,7.4,20,0.94,AFDGTWKVDRNENYEKFMEKMGINVVKRKLGAHDNLKLTITQEGNKFTVKESSNFRNIDVVFELGVDFAYSLADGTELTGTWTMEGNKLVGKFKRVDNGKELIAVREISGNELIQTYTYEGVEAKRIFKKE,64,2.68,0.034,0.297777778,0.003777778,9,0.8124,1.0032,-2.646,0.79832
1IFCA,A,68,F,Reverse,7,25,0.42,AFDGTWKVDRNENYEKFMEKMGINVVKRKLGAHDNLKLTITQEGNKFTVKESSNFRNIDVVFELGVDFAYSLADGTELTGTWTMEGNKLVGKFKRVDNGKELIAVREISGNELIQTYTYEGVEAKRIFKKE,67,-21.75,-3.203,-2.175,-0.3203,10,2.5225,1.6506,18.547,2.49376
1IFCA,A,93,F,Reverse,7,25,2.37,AFDGTWKVDRNENYEKFMEKMGINVVKRKLGAHDNLKLTITQEGNKFTVKESSNFRNIDVVFELGVDFAYSLADGTELTGTWTMEGNKLVGKFKRVDNGKELIAVREISGNELIQTYTYEGVEAKRIFKKE,92,-12.09,-5.834,-1.727142857,-0.833428571,7,1.8463,2.1768,6.256,1.51048
1IGVA,F,13,Y,Reverse,7.1,25,1.08,KSPEELKGIFEKYAAKEGDPNQLSKEELKLLLQTEFPSLLKGPSTLDELFEELDKNGDGEVSFEEFQVLVKKISQ,12,-0.48,0.199,-0.16,0.066333333,3,1.0336,0.9702,0.679,1.06432
1IGVA,W,66,F,Reverse,7,25,0.93,KSPEELKGIFEKYAAKEGDPNQLSKEELKLLLQTEFPSLLKGPSTLDELFEELDKNGDGEVSFEEFQVLVKKISQ,65,-5.82,-0.797,-1.164,-0.1594,5,1.4074,1.1694,5.023,1.41184
1IGVA,L,70,V,Reverse,7,25,0.13,KSPEELKGIFEKYAAKEGDPNQLSKEELKLLLQTEFPSLLKGPSTLDELFEELDKNGDGEVSFEEFQVLVKKISQ,69,1.76,0.359,0.88,0.1795,2,0.8768,0.9382,-1.401,0.89792
1IHBA,H,37,F,Reverse,7.5,25,0.66,WGNELASAAARGDLEQLTSLLQNNVNVNAQNGFGRTALQVMKLGNPEIARRLLLRGANPDLKDRTGFAVIHDAARAGFLDTLQTLLEFQADVNIEDNEGNLPLHLAAKEGHLRVVEFLVKHTASNVGHRNHKGDTACDLARLYGRNEVVSLMQANG,32,0,0,0,0,0,1,1.01,0,1.01
1IHBA,Q,82,F,Reverse,7.5,25,0.37,WGNELASAAARGDLEQLTSLLQNNVNVNAQNGFGRTALQVMKLGNPEIARRLLLRGANPDLKDRTGFAVIHDAARAGFLDTLQTLLEFQADVNIEDNEGNLPLHLAAKEGHLRVVEFLVKHTASNVGHRNHKGDTACDLARLYGRNEVVSLMQANG,77,-7.67,-1.168,-3.835,-0.584,2,1.5369,1.2436,6.502,1.53016
1IMQA,L,19,V,Reverse,6,10,1.82,MELKHSISDYTEAEFLQLVTTICNADTSSEEELVKLVTHFEEMTEHPSGSDLIYYPKEGDDDSPSGIVNTVKQWRAANGKSGFKQG,18,1.83,3.112,0.305,0.518666667,6,0.8719,0.3876,1.282,1.11256
1IMQA,L,31,E,Reverse,6,10,0.67,MELKHSISDYTEAEFLQLVTTICNADTSSEEELVKLVTHFEEMTEHPSGSDLIYYPKEGDDDSPSGIVNTVKQWRAANGKSGFKQG,30,0,0,0,0,0,1,1.01,0,1.01
1IMQA,V,41,E,Reverse,6,10,-0.89,MELKHSISDYTEAEFLQLVTTICNADTSSEEELVKLVTHFEEMTEHPSGSDLIYYPKEGDDDSPSGIVNTVKQWRAANGKSGFKQG,40,19.05,-2.039,1.905,-0.2039,10,-0.3335,1.4178,-21.089,-0.67712
1IROA,I,24,V,Reverse,9.1,107,-0.36,MKKYTCTVCGYIYNPEDGDPDNGVNPGTDFKDIPDDWVCPLCGVGKDQFEEVE,23,5.41,0.096,0.541,0.0096,10,0.6213,0.9908,-5.314,0.58488
1IROA,L,33,I,Reverse,9.1,107,-0.76,MKKYTCTVCGYIYNPEDGDPDNGVNPGTDFKDIPDDWVCPLCGVGKDQFEEVE,32,1.69,0.674,0.338,0.1348,5,0.8817,0.8752,-1.016,0.92872
1JIWI,A,10,D,Reverse,7.1,25,0.7,SSLILLSASDLAGQWTLQQDEAPAICHLELRDSEVAEASGYDLGGDTACLTRWLPSEPRAWRPTPAGIALLERGGLTLMLLGRQGEGDYRVQKGDGGQLVLRRAT,9,0.49,0,0.49,0,1,0.9657,1.01,-0.49,0.9708
1JIWI,F,15,W,Reverse,7.1,25,2.3,SSLILLSASDLAGQWTLQQDEAPAICHLELRDSEVAEASGYDLGGDTACLTRWLPSEPRAWRPTPAGIALLERGGLTLMLLGRQGEGDYRVQKGDGGQLVLRRAT,14,3.31,1.051,0.472857143,0.150142857,7,0.7683,0.7998,-2.259,0.82928
1K9QA,Y,30,L,Reverse,7,56.7,-0.27,FEIPDDVPLPAGWEMAKTSSGQRYFLNHIDQTTTWQDPRK,25,-13.66,-2.011,-1.241818182,-0.182818182,11,1.9562,1.4122,11.649,1.94192
1KFWA,K,197,N,Reverse,7.5,16,-0.81,PLTSTVNGYRNVGYFAQWGVYGRAFQAKQLDVSGTAKNLTHINYSFGNINNQTLTCFMANKAQGTGPNGSDGAGDAWADFGMGYAADKSVSGKADTWDQPLAGSFNQLKQLKAKNPKLKVMISLGGWTWSKNFSKAAATEASRQKLVSSCIDLYIKGNLPNFEGRGGAGAAAGIFDGIDIDWEWPGTNSGLAGNGVDTVNDRANFKALLAEFRKQLDAYGSTNNKKYVLSAFLPANPADIDAGGWDDPANFKSLDFGSIQGYDLHGAWNPTLTGHQANLYDDPADPRAPSKKFSADKAVKKYLAAGIDPKQLGLGLAAYGRGWTGAKNVSPWGPATDGAPGTYETANEDYDKLKTLGTDHYDAATGSAWRYDGTQWWSYDNIATTKQKTDYIVSKGLGGGMWWELSGDRNGELVGAMSDKFRAAAPGPVTEAAPP,187,0,0,0,0,0,1,1.01,0,1.01
1KFWA,Q,405,G,Reverse,7.5,16,-0.62,PLTSTVNGYRNVGYFAQWGVYGRAFQAKQLDVSGTAKNLTHINYSFGNINNQTLTCFMANKAQGTGPNGSDGAGDAWADFGMGYAADKSVSGKADTWDQPLAGSFNQLKQLKAKNPKLKVMISLGGWTWSKNFSKAAATEASRQKLVSSCIDLYIKGNLPNFEGRGGAGAAAGIFDGIDIDWEWPGTNSGLAGNGVDTVNDRANFKALLAEFRKQLDAYGSTNNKKYVLSAFLPANPADIDAGGWDDPANFKSLDFGSIQGYDLHGAWNPTLTGHQANLYDDPADPRAPSKKFSADKAVKKYLAAGIDPKQLGLGLAAYGRGWTGAKNVSPWGPATDGAPGTYETANEDYDKLKTLGTDHYDAATGSAWRYDGTQWWSYDNIATTKQKTDYIVSKGLGGGMWWELSGDRNGELVGAMSDKFRAAAPGPVTEAAPP,395,-0.72,0.076,-0.18,0.019,4,1.0504,0.9948,0.796,1.07368
1LNIA,V,16,T,Reverse,7,48.4,-0.3,DVSGTVCLSALPPEATDTLNLIASDGPFPYSQDGVVFQNRESVLPTQSYGYYHEYTVITPGARTRGTRRIITGEATQEDYYTGDHYATFSLIDQTC,15,9,2.064,1.285714286,0.294857143,7,0.37,0.5972,-6.936,0.45512
1LNIA,F,30,Y,Reverse,7,25,-0.4,DVSGTVCLSALPPEATDTLNLIASDGPFPYSQDGVVFQNRESVLPTQSYGYYHEYTVITPGARTRGTRRIITGEATQEDYYTGDHYATFSLIDQTC,29,4.6,0.477,1.15,0.11925,4,0.678,0.9146,-4.123,0.68016
1LNIA,T,43,V,Reverse,7,48.4,0.5,DVSGTVCLSALPPEATDTLNLIASDGPFPYSQDGVVFQNRESVLPTQSYGYYHEYTVITPGARTRGTRRIITGEATQEDYYTGDHYATFSLIDQTC,42,-10.37,-1.386,-1.481428571,-0.198,7,1.7259,1.2872,8.984,1.72872
1LNIA,F,55,Y,Reverse,7,25,0.6,DVSGTVCLSALPPEATDTLNLIASDGPFPYSQDGVVFQNRESVLPTQSYGYYHEYTVITPGARTRGTRRIITGEATQEDYYTGDHYATFSLIDQTC,54,18.29,11.867,1.306428571,0.847642857,14,-0.2803,-1.3634,-6.423,0.49616
1LNIA,V,56,T,Reverse,7,48.4,1.9,DVSGTVCLSALPPEATDTLNLIASDGPFPYSQDGVVFQNRESVLPTQSYGYYHEYTVITPGARTRGTRRIITGEATQEDYYTGDHYATFSLIDQTC,55,16.96,10.803,1.413333333,0.90025,12,-0.1872,-1.1506,-6.157,0.51744
1LNIA,F,79,D,Reverse,6.8,49.1,-2.73,DVSGTVCLSALPPEATDTLNLIASDGPFPYSQDGVVFQNRESVLPTQSYGYYHEYTVITPGARTRGTRRIITGEATQEDYYTGDHYATFSLIDQTC,78,6.15,2.029,3.075,1.0145,2,0.5695,0.6042,-4.121,0.68032
1LNIA,I,79,D,Reverse,7,52.6,-2.85,DVSGTVCLSALPPEATDTLNLIASDGPFPYSQDGVVFQNRESVLPTQSYGYYHEYTVITPGARTRGTRRIITGEATQEDYYTGDHYATFSLIDQTC,78,8.97,2.769,2.99,0.923,3,0.3721,0.4562,-6.201,0.51392
1LNIA,K,79,D,Reverse,7,52.6,-2.35,DVSGTVCLSALPPEATDTLNLIASDGPFPYSQDGVVFQNRESVLPTQSYGYYHEYTVITPGARTRGTRRIITGEATQEDYYTGDHYATFSLIDQTC,78,-1.19,-0.47,-0.108181818,-0.042727273,11,1.0833,1.104,0.72,1.0676
1LNIA,L,79,D,Reverse,7,52.6,-2.65,DVSGTVCLSALPPEATDTLNLIASDGPFPYSQDGVVFQNRESVLPTQSYGYYHEYTVITPGARTRGTRRIITGEATQEDYYTGDHYATFSLIDQTC,78,6.16,2.103,3.08,1.0515,2,0.5688,0.5894,-4.057,0.68544
1LNIA,N,79,D,Reverse,6.8,49.1,-1.46,DVSGTVCLSALPPEATDTLNLIASDGPFPYSQDGVVFQNRESVLPTQSYGYYHEYTVITPGARTRGTRRIITGEATQEDYYTGDHYATFSLIDQTC,78,2.17,0.052,0.197272727,0.004727273,11,0.8481,0.9996,-2.118,0.84056
1LNIA,Y,79,D,Reverse,7,52.6,-2.9,DVSGTVCLSALPPEATDTLNLIASDGPFPYSQDGVVFQNRESVLPTQSYGYYHEYTVITPGARTRGTRRIITGEATQEDYYTGDHYATFSLIDQTC,78,19.54,1.816,1.776363636,0.165090909,11,-0.3678,0.6468,-17.724,-0.40792
1LNIA,F,80,Y,Reverse,7,25,1.5,DVSGTVCLSALPPEATDTLNLIASDGPFPYSQDGVVFQNRESVLPTQSYGYYHEYTVITPGARTRGTRRIITGEATQEDYYTGDHYATFSLIDQTC,79,6.96,2.899,1.392,0.5798,5,0.5128,0.4302,-4.061,0.68512
1LNIA,Q,85,H,Reverse,6.3,51.9,0,DVSGTVCLSALPPEATDTLNLIASDGPFPYSQDGVVFQNRESVLPTQSYGYYHEYTVITPGARTRGTRRIITGEATQEDYYTGDHYATFSLIDQTC,84,-1.73,-0.159,-0.4325,-0.03975,4,1.1211,1.0418,1.571,1.13568
1LNIA,K,94,Q,Reverse,6.8,47.5,-0.56,DVSGTVCLSALPPEATDTLNLIASDGPFPYSQDGVVFQNRESVLPTQSYGYYHEYTVITPGARTRGTRRIITGEATQEDYYTGDHYATFSLIDQTC,93,-0.84,-0.005,-0.42,-0.0025,2,1.0588,1.011,0.835,1.0768
1LZ1A,A,48,G,Reverse,2.7,64.9,-0.45,KVFERCELARTLKRLGMDGYRGISLANWMCLAKWESGYNTRATNYNAGDRSTDYGIFQINSRYWCNDGKTPGAVNACHLSCSALLQDNIADAVACAKRVVRDPQGIRAWVAWRNRCQNRDVRQYVQGCGV,47,0.54,0.003,0.27,0.0015,2,0.9622,1.0094,-0.537,0.96704
1LZ1A,A,105,G,Reverse,2.7,64.9,0.62,KVFERCELARTLKRLGMDGYRGISLANWMCLAKWESGYNTRATNYNAGDRSTDYGIFQINSRYWCNDGKTPGAVNACHLSCSALLQDNIADAVACAKRVVRDPQGIRAWVAWRNRCQNRDVRQYVQGCGV,104,2.45,0.371,0.408333333,0.061833333,6,0.8285,0.9358,-2.079,0.84368
1MGRA,F,54,Y,Reverse,7,25,2.6,VKAVGRVCYSALPSQAHDTLDLIDEGGPFPYSQDGVVFQNREGLLPAHSTGYYHEYTVITPGSPTRGARRIITGQQWQEDYYTADHYASFRRVDFAC,51,10.3,3.027,1.2875,0.378375,8,0.279,0.4046,-7.273,0.42816
1MGRA,F,84,Y,Reverse,7,25,1,VKAVGRVCYSALPSQAHDTLDLIDEGGPFPYSQDGVVFQNREGLLPAHSTGYYHEYTVITPGSPTRGARRIITGQQWQEDYYTADHYASFRRVDFAC,81,13.31,3.235,1.331,0.3235,10,0.0683,0.363,-10.075,0.204
1MJCA,L,20,F,Reverse,7,25,0.31,SGKMTGIVKWFNADKGFGFITPDDGSKDVFVHFSAIQNDGYKSLDEGQKVSFTIESGAKGPAAGNVTSL,18,0.2,-0.007,0.1,-0.0035,2,0.986,1.0114,-0.207,0.99344
1MJCA,S,20,F,Reverse,7,25,1.16,SGKMTGIVKWFNADKGFGFITPDDGSKDVFVHFSAIQNDGYKSLDEGQKVSFTIESGAKGPAAGNVTSL,18,-5.6,-0.059,-2.8,-0.0295,2,1.392,1.0218,5.541,1.45328
1MJCA,S,31,F,Reverse,7,25,1.03,SGKMTGIVKWFNADKGFGFITPDDGSKDVFVHFSAIQNDGYKSLDEGQKVSFTIESGAKGPAAGNVTSL,29,-15.21,0.449,-2.535,0.074833333,6,2.0647,0.9202,15.659,2.26272
1MJCA,W,52,S,Reverse,7,25,0.2,SGKMTGIVKWFNADKGFGFITPDDGSKDVFVHFSAIQNDGYKSLDEGQKVSFTIESGAKGPAAGNVTSL,50,12.49,0.586,1.784285714,0.083714286,7,0.1257,0.8928,-11.904,0.05768
1MSIA,A,25,E,Reverse,7,25,0.09,AAQASVVANQLIPINTALTLVMMRSEVVTPVGIPAEDIPRLVSMQVNRAVPLGTTLMPDMVKGYAA,25,7.95,0.253,0.99375,0.031625,8,0.4435,0.9594,-7.697,0.39424
1MSIA,A,47,R,Reverse,7,25,0.74,AAQASVVANQLIPINTALTLVMMRSEVVTPVGIPAEDIPRLVSMQVNRAVPLGTTLMPDMVKGYAA,47,4.64,0.315,0.662857143,0.045,7,0.6752,0.947,-4.325,0.664
1MSIA,N,58,D,Reverse,7,25,0.2,AAQASVVANQLIPINTALTLVMMRSEVVTPVGIPAEDIPRLVSMQVNRAVPLGTTLMPDMVKGYAA,58,0.35,0.006,0.175,0.003,2,0.9755,1.0088,-0.344,0.98248
1OIAA,F,78,Y,Reverse,7,22,0,VPETRPNHTIYINNLNEKIKKDELKKSLYAIFSQFGQILDILVSRSLKMRGQAFVIFKEVSSATNALRSMQGFPFYDKPMRIQYAKTDSD,75,4.19,0.983,1.396666667,0.327666667,3,0.7067,0.8134,-3.207,0.75344
1OIAA,T,86,Y,Reverse,7,22,2.9,VPETRPNHTIYINNLNEKIKKDELKKSLYAIFSQFGQILDILVSRSLKMRGQAFVIFKEVSSATNALRSMQGFPFYDKPMRIQYAKTDSD,83,-14.22,-1.707,-1.093846154,-0.131307692,13,1.9954,1.3514,12.513,2.01104
1P2PA,K,48,H,Reverse,7,20,2.12,ALWQFRSMIKCAIPGSHPLMDFNNYGCYCGLGGSGTPVDELDRCCETHDNCYRDAKNLDSCKFLVDNPYTESYSYSCSNTEITCNSKNNACEAFICNCDRNAAICFSKAPYNKEHKNLDTKKYC,47,-10.89,-0.293,-1.21,-0.032555556,9,1.7623,1.0686,10.597,1.85776
1QLPA,L,31,A,Reverse,6.5,25,-0.9,FNKITPNLAEFAFSLYRQLAHQSNSTNIFFSPVSIATAFAMLSLGTKADTHDEILEGLNFNLTEIPEAQIHEGFQELLRTLNQPDSQLQLTTGNGLFLSEGLKLVDKFLEDVKKLYHSEAFTVNFGDTEEAKKQINDYVEKGTQGKIVDLVKELDRDTVFALVNYIFFKGKWERPFEVKDTEEEDFHVDQVTTVKVPMMKRLGMFNIQHCKKLSSWVLLMKYLGNATAIFFLPDEGKLQHLENELTHDIITKFLENEDRRSASLHLPKLSITGTYDLKSVLGQLGITKVFSNGADLSGVTEEAPLKLSKAVHKAVLTIDEKGTEAAGAMFLEAIPMSIPPEVKFNKPFVFLMIEQNTKSPLFMGKVVNPTQK,8,10.4,0.403,2.08,0.0806,5,0.272,0.9294,-9.997,0.21024
1QLPA,I,55,V,Reverse,6.5,25,0.2,FNKITPNLAEFAFSLYRQLAHQSNSTNIFFSPVSIATAFAMLSLGTKADTHDEILEGLNFNLTEIPEAQIHEGFQELLRTLNQPDSQLQLTTGNGLFLSEGLKLVDKFLEDVKKLYHSEAFTVNFGDTEEAKKQINDYVEKGTQGKIVDLVKELDRDTVFALVNYIFFKGKWERPFEVKDTEEEDFHVDQVTTVKVPMMKRLGMFNIQHCKKLSSWVLLMKYLGNATAIFFLPDEGKLQHLENELTHDIITKFLENEDRRSASLHLPKLSITGTYDLKSVLGQLGITKVFSNGADLSGVTEEAPLKLSKAVHKAVLTIDEKGTEAAGAMFLEAIPMSIPPEVKFNKPFVFLMIEQNTKSPLFMGKVVNPTQK,32,4.77,-1.663,0.53,-0.184777778,9,0.6661,1.3426,-6.433,0.49536
1QLPA,G,70,A,Reverse,6.5,25,-1.6,FNKITPNLAEFAFSLYRQLAHQSNSTNIFFSPVSIATAFAMLSLGTKADTHDEILEGLNFNLTEIPEAQIHEGFQELLRTLNQPDSQLQLTTGNGLFLSEGLKLVDKFLEDVKKLYHSEAFTVNFGDTEEAKKQINDYVEKGTQGKIVDLVKELDRDTVFALVNYIFFKGKWERPFEVKDTEEEDFHVDQVTTVKVPMMKRLGMFNIQHCKKLSSWVLLMKYLGNATAIFFLPDEGKLQHLENELTHDIITKFLENEDRRSASLHLPKLSITGTYDLKSVLGQLGITKVFSNGADLSGVTEEAPLKLSKAVHKAVLTIDEKGTEAAGAMFLEAIPMSIPPEVKFNKPFVFLMIEQNTKSPLFMGKVVNPTQK,47,-1.25,-0.006,-0.208333333,-0.001,6,1.0875,1.0112,1.244,1.10952
1QLPA,W,160,Y,Reverse,7.8,25,-1.18,FNKITPNLAEFAFSLYRQLAHQSNSTNIFFSPVSIATAFAMLSLGTKADTHDEILEGLNFNLTEIPEAQIHEGFQELLRTLNQPDSQLQLTTGNGLFLSEGLKLVDKFLEDVKKLYHSEAFTVNFGDTEEAKKQINDYVEKGTQGKIVDLVKELDRDTVFALVNYIFFKGKWERPFEVKDTEEEDFHVDQVTTVKVPMMKRLGMFNIQHCKKLSSWVLLMKYLGNATAIFFLPDEGKLQHLENELTHDIITKFLENEDRRSASLHLPKLSITGTYDLKSVLGQLGITKVFSNGADLSGVTEEAPLKLSKAVHKAVLTIDEKGTEAAGAMFLEAIPMSIPPEVKFNKPFVFLMIEQNTKSPLFMGKVVNPTQK,137,0.41,0.018,0.41,0.018,1,0.9713,1.0064,-0.392,0.97864
1QLPA,I,183,A,Reverse,6.5,25,-1.8,FNKITPNLAEFAFSLYRQLAHQSNSTNIFFSPVSIATAFAMLSLGTKADTHDEILEGLNFNLTEIPEAQIHEGFQELLRTLNQPDSQLQLTTGNGLFLSEGLKLVDKFLEDVKKLYHSEAFTVNFGDTEEAKKQINDYVEKGTQGKIVDLVKELDRDTVFALVNYIFFKGKWERPFEVKDTEEEDFHVDQVTTVKVPMMKRLGMFNIQHCKKLSSWVLLMKYLGNATAIFFLPDEGKLQHLENELTHDIITKFLENEDRRSASLHLPKLSITGTYDLKSVLGQLGITKVFSNGADLSGVTEEAPLKLSKAVHKAVLTIDEKGTEAAGAMFLEAIPMSIPPEVKFNKPFVFLMIEQNTKSPLFMGKVVNPTQK,160,12.32,0.242,1.54,0.03025,8,0.1376,0.9616,-12.078,0.04376
1QLPA,V,183,A,Reverse,6.5,25,-3.8,FNKITPNLAEFAFSLYRQLAHQSNSTNIFFSPVSIATAFAMLSLGTKADTHDEILEGLNFNLTEIPEAQIHEGFQELLRTLNQPDSQLQLTTGNGLFLSEGLKLVDKFLEDVKKLYHSEAFTVNFGDTEEAKKQINDYVEKGTQGKIVDLVKELDRDTVFALVNYIFFKGKWERPFEVKDTEEEDFHVDQVTTVKVPMMKRLGMFNIQHCKKLSSWVLLMKYLGNATAIFFLPDEGKLQHLENELTHDIITKFLENEDRRSASLHLPKLSITGTYDLKSVLGQLGITKVFSNGADLSGVTEEAPLKLSKAVHKAVLTIDEKGTEAAGAMFLEAIPMSIPPEVKFNKPFVFLMIEQNTKSPLFMGKVVNPTQK,160,10.71,-0.078,1.33875,-0.00975,8,0.2503,1.0256,-10.788,0.14696
1QLPA,F,238,W,Reverse,7.8,25,-0.98,FNKITPNLAEFAFSLYRQLAHQSNSTNIFFSPVSIATAFAMLSLGTKADTHDEILEGLNFNLTEIPEAQIHEGFQELLRTLNQPDSQLQLTTGNGLFLSEGLKLVDKFLEDVKKLYHSEAFTVNFGDTEEAKKQINDYVEKGTQGKIVDLVKELDRDTVFALVNYIFFKGKWERPFEVKDTEEEDFHVDQVTTVKVPMMKRLGMFNIQHCKKLSSWVLLMKYLGNATAIFFLPDEGKLQHLENELTHDIITKFLENEDRRSASLHLPKLSITGTYDLKSVLGQLGITKVFSNGADLSGVTEEAPLKLSKAVHKAVLTIDEKGTEAAGAMFLEAIPMSIPPEVKFNKPFVFLMIEQNTKSPLFMGKVVNPTQK,215,0,0,0,0,0,1,1.01,0,1.01
1QLPA,F,248,A,Reverse,6.5,25,-1.8,FNKITPNLAEFAFSLYRQLAHQSNSTNIFFSPVSIATAFAMLSLGTKADTHDEILEGLNFNLTEIPEAQIHEGFQELLRTLNQPDSQLQLTTGNGLFLSEGLKLVDKFLEDVKKLYHSEAFTVNFGDTEEAKKQINDYVEKGTQGKIVDLVKELDRDTVFALVNYIFFKGKWERPFEVKDTEEEDFHVDQVTTVKVPMMKRLGMFNIQHCKKLSSWVLLMKYLGNATAIFFLPDEGKLQHLENELTHDIITKFLENEDRRSASLHLPKLSITGTYDLKSVLGQLGITKVFSNGADLSGVTEEAPLKLSKAVHKAVLTIDEKGTEAAGAMFLEAIPMSIPPEVKFNKPFVFLMIEQNTKSPLFMGKVVNPTQK,225,4.19,0.307,2.095,0.1535,2,0.7067,0.9486,-3.883,0.69936
1QLPA,I,248,A,Reverse,6.5,25,-2.2,FNKITPNLAEFAFSLYRQLAHQSNSTNIFFSPVSIATAFAMLSLGTKADTHDEILEGLNFNLTEIPEAQIHEGFQELLRTLNQPDSQLQLTTGNGLFLSEGLKLVDKFLEDVKKLYHSEAFTVNFGDTEEAKKQINDYVEKGTQGKIVDLVKELDRDTVFALVNYIFFKGKWERPFEVKDTEEEDFHVDQVTTVKVPMMKRLGMFNIQHCKKLSSWVLLMKYLGNATAIFFLPDEGKLQHLENELTHDIITKFLENEDRRSASLHLPKLSITGTYDLKSVLGQLGITKVFSNGADLSGVTEEAPLKLSKAVHKAVLTIDEKGTEAAGAMFLEAIPMSIPPEVKFNKPFVFLMIEQNTKSPLFMGKVVNPTQK,225,3.6,0.279,1.8,0.1395,2,0.748,0.9542,-3.321,0.74432
1QLPA,L,248,A,Reverse,6.5,25,-0.35,FNKITPNLAEFAFSLYRQLAHQSNSTNIFFSPVSIATAFAMLSLGTKADTHDEILEGLNFNLTEIPEAQIHEGFQELLRTLNQPDSQLQLTTGNGLFLSEGLKLVDKFLEDVKKLYHSEAFTVNFGDTEEAKKQINDYVEKGTQGKIVDLVKELDRDTVFALVNYIFFKGKWERPFEVKDTEEEDFHVDQVTTVKVPMMKRLGMFNIQHCKKLSSWVLLMKYLGNATAIFFLPDEGKLQHLENELTHDIITKFLENEDRRSASLHLPKLSITGTYDLKSVLGQLGITKVFSNGADLSGVTEEAPLKLSKAVHKAVLTIDEKGTEAAGAMFLEAIPMSIPPEVKFNKPFVFLMIEQNTKSPLFMGKVVNPTQK,225,4.31,0.366,2.155,0.183,2,0.6983,0.9368,-3.944,0.69448
1QLPA,V,248,A,Reverse,6.5,25,-2.3,FNKITPNLAEFAFSLYRQLAHQSNSTNIFFSPVSIATAFAMLSLGTKADTHDEILEGLNFNLTEIPEAQIHEGFQELLRTLNQPDSQLQLTTGNGLFLSEGLKLVDKFLEDVKKLYHSEAFTVNFGDTEEAKKQINDYVEKGTQGKIVDLVKELDRDTVFALVNYIFFKGKWERPFEVKDTEEEDFHVDQVTTVKVPMMKRLGMFNIQHCKKLSSWVLLMKYLGNATAIFFLPDEGKLQHLENELTHDIITKFLENEDRRSASLHLPKLSITGTYDLKSVLGQLGITKVFSNGADLSGVTEEAPLKLSKAVHKAVLTIDEKGTEAAGAMFLEAIPMSIPPEVKFNKPFVFLMIEQNTKSPLFMGKVVNPTQK,225,2.64,0.173,1.32,0.0865,2,0.8152,0.9754,-2.467,0.81264
1QLPA,I,284,A,Reverse,6.5,25,0,FNKITPNLAEFAFSLYRQLAHQSNSTNIFFSPVSIATAFAMLSLGTKADTHDEILEGLNFNLTEIPEAQIHEGFQELLRTLNQPDSQLQLTTGNGLFLSEGLKLVDKFLEDVKKLYHSEAFTVNFGDTEEAKKQINDYVEKGTQGKIVDLVKELDRDTVFALVNYIFFKGKWERPFEVKDTEEEDFHVDQVTTVKVPMMKRLGMFNIQHCKKLSSWVLLMKYLGNATAIFFLPDEGKLQHLENELTHDIITKFLENEDRRSASLHLPKLSITGTYDLKSVLGQLGITKVFSNGADLSGVTEEAPLKLSKAVHKAVLTIDEKGTEAAGAMFLEAIPMSIPPEVKFNKPFVFLMIEQNTKSPLFMGKVVNPTQK,261,8.98,0.252,1.796,0.0504,5,0.3714,0.9596,-8.728,0.31176
1QLPA,V,284,A,Reverse,6.5,25,-0.8,FNKITPNLAEFAFSLYRQLAHQSNSTNIFFSPVSIATAFAMLSLGTKADTHDEILEGLNFNLTEIPEAQIHEGFQELLRTLNQPDSQLQLTTGNGLFLSEGLKLVDKFLEDVKKLYHSEAFTVNFGDTEEAKKQINDYVEKGTQGKIVDLVKELDRDTVFALVNYIFFKGKWERPFEVKDTEEEDFHVDQVTTVKVPMMKRLGMFNIQHCKKLSSWVLLMKYLGNATAIFFLPDEGKLQHLENELTHDIITKFLENEDRRSASLHLPKLSITGTYDLKSVLGQLGITKVFSNGADLSGVTEEAPLKLSKAVHKAVLTIDEKGTEAAGAMFLEAIPMSIPPEVKFNKPFVFLMIEQNTKSPLFMGKVVNPTQK,261,6.45,0.002,1.29,0.0004,5,0.5485,1.0096,-6.448,0.49416
1QLPA,I,321,V,Reverse,6.5,25,-0.6,FNKITPNLAEFAFSLYRQLAHQSNSTNIFFSPVSIATAFAMLSLGTKADTHDEILEGLNFNLTEIPEAQIHEGFQELLRTLNQPDSQLQLTTGNGLFLSEGLKLVDKFLEDVKKLYHSEAFTVNFGDTEEAKKQINDYVEKGTQGKIVDLVKELDRDTVFALVNYIFFKGKWERPFEVKDTEEEDFHVDQVTTVKVPMMKRLGMFNIQHCKKLSSWVLLMKYLGNATAIFFLPDEGKLQHLENELTHDIITKFLENEDRRSASLHLPKLSITGTYDLKSVLGQLGITKVFSNGADLSGVTEEAPLKLSKAVHKAVLTIDEKGTEAAGAMFLEAIPMSIPPEVKFNKPFVFLMIEQNTKSPLFMGKVVNPTQK,298,0.57,0.008,0.57,0.008,1,0.9601,1.0084,-0.562,0.96504
1QLPA,R,330,S,Reverse,7.8,25,2.44,FNKITPNLAEFAFSLYRQLAHQSNSTNIFFSPVSIATAFAMLSLGTKADTHDEILEGLNFNLTEIPEAQIHEGFQELLRTLNQPDSQLQLTTGNGLFLSEGLKLVDKFLEDVKKLYHSEAFTVNFGDTEEAKKQINDYVEKGTQGKIVDLVKELDRDTVFALVNYIFFKGKWERPFEVKDTEEEDFHVDQVTTVKVPMMKRLGMFNIQHCKKLSSWVLLMKYLGNATAIFFLPDEGKLQHLENELTHDIITKFLENEDRRSASLHLPKLSITGTYDLKSVLGQLGITKVFSNGADLSGVTEEAPLKLSKAVHKAVLTIDEKGTEAAGAMFLEAIPMSIPPEVKFNKPFVFLMIEQNTKSPLFMGKVVNPTQK,307,0.64,0.014,0.058181818,0.001272727,11,0.9552,1.0072,-0.626,0.95992
1QLPA,F,331,K,Reverse,7.8,25,-1.75,FNKITPNLAEFAFSLYRQLAHQSNSTNIFFSPVSIATAFAMLSLGTKADTHDEILEGLNFNLTEIPEAQIHEGFQELLRTLNQPDSQLQLTTGNGLFLSEGLKLVDKFLEDVKKLYHSEAFTVNFGDTEEAKKQINDYVEKGTQGKIVDLVKELDRDTVFALVNYIFFKGKWERPFEVKDTEEEDFHVDQVTTVKVPMMKRLGMFNIQHCKKLSSWVLLMKYLGNATAIFFLPDEGKLQHLENELTHDIITKFLENEDRRSASLHLPKLSITGTYDLKSVLGQLGITKVFSNGADLSGVTEEAPLKLSKAVHKAVLTIDEKGTEAAGAMFLEAIPMSIPPEVKFNKPFVFLMIEQNTKSPLFMGKVVNPTQK,308,15.58,4.379,2.596666667,0.729833333,6,-0.0906,0.1342,-11.201,0.11392
1QLPA,L,364,V,Reverse,6.5,25,0.3,FNKITPNLAEFAFSLYRQLAHQSNSTNIFFSPVSIATAFAMLSLGTKADTHDEILEGLNFNLTEIPEAQIHEGFQELLRTLNQPDSQLQLTTGNGLFLSEGLKLVDKFLEDVKKLYHSEAFTVNFGDTEEAKKQINDYVEKGTQGKIVDLVKELDRDTVFALVNYIFFKGKWERPFEVKDTEEEDFHVDQVTTVKVPMMKRLGMFNIQHCKKLSSWVLLMKYLGNATAIFFLPDEGKLQHLENELTHDIITKFLENEDRRSASLHLPKLSITGTYDLKSVLGQLGITKVFSNGADLSGVTEEAPLKLSKAVHKAVLTIDEKGTEAAGAMFLEAIPMSIPPEVKFNKPFVFLMIEQNTKSPLFMGKVVNPTQK,341,0.88,-0.093,0.88,-0.093,1,0.9384,1.0286,-0.973,0.93216
1QLPA,I,374,M,Reverse,6.5,25,-2.3,FNKITPNLAEFAFSLYRQLAHQSNSTNIFFSPVSIATAFAMLSLGTKADTHDEILEGLNFNLTEIPEAQIHEGFQELLRTLNQPDSQLQLTTGNGLFLSEGLKLVDKFLEDVKKLYHSEAFTVNFGDTEEAKKQINDYVEKGTQGKIVDLVKELDRDTVFALVNYIFFKGKWERPFEVKDTEEEDFHVDQVTTVKVPMMKRLGMFNIQHCKKLSSWVLLMKYLGNATAIFFLPDEGKLQHLENELTHDIITKFLENEDRRSASLHLPKLSITGTYDLKSVLGQLGITKVFSNGADLSGVTEEAPLKLSKAVHKAVLTIDEKGTEAAGAMFLEAIPMSIPPEVKFNKPFVFLMIEQNTKSPLFMGKVVNPTQK,351,0,0,0,0,0,1,1.01,0,1.01
1QLPA,A,381,S,Reverse,6.5,25,-1,FNKITPNLAEFAFSLYRQLAHQSNSTNIFFSPVSIATAFAMLSLGTKADTHDEILEGLNFNLTEIPEAQIHEGFQELLRTLNQPDSQLQLTTGNGLFLSEGLKLVDKFLEDVKKLYHSEAFTVNFGDTEEAKKQINDYVEKGTQGKIVDLVKELDRDTVFALVNYIFFKGKWERPFEVKDTEEEDFHVDQVTTVKVPMMKRLGMFNIQHCKKLSSWVLLMKYLGNATAIFFLPDEGKLQHLENELTHDIITKFLENEDRRSASLHLPKLSITGTYDLKSVLGQLGITKVFSNGADLSGVTEEAPLKLSKAVHKAVLTIDEKGTEAAGAMFLEAIPMSIPPEVKFNKPFVFLMIEQNTKSPLFMGKVVNPTQK,358,7.07,2.235,0.707,0.2235,10,0.5051,0.563,-4.835,0.6232
1RG8A,S,16,C,Reverse,6.6,25,2.81,HHHHFNLPPGNYKKPKLLYCSNGGHFLRILPDGTVDGTRDRSDQHIQLQLSAESVGEVYIKSTETGQYLAMDTDGLLYGSQTPNEECLFLERLEENHYNTYISKKHAEKNWFVGLKKNGSCKRGPRTHYGQKAILFLPLPV,19,-6.94,-1.155,-1.156666667,-0.1925,6,1.4858,1.241,5.785,1.4728
1RG8A,F,44,L,Reverse,7.3,34.5,-0.59,HHHHFNLPPGNYKKPKLLYCSNGGHFLRILPDGTVDGTRDRSDQHIQLQLSAESVGEVYIKSTETGQYLAMDTDGLLYGSQTPNEECLFLERLEENHYNTYISKKHAEKNWFVGLKKNGSCKRGPRTHYGQKAILFLPLPV,47,-0.17,-0.196,-0.02125,-0.0245,8,1.0119,1.0492,-0.026,1.00792
1RG8A,G,106,N,Reverse,6.6,24.9,-0.16,HHHHFNLPPGNYKKPKLLYCSNGGHFLRILPDGTVDGTRDRSDQHIQLQLSAESVGEVYIKSTETGQYLAMDTDGLLYGSQTPNEECLFLERLEENHYNTYISKKHAEKNWFVGLKKNGSCKRGPRTHYGQKAILFLPLPV,109,2.28,0.041,0.253333333,0.004555556,9,0.8404,1.0018,-2.239,0.83088
1RG8A,I,109,V,Reverse,7.3,34.5,0.05,HHHHFNLPPGNYKKPKLLYCSNGGHFLRILPDGTVDGTRDRSDQHIQLQLSAESVGEVYIKSTETGQYLAMDTDGLLYGSQTPNEECLFLERLEENHYNTYISKKHAEKNWFVGLKKNGSCKRGPRTHYGQKAILFLPLPV,112,6.83,0.775,0.487857143,0.055357143,14,0.5219,0.855,-6.055,0.5256
1RISA,A,8,I,Reverse,8,25,3.56,MRRYEVNIVLNPNLDQSQLALEKEIIQRALENYGARVEKVEELGLRRLAYPIAKDPQGYFLWYQVEMPEDRVNDLARELRIRDNVRRVMVVKSQEPF,7,-20.82,-4.455,-1.892727273,-0.405,11,2.4574,1.901,16.365,2.3192
1RISA,A,21,L,Reverse,8,25,0.16,MRRYEVNIVLNPNLDQSQLALEKEIIQRALENYGARVEKVEELGLRRLAYPIAKDPQGYFLWYQVEMPEDRVNDLARELRIRDNVRRVMVVKSQEPF,20,-0.95,-1.406,-0.316666667,-0.468666667,3,1.0665,1.2912,-0.456,0.97352
1RISA,A,33,Y,Reverse,8,25,-0.41,MRRYEVNIVLNPNLDQSQLALEKEIIQRALENYGARVEKVEELGLRRLAYPIAKDPQGYFLWYQVEMPEDRVNDLARELRIRDNVRRVMVVKSQEPF,32,-8.59,-1.711,-0.954444444,-0.190111111,9,1.6013,1.3522,6.879,1.56032
1RISA,A,48,L,Reverse,8,25,0.21,MRRYEVNIVLNPNLDQSQLALEKEIIQRALENYGARVEKVEELGLRRLAYPIAKDPQGYFLWYQVEMPEDRVNDLARELRIRDNVRRVMVVKSQEPF,47,-2.27,-0.857,-2.27,-0.857,1,1.1589,1.1814,1.413,1.12304
1RISA,A,60,F,Reverse,8,25,0.81,MRRYEVNIVLNPNLDQSQLALEKEIIQRALENYGARVEKVEELGLRRLAYPIAKDPQGYFLWYQVEMPEDRVNDLARELRIRDNVRRVMVVKSQEPF,59,-14.42,-6.958,-1.8025,-0.86975,8,2.0094,2.4016,7.462,1.60696
1RISA,A,75,L,Reverse,8,25,1.35,MRRYEVNIVLNPNLDQSQLALEKEIIQRALENYGARVEKVEELGLRRLAYPIAKDPQGYFLWYQVEMPEDRVNDLARELRIRDNVRRVMVVKSQEPF,74,-11.06,-3.832,-2.212,-0.7664,5,1.7742,1.7764,7.228,1.58824
1RISA,A,79,L,Reverse,8,25,3.91,MRRYEVNIVLNPNLDQSQLALEKEIIQRALENYGARVEKVEELGLRRLAYPIAKDPQGYFLWYQVEMPEDRVNDLARELRIRDNVRRVMVVKSQEPF,78,-14.21,-4.852,-2.368333333,-0.808666667,6,1.9947,1.9804,9.358,1.75864
1RN1C,T,16,V,Reverse,7,25,3.65,ACDYTCGSNCYSSSDVSTAQAAGYQLHEDGETVGSNSYPHKYNNYEGFDFSVSSPYYEWPILSSGDVYSGGSPGADRVVFNENNQLAGVITHTGASGNNFVECT,15,-13.22,-1.172,-1.888571429,-0.167428571,7,1.9254,1.2444,12.048,1.97384
1RN1C,A,23,G,Reverse,7.4,25,1.2,ACDYTCGSNCYSSSDVSTAQAAGYQLHEDGETVGSNSYPHKYNNYEGFDFSVSSPYYEWPILSSGDVYSGGSPGADRVVFNENNQLAGVITHTGASGNNFVECT,22,4.58,0.051,0.352307692,0.003923077,13,0.6794,0.9998,-4.529,0.64768
1RN1C,A,49,D,Reverse,6.3,37.3,-0.5,ACDYTCGSNCYSSSDVSTAQAAGYQLHEDGETVGSNSYPHKYNNYEGFDFSVSSPYYEWPILSSGDVYSGGSPGADRVVFNENNQLAGVITHTGASGNNFVECT,48,0,0,0,0,0,1,1.01,0,1.01
1RN1C,S,78,V,Reverse,7,25,4.73,ACDYTCGSNCYSSSDVSTAQAAGYQLHEDGETVGSNSYPHKYNNYEGFDFSVSSPYYEWPILSSGDVYSGGSPGADRVVFNENNQLAGVITHTGASGNNFVECT,77,-20.02,-1.644,-1.82,-0.149454545,11,2.4014,1.3388,18.376,2.48008
1RN1C,T,78,V,Reverse,7,25,3.59,ACDYTCGSNCYSSSDVSTAQAAGYQLHEDGETVGSNSYPHKYNNYEGFDFSVSSPYYEWPILSSGDVYSGGSPGADRVVFNENNQLAGVITHTGASGNNFVECT,77,-16.62,-1.467,-1.510909091,-0.133363636,11,2.1634,1.3034,15.153,2.22224
1RTBA,S,5,A,Reverse,7.1,62,0.27,KETAAAKFERQHMDSSTSAASSSNYCNQMMKSRNLTKDRCKPVNTFVHESLADVQAVCSQKNVACKNGQTNCYQSYSTMSITDCRETGSSKYPNCAYKTTQANKHIIVACEGNPYVPVHFDASV,4,-3.97,-0.43,-0.567142857,-0.061428571,7,1.2779,1.096,3.54,1.2932
1RTBA,V,46,F,Reverse,6,24.9,4.55,KETAAAKFERQHMDSSTSAASSSNYCNQMMKSRNLTKDRCKPVNTFVHESLADVQAVCSQKNVACKNGQTNCYQSYSTMSITDCRETGSSKYPNCAYKTTQANKHIIVACEGNPYVPVHFDASV,45,-11.01,-3.686,-1.000909091,-0.335090909,11,1.7707,1.7472,7.324,1.59592
1RTBA,A,57,V,Reverse,5,40,2.85,KETAAAKFERQHMDSSTSAASSSNYCNQMMKSRNLTKDRCKPVNTFVHESLADVQAVCSQKNVACKNGQTNCYQSYSTMSITDCRETGSSKYPNCAYKTTQANKHIIVACEGNPYVPVHFDASV,56,-21.36,-9.617,-1.256470588,-0.565705882,17,2.4952,2.9334,11.743,1.94944
1RTBA,L,57,V,Reverse,5,40,2.37,KETAAAKFERQHMDSSTSAASSSNYCNQMMKSRNLTKDRCKPVNTFVHESLADVQAVCSQKNVACKNGQTNCYQSYSTMSITDCRETGSSKYPNCAYKTTQANKHIIVACEGNPYVPVHFDASV,56,9.85,4.401,0.579411765,0.258882353,17,0.3105,0.1298,-5.449,0.57408
1RTBA,A,63,V,Reverse,5,40,2.03,KETAAAKFERQHMDSSTSAASSSNYCNQMMKSRNLTKDRCKPVNTFVHESLADVQAVCSQKNVACKNGQTNCYQSYSTMSITDCRETGSSKYPNCAYKTTQANKHIIVACEGNPYVPVHFDASV,62,-8.61,-0.347,-1.23,-0.049571429,7,1.6027,1.0794,8.263,1.67104
1RTP1,S,80,K,Reverse,7.4,45.8,0.29,SMTDLLSAEDIKKAIGAFTAADSFDHKKFFQMVGLKKKSADDVKKVFHILDKDKSGFIEEDELGSILKGFSSDARDLSAKETKTLMAAGDKDGDGKIGVEEFSTLVAES,79,-0.05,-0.001,-0.05,-0.001,1,1.0035,1.0102,0.049,1.01392
1SHFA,F,107,E,Reverse,8,25,1.63,VTLFVALYDYEARTEDDLSFHKGEKFQILNSSEGDWWEARSLTTGETGYIPSNYVAPVD,23,11.23,2.409,2.8075,0.60225,4,0.2139,0.5282,-8.821,0.30432
1SHFA,H,107,E,Reverse,8,25,0.99,VTLFVALYDYEARTEDDLSFHKGEKFQILNSSEGDWWEARSLTTGETGYIPSNYVAPVD,23,8.74,0.411,0.971111111,0.045666667,9,0.3882,0.9278,-8.329,0.34368
1SHFA,K,107,E,Reverse,8,25,0.97,VTLFVALYDYEARTEDDLSFHKGEKFQILNSSEGDWWEARSLTTGETGYIPSNYVAPVD,23,-1.42,-0.045,-0.157777778,-0.005,9,1.0994,1.019,1.375,1.12
1SHFA,L,107,E,Reverse,8,25,3.02,VTLFVALYDYEARTEDDLSFHKGEKFQILNSSEGDWWEARSLTTGETGYIPSNYVAPVD,23,11.2,2.481,2.8,0.62025,4,0.216,0.5138,-8.719,0.31248
1SHFA,Y,107,E,Reverse,8,25,2.4,VTLFVALYDYEARTEDDLSFHKGEKFQILNSSEGDWWEARSLTTGETGYIPSNYVAPVD,23,14.37,1.546,1.79625,0.19325,8,-0.0059,0.7008,-12.824,-0.01592
1SHFA,A,111,I,Reverse,7,25,2.84,VTLFVALYDYEARTEDDLSFHKGEKFQILNSSEGDWWEARSLTTGETGYIPSNYVAPVD,27,-8.89,0.89,-1.778,0.178,5,1.6223,0.832,9.78,1.7924
1SHFA,L,111,I,Reverse,7,25,0.71,VTLFVALYDYEARTEDDLSFHKGEKFQILNSSEGDWWEARSLTTGETGYIPSNYVAPVD,27,1.81,1.245,0.362,0.249,5,0.8733,0.761,-0.565,0.9648
1SHFA,D,124,S,Reverse,8,25,2.02,VTLFVALYDYEARTEDDLSFHKGEKFQILNSSEGDWWEARSLTTGETGYIPSNYVAPVD,40,-2.66,-0.087,-0.266,-0.0087,10,1.1862,1.0274,2.573,1.21584
1SHFA,F,124,S,Reverse,8,25,1.9,VTLFVALYDYEARTEDDLSFHKGEKFQILNSSEGDWWEARSLTTGETGYIPSNYVAPVD,40,21.1,4.222,2.344444444,0.469111111,9,-0.477,0.1656,-16.878,-0.34024
1SHFA,G,124,S,Reverse,8,25,1.68,VTLFVALYDYEARTEDDLSFHKGEKFQILNSSEGDWWEARSLTTGETGYIPSNYVAPVD,40,1.01,0.047,0.101,0.0047,10,0.9293,1.0006,-0.963,0.93296
1SHFA,H,124,S,Reverse,8,25,1.25,VTLFVALYDYEARTEDDLSFHKGEKFQILNSSEGDWWEARSLTTGETGYIPSNYVAPVD,40,5.66,0.361,0.566,0.0361,10,0.6038,0.9378,-5.299,0.58608
1SHFA,L,124,S,Reverse,8,25,0.37,VTLFVALYDYEARTEDDLSFHKGEKFQILNSSEGDWWEARSLTTGETGYIPSNYVAPVD,40,18.21,5.48,1.821,0.548,10,-0.2747,-0.086,-12.73,-0.0084
1SHFA,N,124,S,Reverse,8,25,0.73,VTLFVALYDYEARTEDDLSFHKGEKFQILNSSEGDWWEARSLTTGETGYIPSNYVAPVD,40,-0.72,-0.05,-0.072,-0.005,10,1.0504,1.02,0.67,1.0636
1SHFA,A,128,G,Reverse,8,25,1.78,VTLFVALYDYEARTEDDLSFHKGEKFQILNSSEGDWWEARSLTTGETGYIPSNYVAPVD,44,0.11,0.019,0.11,0.019,1,0.9923,1.0062,-0.091,1.00272
1SHFA,M,138,V,Reverse,7,25,0.52,VTLFVALYDYEARTEDDLSFHKGEKFQILNSSEGDWWEARSLTTGETGYIPSNYVAPVD,54,0.44,0.375,0.055,0.046875,8,0.9692,0.935,-0.065,1.0048
1TITA,A,60,L,Reverse,7.4,25,4.88,LIEVEKPLYGVEVFVGETAHFEIELSEPDVHGQWKLKGQPLTASPDCEIIEDGKKHILILHNCQLGMTGEVSFQAANAKSAANLKVKEL,59,-13.4,-2.05,-1.914285714,-0.292857143,7,1.938,1.42,11.35,1.918
1TITA,S,63,C,Reverse,7.3,25,2.08,LIEVEKPLYGVEVFVGETAHFEIELSEPDVHGQWKLKGQPLTASPDCEIIEDGKKHILILHNCQLGMTGEVSFQAANAKSAANLKVKEL,62,-16.84,-3.393,-1.403333333,-0.28275,12,2.1788,1.6886,13.447,2.08576
1TITA,A,86,V,Reverse,7.4,25,4.45,LIEVEKPLYGVEVFVGETAHFEIELSEPDVHGQWKLKGQPLTASPDCEIIEDGKKHILILHNCQLGMTGEVSFQAANAKSAANLKVKEL,85,-8.8,-1.381,-1.257142857,-0.197285714,7,1.616,1.2862,7.419,1.60352
1TTQA,L,22,F,Reverse,7.8,25,1.05,MERYENLFAQLNDRREGAFVPFVTLGDPGIEQSLKIIDTLIDAGADALELGVPFSDPLADGPTIQNANLRAFAAGVTPAQCFEMLALIREKHPTIPIGLLMYANLVFNNGIDAFYARCEQVGVDSVLVADVPVEESAPFRQAALRHNIAPIFICPPNADDDLLRQVASYGRGYTYLLALPLHHLIEKLKEYHAAPALQGFGISSPEQVSAAVRAGAAGAISGSAIVKIIEKNLASPKQMLAELRSFVSAMKAASRA,21,0.16,0.141,0.026666667,0.0235,6,0.9888,0.9818,-0.019,1.00848
1TTQA,V,22,F,Reverse,7.8,25,3.44,MERYENLFAQLNDRREGAFVPFVTLGDPGIEQSLKIIDTLIDAGADALELGVPFSDPLADGPTIQNANLRAFAAGVTPAQCFEMLALIREKHPTIPIGLLMYANLVFNNGIDAFYARCEQVGVDSVLVADVPVEESAPFRQAALRHNIAPIFICPPNADDDLLRQVASYGRGYTYLLALPLHHLIEKLKEYHAAPALQGFGISSPEQVSAAVRAGAAGAISGSAIVKIIEKNLASPKQMLAELRSFVSAMKAASRA,21,-3.52,0.517,-0.586666667,0.086166667,6,1.2464,0.9066,4.037,1.33296
1UZCA,A,27,E,Reverse,5.7,9.9,0.62,QPAKKTYTWNTKEEAKQAFKELLKEKRVPSNASWEQAMKMIINDPRYSALAKLSEKKQAFNAYKVQTEK,24,2.74,0.132,0.685,0.033,4,0.8082,0.9836,-2.608,0.80136
1UZCA,G,38,Q,Reverse,5.7,9.9,1.57,QPAKKTYTWNTKEEAKQAFKELLKEKRVPSNASWEQAMKMIINDPRYSALAKLSEKKQAFNAYKVQTEK,35,0.93,0.013,0.2325,0.00325,4,0.9349,1.0074,-0.917,0.93664
1UZCA,V,44,I,Reverse,5.7,9.9,0.3,QPAKKTYTWNTKEEAKQAFKELLKEKRVPSNASWEQAMKMIINDPRYSALAKLSEKKQAFNAYKVQTEK,41,-3.33,0.028,-0.555,0.004666667,6,1.2331,1.0044,3.358,1.27864
1UZCA,G,61,A,Reverse,5.7,9.9,2.07,QPAKKTYTWNTKEEAKQAFKELLKEKRVPSNASWEQAMKMIINDPRYSALAKLSEKKQAFNAYKVQTEK,58,-2.46,-0.13,-0.351428571,-0.018571429,7,1.1722,1.036,2.33,1.1964
1YYJA,A,3,L,Reverse,5,25,1.6,ADLEDNWETLNDNLKVIEKADNAAQVKDALTKMRAAALDAQKATPPKLEDKSPDSPEMKDFRHGFDILVGQIDDALKLANEGKVKEAQAAAEQLKTTIRAYNQKYG,2,-12.35,-1.831,-2.058333333,-0.305166667,6,1.8645,1.3762,10.519,1.85152
1YYJA,G,20,A,Reverse,5,25,1.97,ADLEDNWETLNDNLKVIEKADNAAQVKDALTKMRAAALDAQKATPPKLEDKSPDSPEMKDFRHGFDILVGQIDDALKLANEGKVKEAQAAAEQLKTTIRAYNQKYG,19,-2.12,-0.062,-0.424,-0.0124,5,1.1484,1.0224,2.058,1.17464
1YYJA,A,61,F,Reverse,5,25,4.52,ADLEDNWETLNDNLKVIEKADNAAQVKDALTKMRAAALDAQKATPPKLEDKSPDSPEMKDFRHGFDILVGQIDDALKLANEGKVKEAQAAAEQLKTTIRAYNQKYG,60,-14.89,-1.044,-1.86125,-0.1305,8,2.0423,1.2188,13.846,2.11768
1YYJA,A,65,F,Reverse,5,25,1.92,ADLEDNWETLNDNLKVIEKADNAAQVKDALTKMRAAALDAQKATPPKLEDKSPDSPEMKDFRHGFDILVGQIDDALKLANEGKVKEAQAAAEQLKTTIRAYNQKYG,64,-10.54,-3.961,-2.108,-0.7922,5,1.7378,1.8022,6.579,1.53632
1YYJA,A,105,Y,Reverse,5,25,2.36,ADLEDNWETLNDNLKVIEKADNAAQVKDALTKMRAAALDAQKATPPKLEDKSPDSPEMKDFRHGFDILVGQIDDALKLANEGKVKEAQAAAEQLKTTIRAYNQKYG,103,-0.64,-0.008,-0.64,-0.008,1,1.0448,1.0116,0.632,1.06056
1ZG4A,F,290,W,Reverse,7,25,0.83,HPETLVKVKDAEDQLGARVGYIELDLNSGKILESFRPEERFPMMSTFKVLLCGAVLSRIDAGQEQLGRRIHYSQNDLVEYSPVTEKHLTDGMTVRELCSAAITMSDNTAANLLLTTIGGPKELTAFLHNMGDHVTRLDRWEPELNEAIPNDERDTTMPVAMATTLRKLLTGELLTLASRQQLIDWMEADKVAGPLLRSALPAGWFIADKSGAGERGSRGIIAALGPDGKPSRIVVIYTTGSQATMDERNRQIAEIGASLIKHW,262,0.79,-0.552,0.79,-0.552,1,0.9447,1.1204,-1.342,0.90264
1ZNJB,E,10,H,Reverse,8,25,-1.11,FVNQHLCGSHLVEALYLVCGERGFFYTPKT,9,-4.95,-0.076,-0.99,-0.0152,5,1.3465,1.0252,4.874,1.39992
1ZNJB,T,10,H,Reverse,8,25,-0.03,FVNQHLCGSHLVEALYLVCGERGFFYTPKT,9,-1.02,-0.022,-0.204,-0.0044,5,1.0714,1.0144,0.998,1.08984
1ZNJB,D,25,F,Reverse,8,25,-0.48,FVNQHLCGSHLVEALYLVCGERGFFYTPKT,24,0,0,0,0,0,1,1.01,0,1.01
2A36A,A,22,T,Reverse,6,25,-0.4,MEAIAKHDFSATADDELSFRKTQILKILNMEDDSNWYRAELDGKEGLIPSNYIEMKNHD,21,1.39,0.144,0.231666667,0.024,6,0.9027,0.9812,-1.246,0.91032
2A36A,F,22,T,Reverse,6,25,-1.3,MEAIAKHDFSATADDELSFRKTQILKILNMEDDSNWYRAELDGKEGLIPSNYIEMKNHD,21,4.98,0.827,2.49,0.4135,2,0.6514,0.8446,-4.153,0.67776
2A36A,L,22,T,Reverse,6,25,-0.5,MEAIAKHDFSATADDELSFRKTQILKILNMEDDSNWYRAELDGKEGLIPSNYIEMKNHD,21,5.1,0.909,2.55,0.4545,2,0.643,0.8282,-4.191,0.67472
2A36A,N,22,T,Reverse,6,25,-1.3,MEAIAKHDFSATADDELSFRKTQILKILNMEDDSNWYRAELDGKEGLIPSNYIEMKNHD,21,-2.62,-0.106,-0.436666667,-0.017666667,6,1.1834,1.0312,2.514,1.21112
2DRIA,E,50,V,Reverse,7.7,25,3.5,KDTIALVVSTLNNPFFVSLKDGAQKEADKLGYNLVVLDSQNNPAKELANVQDLTVRGTKILLINPTDSDAVGNAVKMANQANIPVITLDRQATKGEVVSHIASDNVLGGKIAGDYIAKKAGEGAKVIELQGIAGTSAARERGEGFQQAVAAHKFNVLASQPADFDRIKGLNVMQNLLTAHPDVQAVFAQNDEMALGALRALQTAGKSDVMVVGFDGTPDGEKAVNDGKLAATIAQLPDQIGAKGVETADKVLKGEKVQAKYPVDLKLVVKQ,49,-16.08,-2.069,-2.68,-0.344833333,6,2.1256,1.4238,14.011,2.13088
2IMMA,L,15,A,Reverse,7.4,20,-1.36,DIVMTQSPSSLSVSAGERVTMSCKSSQSLLNSGNQKNFLAWYQQKPGQPPKLLIYGASTRESGVPDRFTGSGSGTDFTLTISSVQAEDLAVYYCQNDHSYPLTFGAGTKLELKR,14,13.17,4.097,2.195,0.682833333,6,0.0781,0.1906,-9.073,0.28416
2IMMA,L,21,M,Reverse,7.4,20,0.31,DIVMTQSPSSLSVSAGERVTMSCKSSQSLLNSGNQKNFLAWYQQKPGQPPKLLIYGASTRESGVPDRFTGSGSGTDFTLTISSVQAEDLAVYYCQNDHSYPLTFGAGTKLELKR,20,3.78,0.153,0.63,0.0255,6,0.7354,0.9794,-3.627,0.71984
2IMMA,R,24,K,Reverse,7.4,20,0.17,DIVMTQSPSSLSVSAGERVTMSCKSSQSLLNSGNQKNFLAWYQQKPGQPPKLLIYGASTRESGVPDRFTGSGSGTDFTLTISSVQAEDLAVYYCQNDHSYPLTFGAGTKLELKR,23,6.38,-0.201,0.58,-0.018272727,11,0.5534,1.0502,-6.581,0.48352
2IMMA,E,79,Q,Reverse,7.4,20,0.41,DIVMTQSPSSLSVSAGERVTMSCKSSQSLLNSGNQKNFLAWYQQKPGQPPKLLIYGASTRESGVPDRFTGSGSGTDFTLTISSVQAEDLAVYYCQNDHSYPLTFGAGTKLELKR,84,-2.68,-0.39,-0.382857143,-0.055714286,7,1.1876,1.088,2.29,1.1932
2IMMA,I,106,L,Reverse,7.4,20,-0.36,DIVMTQSPSSLSVSAGERVTMSCKSSQSLLNSGNQKNFLAWYQQKPGQPPKLLIYGASTRESGVPDRFTGSGSGTDFTLTISSVQAEDLAVYYCQNDHSYPLTFGAGTKLELKR,111,-2.09,-1.687,-0.348333333,-0.281166667,6,1.1463,1.3474,0.403,1.04224
2LZMA,D,51,G,Reverse,7,22,2.63,MNIFEMLRIDEGLRLKIYKDTEGYYTIGIGHLLTKSPSLNAAKSELDKAIGRNCNGVITKDEAEKLFNQDVDAAVRGILRNAKLKPVYDSLDAVRRCALINMVFQMGETGVAGFTNSLRMLQQKRWDEAAVNLAKSRWYNQTPNRAKRVITTFRTGTWDAYKNL,50,0,0,0,0,0,1,1.01,0,1.01
2LZMA,Y,58,I,Reverse,7,22,3.11,MNIFEMLRIDEGLRLKIYKDTEGYYTIGIGHLLTKSPSLNAAKSELDKAIGRNCNGVITKDEAEKLFNQDVDAAVRGILRNAKLKPVYDSLDAVRRCALINMVFQMGETGVAGFTNSLRMLQQKRWDEAAVNLAKSRWYNQTPNRAKRVITTFRTGTWDAYKNL,57,-2.52,-0.554,-0.63,-0.1385,4,1.1764,1.1208,1.966,1.16728
2LZMA,I,146,A,Reverse,7,22,4.31,MNIFEMLRIDEGLRLKIYKDTEGYYTIGIGHLLTKSPSLNAAKSELDKAIGRNCNGVITKDEAEKLFNQDVDAAVRGILRNAKLKPVYDSLDAVRRCALINMVFQMGETGVAGFTNSLRMLQQKRWDEAAVNLAKSRWYNQTPNRAKRVITTFRTGTWDAYKNL,145,2.08,0.615,2.08,0.615,1,0.8544,0.887,-1.465,0.8928
2LZMA,C,153,F,Reverse,7,22,3.11,MNIFEMLRIDEGLRLKIYKDTEGYYTIGIGHLLTKSPSLNAAKSELDKAIGRNCNGVITKDEAEKLFNQDVDAAVRGILRNAKLKPVYDSLDAVRRCALINMVFQMGETGVAGFTNSLRMLQQKRWDEAAVNLAKSRWYNQTPNRAKRVITTFRTGTWDAYKNL,152,-16.07,-8.166,-1.236153846,-0.628153846,13,2.1249,2.6432,7.904,1.64232
2NVHA,Q,4,R,Reverse,6.5,25,0.57,APVRSLNCTLRDSQQKSLVMSGPYELKALHLQGQDMEQQVVFSMSFVQGEESNDKIPVALGLKEKNLYLSCVLKDDKPTLQLESVDPKNYPKKKMEKRFVFNKIEINNKLEFESAQFPNWYISTSQAENMPVFLGGTKGGQDITDFTMQFVS,3,1.4,0.009,0.466666667,0.003,3,0.902,1.0082,-1.391,0.89872
2NVHA,D,7,N,Reverse,6.5,25,-0.09,APVRSLNCTLRDSQQKSLVMSGPYELKALHLQGQDMEQQVVFSMSFVQGEESNDKIPVALGLKEKNLYLSCVLKDDKPTLQLESVDPKNYPKKKMEKRFVFNKIEINNKLEFESAQFPNWYISTSQAENMPVFLGGTKGGQDITDFTMQFVS,6,-0.35,-0.021,-0.07,-0.0042,5,1.0245,1.0142,0.329,1.03632
2NVHA,S,8,C,Reverse,6.5,25,3.74,APVRSLNCTLRDSQQKSLVMSGPYELKALHLQGQDMEQQVVFSMSFVQGEESNDKIPVALGLKEKNLYLSCVLKDDKPTLQLESVDPKNYPKKKMEKRFVFNKIEINNKLEFESAQFPNWYISTSQAENMPVFLGGTKGGQDITDFTMQFVS,7,-9.1,-1.505,-1.516666667,-0.250833333,6,1.637,1.311,7.595,1.6176
2RN2A,A,62,H,Reverse,6.4,25,-0.44,MLKQVEIFTDGSCLGNPGPGGYGAILRYRGREKTFSAGYTRTTNNRMELMAAIVALEALKEHCEVILSTDSQYVRQGITQWIHNWKKRGWKTADKKPVKNVDLWQRLDAALGQHQIKWEWVKGHAGHPENERCDELARAAAMNPTLEDTGYQVEV,61,-1.13,-0.001,-0.188333333,-0.000166667,6,1.0791,1.0102,1.129,1.10032
2RN2A,A,83,H,Reverse,6.4,25,-0.07,MLKQVEIFTDGSCLGNPGPGGYGAILRYRGREKTFSAGYTRTTNNRMELMAAIVALEALKEHCEVILSTDSQYVRQGITQWIHNWKKRGWKTADKKPVKNVDLWQRLDAALGQHQIKWEWVKGHAGHPENERCDELARAAAMNPTLEDTGYQVEV,82,0.56,0.009,0.186666667,0.003,3,0.9608,1.0082,-0.551,0.96592
2TRXA,I,26,D,Reverse,7,25,-3.37,SDKIIHLTDDSFDTDVLKADGAILVDFWAEWCGPCKMIAPILDEIADEYQGKLTVAKLNIDQNPGTAPKYGIRGIPTLLLFKNGEVAATKVGALSKGQLKEFLDANLA,25,22.32,1.383,2.79,0.172875,8,-0.5624,0.7334,-20.937,-0.66496
2TRXA,L,66,T,Reverse,7,25,1.03,SDKIIHLTDDSFDTDVLKADGAILVDFWAEWCGPCKMIAPILDEIADEYQGKLTVAKLNIDQNPGTAPKYGIRGIPTLLLFKNGEVAATKVGALSKGQLKEFLDANLA,65,10.5,6.274,1.75,1.045666667,6,0.265,-0.2448,-4.226,0.67192
3GLYA,A,139,G,Reverse,4.5,30,1.4,ATLDSWLSNEATVARTAILNNIGADGAWVSGADSGIVVASPSTDNPDYFYTWTRDSGLVIKTLVDLFRNGDTDLLSTIEHYISSQAIIQGVSNPSGDLSSGGLGEPKFNVDETAYTGSWGRPQRDGPALRATAMIGFGQWLLDNGYTSAATEIVWPLVRNDLSYVAQYWNQTGYDLWEEVNGSSFFTIAVQHRALVEGSAFATAVGSSCSWCDSQAPQILCYLQSFWTGSYILANFDSSRSGKDTNTLLGSIHTFDPEAGCDDSTFQPCSPRALANHKEVVDSFRSIYTLNDGLSDSEAVAVGRYPEDSYYNGNPWFLCTLAAAEQLYDALYQWDKQGSLEITDVSLDFFKALYSGAATGTYSSSSSTYSSIVSAVKTFADGFVSIVETHAASNGSLSEQFDKSDGDELSARDLTWSYAALLTANNRRNSVVPPSWGETSASSVPGTCAATSASGTYSSVTVTSWPSIVA,137,4.6,0.05,0.46,0.005,10,0.678,1,-4.55,0.646
3GLYA,A,383,G,Reverse,4.5,30,-0.11,ATLDSWLSNEATVARTAILNNIGADGAWVSGADSGIVVASPSTDNPDYFYTWTRDSGLVIKTLVDLFRNGDTDLLSTIEHYISSQAIIQGVSNPSGDLSSGGLGEPKFNVDETAYTGSWGRPQRDGPALRATAMIGFGQWLLDNGYTSAATEIVWPLVRNDLSYVAQYWNQTGYDLWEEVNGSSFFTIAVQHRALVEGSAFATAVGSSCSWCDSQAPQILCYLQSFWTGSYILANFDSSRSGKDTNTLLGSIHTFDPEAGCDDSTFQPCSPRALANHKEVVDSFRSIYTLNDGLSDSEAVAVGRYPEDSYYNGNPWFLCTLAAAEQLYDALYQWDKQGSLEITDVSLDFFKALYSGAATGTYSSSSSTYSSIVSAVKTFADGFVSIVETHAASNGSLSEQFDKSDGDELSARDLTWSYAALLTANNRRNSVVPPSWGETSASSVPGTCAATSASGTYSSVTVTSWPSIVA,381,4.5,0.036,0.45,0.0036,10,0.685,1.0028,-4.464,0.65288
3MBPA,A,10,W,Reverse,7.6,25,4.31,KIEEGKLVIWINGDKGYNGLAEVGKKFEKDTGIKVTVEHPDKLEEKFPQVAATGDGPDIIFWAHDRFGGYAQSGLLAEITPDKAFQDKLYPFTWDAVRYNGKLIAYPIAVEALSLIYNKDLLPNPPKTWEEIPALDKELKAKGKSALMFNLQEPYFTWPLIAADGGYAFKYENGKYDIKDVGVDNAGAKAGLTFLVDLIKNKHMNADTDYSIAEAAFNKGETAMTINGPWAWSNIDTSKVNYGVTVLPTFKGQPSKPFVGVLSAGINAASPNKELAKEFLENYLLTDEGLEAVNKDKPLGAVALKSYEEELAKDPRIAATMENAQKGEIMPNIPQMSAFWYAVRTAVINAASGRQTVDEALKDAQTRITK,9,0,0,0,0,0,1,1.01,0,1.01
3PGKA,W,48,Y,Reverse,7.5,25,1.62,SLSSKLSVQDLDLKDKRVFIRVDFNVPLDGKKITSNQRIVAALPTIKYVLEHHPRYVVLASHLGRPNGERNEKYSLAPVAKELQSLLGKDVTFLNDCVGPEVEAAVKASAPGSVILLENLRYHIEEEGSRKVDGQKVKASKEDVQKFRHELSSLADVYINDAFGTAHRAHSSMVGFDLPQRAAGFLLEKELKYFGKALENPTRPFLAILGGAKVADKIQLIDNLLDKVDSIIIGGGMAFTFKKVLENTEIGDSIFDKAVGPEIAKLMEKAKAKGVEVVLPVDFIIADAFSASANTKTVTDKEGIPAGWQGLDNGPESRKLFAATVAKATVILWNGPPGVFEFEKFAAGTKALLDEVVKSSAAGNTVIIGGGDTATVAKKYGVTDKISHVSTGGGASLELLEGKELPGVAFLSEKK,47,0.14,-0.002,0.14,-0.002,1,0.9902,1.0104,-0.142,0.99864
3PGKA,W,122,Y,Reverse,7.5,25,2.19,SLSSKLSVQDLDLKDKRVFIRVDFNVPLDGKKITSNQRIVAALPTIKYVLEHHPRYVVLASHLGRPNGERNEKYSLAPVAKELQSLLGKDVTFLNDCVGPEVEAAVKASAPGSVILLENLRYHIEEEGSRKVDGQKVKASKEDVQKFRHELSSLADVYINDAFGTAHRAHSSMVGFDLPQRAAGFLLEKELKYFGKALENPTRPFLAILGGAKVADKIQLIDNLLDKVDSIIIGGGMAFTFKKVLENTEIGDSIFDKAVGPEIAKLMEKAKAKGVEVVLPVDFIIADAFSASANTKTVTDKEGIPAGWQGLDNGPESRKLFAATVAKATVILWNGPPGVFEFEKFAAGTKALLDEVVKSSAAGNTVIIGGGDTATVAKKYGVTDKISHVSTGGGASLELLEGKELPGVAFLSEKK,121,1.1,0.068,0.366666667,0.022666667,3,0.923,0.9964,-1.032,0.92744
3PGKA,W,194,F,Reverse,7.5,25,1.12,SLSSKLSVQDLDLKDKRVFIRVDFNVPLDGKKITSNQRIVAALPTIKYVLEHHPRYVVLASHLGRPNGERNEKYSLAPVAKELQSLLGKDVTFLNDCVGPEVEAAVKASAPGSVILLENLRYHIEEEGSRKVDGQKVKASKEDVQKFRHELSSLADVYINDAFGTAHRAHSSMVGFDLPQRAAGFLLEKELKYFGKALENPTRPFLAILGGAKVADKIQLIDNLLDKVDSIIIGGGMAFTFKKVLENTEIGDSIFDKAVGPEIAKLMEKAKAKGVEVVLPVDFIIADAFSASANTKTVTDKEGIPAGWQGLDNGPESRKLFAATVAKATVILWNGPPGVFEFEKFAAGTKALLDEVVKSSAAGNTVIIGGGDTATVAKKYGVTDKISHVSTGGGASLELLEGKELPGVAFLSEKK,193,-4.32,-3.083,-0.54,-0.385375,8,1.3024,1.6266,1.237,1.10896
3PGKA,Q,388,H,Reverse,6.5,25,0.84,SLSSKLSVQDLDLKDKRVFIRVDFNVPLDGKKITSNQRIVAALPTIKYVLEHHPRYVVLASHLGRPNGERNEKYSLAPVAKELQSLLGKDVTFLNDCVGPEVEAAVKASAPGSVILLENLRYHIEEEGSRKVDGQKVKASKEDVQKFRHELSSLADVYINDAFGTAHRAHSSMVGFDLPQRAAGFLLEKELKYFGKALENPTRPFLAILGGAKVADKIQLIDNLLDKVDSIIIGGGMAFTFKKVLENTEIGDSIFDKAVGPEIAKLMEKAKAKGVEVVLPVDFIIADAFSASANTKTVTDKEGIPAGWQGLDNGPESRKLFAATVAKATVILWNGPPGVFEFEKFAAGTKALLDEVVKSSAAGNTVIIGGGDTATVAKKYGVTDKISHVSTGGGASLELLEGKELPGVAFLSEKK,387,-2.01,-0.002,-0.5025,-0.0005,4,1.1407,1.0104,2.008,1.17064
3SILA,L,53,A,Reverse,7,25,-0.9,EKSVVFKAEGEHFTDQKGNTIVGSGSGGTTKYFRIPAMCTTSKGTIVVFADARHNTASDQSFIDTAAARSTDGGKTWNKKIAIYNDRVNSKLSRVMDPTCIVANIQGRETILVMVGKWNNNDKTWGAYRDKAPDTDWDLVLYKSTDDGVTFSKVETNIHDIVTKNGTISAMLGGVGSGLQLNDGKLVFPVQMVRTKNITTVLNTSFIYSTDGITWSLPSGYCEGFGSENNIIEFNASLVNNIRNSGLRRSFETKDFGKTWTEFPPMDKKVDNRNHGVQGSTITIPSGNKLVAAHSSAQNKNNDYTRSDISLYAHNLYSGEVKLIDDFYPKVGNASGAGYSCLSYRKNVDKETLYVVYEANGSIEFQDLSRHLPVIKSYN,49,18.93,1.583,1.893,0.1583,10,-0.3251,0.6934,-17.347,-0.37776
4LYZA,A,35,E,Reverse,4.6,35,-1.24,KVFGRCELAAAMKRHGLDNYRGYSLGNWVCAAKFESNFNTQATNRNTDGSTDYGILQINSRWWCNDGRTPGSRNLCNIPCSALLSSDITASVNCAKKIVSDGNGMNAWVAWRNRCKGTDVQAWIRGCRL,34,7.34,0.643,1.048571429,0.091857143,7,0.4862,0.8814,-6.697,0.47424
5DFRA,V,2,I,Reverse,7.8,15,0.55,MISLIAALAVDRVIGPWNLPADLAWFKRNTLDKPVIMGRHTWESIGRPLPGRKNIILSSQPGTDDRVTWVKSVDEAIAACGDVPEIMVIGGGRVYEQFLPKAQKLYLTHIDAEVEGDTHFPDYEPDDWESVFSEFHDADAQNSHSYCFEILERR,1,-1.53,0.4,-0.51,0.133333333,3,1.1071,0.93,1.93,1.1644
5DFRA,M,30,W,Reverse,7.8,15,1.94,MISLIAALAVDRVIGPWNLPADLAWFKRNTLDKPVIMGRHTWESIGRPLPGRKNIILSSQPGTDDRVTWVKSVDEAIAACGDVPEIMVIGGGRVYEQFLPKAQKLYLTHIDAEVEGDTHFPDYEPDDWESVFSEFHDADAQNSHSYCFEILERR,24,0.69,0.219,0.345,0.1095,2,0.9517,0.9662,-0.471,0.97232
5DFRA,H,40,V,Reverse,7.8,15,2.76,MISLIAALAVDRVIGPWNLPADLAWFKRNTLDKPVIMGRHTWESIGRPLPGRKNIILSSQPGTDDRVTWVKSVDEAIAACGDVPEIMVIGGGRVYEQFLPKAQKLYLTHIDAEVEGDTHFPDYEPDDWESVFSEFHDADAQNSHSYCFEILERR,34,-13.82,-5.41,-1.151666667,-0.450833333,12,1.9674,2.092,8.41,1.6828
5DFRA,T,59,N,Reverse,7.8,15,0.05,MISLIAALAVDRVIGPWNLPADLAWFKRNTLDKPVIMGRHTWESIGRPLPGRKNIILSSQPGTDDRVTWVKSVDEAIAACGDVPEIMVIGGGRVYEQFLPKAQKLYLTHIDAEVEGDTHFPDYEPDDWESVFSEFHDADAQNSHSYCFEILERR,53,2.99,0.012,0.37375,0.0015,8,0.7907,1.0076,-2.978,0.77176
5DFRA,W,59,N,Reverse,7.8,15,0.79,MISLIAALAVDRVIGPWNLPADLAWFKRNTLDKPVIMGRHTWESIGRPLPGRKNIILSSQPGTDDRVTWVKSVDEAIAACGDVPEIMVIGGGRVYEQFLPKAQKLYLTHIDAEVEGDTHFPDYEPDDWESVFSEFHDADAQNSHSYCFEILERR,53,14.46,0.131,2.065714286,0.018714286,7,-0.0122,0.9838,-14.329,-0.13632
5DFRA,S,67,G,Reverse,7,15,0.27,MISLIAALAVDRVIGPWNLPADLAWFKRNTLDKPVIMGRHTWESIGRPLPGRKNIILSSQPGTDDRVTWVKSVDEAIAACGDVPEIMVIGGGRVYEQFLPKAQKLYLTHIDAEVEGDTHFPDYEPDDWESVFSEFHDADAQNSHSYCFEILERR,61,-1.14,-0.012,-0.285,-0.003,4,1.0798,1.0124,1.128,1.10024
5DFRA,T,67,G,Reverse,7,15,0.62,MISLIAALAVDRVIGPWNLPADLAWFKRNTLDKPVIMGRHTWESIGRPLPGRKNIILSSQPGTDDRVTWVKSVDEAIAACGDVPEIMVIGGGRVYEQFLPKAQKLYLTHIDAEVEGDTHFPDYEPDDWESVFSEFHDADAQNSHSYCFEILERR,61,0.17,0.002,0.0425,0.0005,4,0.9881,1.0096,-0.168,0.99656
5DFRA,A,95,G,Reverse,7.8,15,0.9,MISLIAALAVDRVIGPWNLPADLAWFKRNTLDKPVIMGRHTWESIGRPLPGRKNIILSSQPGTDDRVTWVKSVDEAIAACGDVPEIMVIGGGRVYEQFLPKAQKLYLTHIDAEVEGDTHFPDYEPDDWESVFSEFHDADAQNSHSYCFEILERR,89,2.99,0.157,0.427142857,0.022428571,7,0.7907,0.9786,-2.833,0.78336
5DFRA,C,121,G,Reverse,7,15,0.22,MISLIAALAVDRVIGPWNLPADLAWFKRNTLDKPVIMGRHTWESIGRPLPGRKNIILSSQPGTDDRVTWVKSVDEAIAACGDVPEIMVIGGGRVYEQFLPKAQKLYLTHIDAEVEGDTHFPDYEPDDWESVFSEFHDADAQNSHSYCFEILERR,115,0,0,0,0,0,1,1.01,0,1.01
5DFRA,H,121,G,Reverse,7,15,0.56,MISLIAALAVDRVIGPWNLPADLAWFKRNTLDKPVIMGRHTWESIGRPLPGRKNIILSSQPGTDDRVTWVKSVDEAIAACGDVPEIMVIGGGRVYEQFLPKAQKLYLTHIDAEVEGDTHFPDYEPDDWESVFSEFHDADAQNSHSYCFEILERR,115,0,0,0,0,0,1,1.01,0,1.01
5DFRA,T,155,I,Reverse,7.8,15,2.53,MISLIAALAVDRVIGPWNLPADLAWFKRNTLDKPVIMGRHTWESIGRPLPGRKNIILSSQPGTDDRVTWVKSVDEAIAACGDVPEIMVIGGGRVYEQFLPKAQKLYLTHIDAEVEGDTHFPDYEPDDWESVFSEFHDADAQNSHSYCFEILERR,149,-12.43,-0.3,-2.071666667,-0.05,6,1.8701,1.07,12.13,1.9804
5PTIA,T,16,A,Reverse,8.7,25,1.7,RPDFCLEPPYTGPCKARIIRYFYNAKAGLCQTFVYGGCRAKRNNFKSAEDCMRTCGGA,15,-1.85,-0.171,-0.37,-0.0342,5,1.1295,1.0442,1.679,1.14432
5PTIA,V,16,A,Reverse,8.7,25,1.3,RPDFCLEPPYTGPCKARIIRYFYNAKAGLCQTFVYGGCRAKRNNFKSAEDCMRTCGGA,15,6.27,1.577,1.254,0.3154,5,0.5611,0.6946,-4.693,0.63456
5PTIA,D,35,Y,Reverse,8.7,25,3.8,RPDFCLEPPYTGPCKARIIRYFYNAKAGLCQTFVYGGCRAKRNNFKSAEDCMRTCGGA,34,-20.62,-1.413,-1.472857143,-0.100928571,14,2.4434,1.2926,19.207,2.54656
