PDB_CHAIN,WILD_RES,RES_NUM_PDB,MUTANT_RES,Category,PH,TEMPERATURE,EXP_DDG
1A43A,A,156,G,Reverse,7.3,25,2.4
1A43A,D,159,E,Reverse,7.3,25,4.55
1A43A,A,167,R,Reverse,7.3,25,4.55
1A43A,A,184,W,Reverse,7.3,25,0.7
1A43A,S,218,C,Reverse,7.3,25,3.7
1A5EA,D,15,W,Reverse,8.5,20,-0.19
1A5EA,S,37,L,Reverse,8.5,20,-0.81
1A5EA,R,121,L,Reverse,8.5,20,-0.55
1AEPA,K,14,L,Reverse,7.4,25,1.18
1AEPA,A,28,T,Reverse,7.4,25,-0.48
1AEPA,K,137,A,Reverse,7.4,25,1.4
1AEPA,A,141,T,Reverse,7.4,25,1.03
1AG2A,V,129,M,Reverse,7,25,0.11
1AG2A,W,175,F,Reverse,7,22,0.05
1AG2A,I,180,V,Reverse,7,25,0.25
1AG2A,A,183,T,Reverse,7,25,4.04
1AG2A,V,190,T,Reverse,7,25,-0.19
1AG2A,S,198,F,Reverse,7,25,2.15
1AG2A,K,200,E,Reverse,7,25,0.23
1AG2A,H,208,R,Reverse,7,25,1.05
1AG2A,I,210,V,Reverse,7,25,0.07
1AG2A,R,217,Q,Reverse,7,25,1.88
1AJ3A,G,10,H,Reverse,7,25,0.5
1AJ3A,A,12,F,Reverse,7,25,3.7
1AJ3A,L,12,F,Reverse,7,25,1.3
1AJ3A,A,14,R,Reverse,7,25,0.3
1AJ3A,G,14,R,Reverse,7,25,1.9
1AJ3A,A,16,M,Reverse,7,25,2.2
1AJ3A,A,17,D,Reverse,7,25,0.2
1AJ3A,G,17,D,Reverse,7,25,1.2
1AJ3A,A,21,S,Reverse,7,25,-0.5
1AJ3A,G,21,S,Reverse,7,25,0.5
1AJ3A,F,22,W,Reverse,7.5,25,1.31
1AJ3A,V,23,I,Reverse,7,25,1.6
1AJ3A,G,25,E,Reverse,7,25,1.1
1AJ3A,G,40,T,Reverse,7,25,0.1
1AJ3A,A,44,N,Reverse,7,25,-0.2
1AJ3A,A,49,H,Reverse,7,25,1.4
1AJ3A,A,51,R,Reverse,7,25,-0.3
1AJ3A,G,51,R,Reverse,7,25,0.6
1AJ3A,A,52,L,Reverse,7,25,2.8
1AJ3A,G,54,A,Reverse,7,25,1.1
1AJ3A,A,56,L,Reverse,7,25,3.8
1AJ3A,G,58,A,Reverse,7,25,1.1
1AJ3A,A,59,H,Reverse,7,25,2.3
1AJ3A,A,63,I,Reverse,7,25,2.8
1AJ3A,V,63,I,Reverse,7,25,0.6
1AJ3A,A,64,Q,Reverse,7,25,0.7
1AJ3A,G,64,Q,Reverse,7,25,1.8
1AJ3A,A,66,V,Reverse,7,25,2.3
1AJ3A,A,68,D,Reverse,7,25,0.1
1AJ3A,G,68,D,Reverse,7,25,1.3
1AJ3A,A,72,K,Reverse,7,25,0.1
1AJ3A,G,72,K,Reverse,7,25,1.4
1AJ3A,A,73,L,Reverse,7,25,2.4
1AJ3A,V,84,I,Reverse,7,25,0.6
1AJ3A,G,89,A,Reverse,7,25,1.1
1AJ3A,A,91,F,Reverse,7,25,2.8
1AJ3A,L,91,F,Reverse,7,25,-0.5
1AJ3A,F,95,W,Reverse,7,25,2.1
1AJ3A,A,100,Q,Reverse,7,25,-0.4
1AJ3A,G,100,Q,Reverse,7,25,0.7
1AJ3A,G,102,A,Reverse,7,25,2.6
1AJ3A,G,104,A,Reverse,7,25,1.8
1AJ3A,A,105,R,Reverse,7,25,0
1AKYA,I,8,V,Reverse,7.5,25,1.2
1AKYA,H,77,T,Reverse,6.4,25,0.9
1AKYA,H,110,T,Reverse,6.3,25,2.13
1AKYA,D,169,N,Reverse,7.5,25,2.15
1AKYA,F,213,I,Reverse,7.5,25,1.91
1AM7A,D,31,H,Reverse,7,25,1.6
1AM7A,N,48,H,Reverse,7,25,5
1AMQA,A,82,C,Reverse,7.5,25,0.45
1AMQA,S,82,C,Reverse,7.5,25,2.44
1AMQA,A,191,C,Reverse,7.5,25,1.12
1AMQA,F,191,C,Reverse,7.5,25,0.9
1AMQA,G,191,C,Reverse,7.5,25,0.02
1AMQA,R,191,C,Reverse,7.5,25,1.69
1AMQA,S,191,C,Reverse,7.5,25,1.44
1AMQA,W,191,C,Reverse,7.5,25,2.25
1AMQA,Y,191,C,Reverse,7.5,25,1.05
1AMQA,A,192,C,Reverse,7.5,25,1.21
1AMQA,S,192,C,Reverse,7.5,25,0.99
1AMQA,A,270,C,Reverse,7.5,25,1.68
1AMQA,A,401,C,Reverse,7.5,25,-1.06
1AMQA,S,401,C,Reverse,7.5,25,1.79
1ANKA,H,84,D,Reverse,7.2,51.8,1.4
1ANKA,V,85,G,Reverse,7.2,51.8,2.4
1ANKA,L,86,F,Reverse,7.2,51.8,0.8
1ANKA,G,88,R,Reverse,7.4,51.8,0.1
1AONU,C,3,I,Reverse,7.8,25,0.44
1AONU,W,3,I,Reverse,7.8,25,0.25
1AONU,C,95,V,Reverse,7.8,25,0.25
1APSA,F,11,Y,Reverse,5.5,28,-1.04
1APSA,I,11,Y,Reverse,5.5,28,2.24
1APSA,A,13,V,Reverse,5.5,28,2.63
1APSA,A,17,V,Reverse,5.5,28,1.84
1APSA,A,20,V,Reverse,5.5,28,0.28
1APSA,L,22,F,Reverse,5.5,28,1.29
1APSA,A,25,Y,Reverse,5.5,28,-0.1
1APSA,G,30,A,Reverse,5.5,28,1.65
1APSA,A,36,V,Reverse,5.5,28,2.54
1APSA,F,38,W,Reverse,5.5,28,0.02
1APSA,A,39,V,Reverse,5.5,28,1.63
1APSA,A,42,T,Reverse,5.5,28,1.84
1APSA,A,45,G,Reverse,5.5,28,1.73
1APSA,A,47,V,Reverse,5.5,28,1.87
1APSA,A,51,V,Reverse,5.5,28,1.88
1APSA,A,64,W,Reverse,5.5,28,1.5
1APSA,S,78,T,Reverse,5.5,28,1.41
1APSA,D,83,E,Reverse,5.5,28,1.51
1APSA,V,86,I,Reverse,5.5,28,1.57
1APSA,A,89,L,Reverse,5.5,28,1.67
1ARRA,G,9,Q,Reverse,7.5,25,-0.22
1ARRA,G,13,R,Reverse,7.5,25,-0.27
1ARRA,G,16,R,Reverse,7.5,25,0.64
1ARRA,G,17,E,Reverse,7.5,25,0.57
1ARRA,Q,19,L,Reverse,7.5,25,0.9
1ARRA,G,20,D,Reverse,7.5,25,1.35
1ARRA,G,23,R,Reverse,7.5,25,1.04
1ARRA,G,24,K,Reverse,7.5,25,1.23
1ARRA,T,24,K,Reverse,7.5,25,0.6
1ARRA,G,27,E,Reverse,7.5,25,0.43
1ARRA,G,28,E,Reverse,7.5,25,0.84
1ARRA,G,34,N,Reverse,7.5,25,-0.23
1ARRA,G,35,S,Reverse,7.5,25,0.24
1ARRA,G,39,Q,Reverse,7.5,25,0.65
1ARRA,G,46,K,Reverse,7.5,25,0.73
1ARRA,G,47,K,Reverse,7.5,25,0.57
1ARRA,G,48,E,Reverse,7.5,25,1.14
1AZPA,I,30,V,Reverse,7,50,-0.7
1B26A,A,190,R,Reverse,7,39,0.36
1B26A,A,193,K,Reverse,7,39,-0.38
1B26A,A,231,E,Reverse,7,39,0.49
1B8EA,Y,19,W,Reverse,7.1,30,3.45
1BLCA,N,179,D,Reverse,6.5,20,0.44
1BNIA,A,4,I,Reverse,6.3,25,1.11
1BNIA,V,4,I,Reverse,6.3,25,0.69
1BNIA,A,5,N,Reverse,6.3,25,1.83
1BNIA,A,6,T,Reverse,6.3,25,2.21
1BNIA,D,6,T,Reverse,6.3,25,-0.11
1BNIA,E,6,T,Reverse,6.3,25,0.27
1BNIA,G,6,T,Reverse,6.3,25,1.09
1BNIA,H,6,T,Reverse,6.8,25,2.06
1BNIA,N,6,T,Reverse,6.3,25,1.27
1BNIA,Q,6,T,Reverse,6.3,25,1.87
1BNIA,S,6,T,Reverse,6.3,25,0.22
1BNIA,L,7,F,Reverse,6.2,25,4.35
1BNIA,A,8,D,Reverse,5.9,25,0.8
1BNIA,G,8,D,Reverse,6.3,25,1.23
1BNIA,S,8,D,Reverse,6.3,25,0.84
1BNIA,A,10,V,Reverse,6.3,25,3.46
1BNIA,T,10,V,Reverse,6.3,25,2.37
1BNIA,A,12,D,Reverse,6.3,25,0.09
1BNIA,G,12,D,Reverse,5.3,25,0.76
1BNIA,S,12,D,Reverse,6.3,25,0.77
1BNIA,A,13,Y,Reverse,6.3,25,3.49
1BNIA,F,13,Y,Reverse,6.3,25,0.52
1BNIA,A,14,L,Reverse,6.3,29.6,4.51
1BNIA,I,15,Q,Reverse,6.3,25,-1.19
1BNIA,A,16,T,Reverse,6.3,25,0.38
1BNIA,G,16,T,Reverse,6.3,25,1.48
1BNIA,R,16,T,Reverse,6,25,-0.24
1BNIA,S,16,T,Reverse,6.3,25,1.66
1BNIA,A,17,Y,Reverse,6.3,25,2.12
1BNIA,F,17,Y,Reverse,6.3,25,0.44
1BNIA,G,17,Y,Reverse,6.3,25,4.02
1BNIA,S,17,Y,Reverse,6.3,25,2.28
1BNIA,A,18,H,Reverse,6.3,25,1.99
1BNIA,D,18,H,Reverse,6.3,25,2.38
1BNIA,G,18,H,Reverse,6.6,25,0.65
1BNIA,K,18,H,Reverse,6.3,25,1.05
1BNIA,N,18,H,Reverse,6.3,25,1.74
1BNIA,Q,18,H,Reverse,6.3,25,1.52
1BNIA,R,18,H,Reverse,6.3,25,1.09
1BNIA,S,18,H,Reverse,6.3,25,2.19
1BNIA,R,19,K,Reverse,6.3,25,-0.54
1BNIA,M,22,D,Reverse,4.4,25,0.27
1BNIA,A,23,N,Reverse,6.3,25,2.27
1BNIA,F,24,Y,Reverse,6.3,25,-0.05
1BNIA,A,25,I,Reverse,6.3,25,3.59
1BNIA,V,25,I,Reverse,6.3,25,1.05
1BNIA,A,26,T,Reverse,6.3,25,1.95
1BNIA,D,26,T,Reverse,6.3,25,0.04
1BNIA,E,26,T,Reverse,6.3,25,0.05
1BNIA,G,26,T,Reverse,5.9,25,1.48
1BNIA,N,26,T,Reverse,6.3,25,1.29
1BNIA,Q,26,T,Reverse,6.3,25,1.72
1BNIA,S,26,T,Reverse,6.3,25,0.56
1BNIA,V,26,T,Reverse,6.3,25,2.31
1BNIA,G,27,K,Reverse,6.3,25,0.3
1BNIA,A,28,S,Reverse,6.3,25,-0.5
1BNIA,E,28,S,Reverse,6.3,25,-0.5
1BNIA,G,28,S,Reverse,6.3,25,0.47
1BNIA,A,29,E,Reverse,6.3,25,1.28
1BNIA,G,29,E,Reverse,6.3,25,1.91
1BNIA,Q,29,E,Reverse,6.3,25,0.11
1BNIA,S,29,E,Reverse,6.3,25,1.22
1BNIA,A,31,Q,Reverse,6.3,25,0.03
1BNIA,G,31,Q,Reverse,6.3,25,1.04
1BNIA,S,31,Q,Reverse,6.3,25,0
1BNIA,C,32,A,Reverse,6.3,25,1.42
1BNIA,D,32,A,Reverse,6.3,25,0.56
1BNIA,E,32,A,Reverse,6.3,25,0.24
1BNIA,F,32,A,Reverse,6.3,25,0.56
1BNIA,G,32,A,Reverse,6.3,25,0.82
1BNIA,H,32,A,Reverse,6.3,25,0.75
1BNIA,I,32,A,Reverse,6.3,25,0.74
1BNIA,K,32,A,Reverse,6.3,25,0.15
1BNIA,L,32,A,Reverse,6.3,25,0.11
1BNIA,M,32,A,Reverse,6.3,25,0.19
1BNIA,N,32,A,Reverse,6.3,25,0.51
1BNIA,Q,32,A,Reverse,6.3,25,0.43
1BNIA,R,32,A,Reverse,6.3,25,0.15
1BNIA,S,32,A,Reverse,6.3,25,0.28
1BNIA,T,32,A,Reverse,6.3,25,0.64
1BNIA,V,32,A,Reverse,6.3,25,0.62
1BNIA,W,32,A,Reverse,6.3,25,1.07
1BNIA,Y,32,A,Reverse,6.3,25,0.75
1BNIA,Q,33,L,Reverse,6.3,25,1.34
1BNIA,A,34,G,Reverse,6.3,25,2.91
1BNIA,D,34,G,Reverse,6.3,25,3.3
1BNIA,H,34,G,Reverse,6.6,25,2.62
1BNIA,K,34,G,Reverse,6.3,25,2.91
1BNIA,N,34,G,Reverse,6.3,25,2.72
1BNIA,R,34,G,Reverse,6.3,25,2.61
1BNIA,S,34,G,Reverse,6.3,25,3.05
1BNIA,T,34,G,Reverse,6.3,25,3.28
1BNIA,A,36,V,Reverse,6.3,25,1.4
1BNIA,T,36,V,Reverse,6.3,25,1.11
1BNIA,D,41,N,Reverse,6.3,25,2.54
1BNIA,E,44,D,Reverse,6.3,25,0.11
1BNIA,A,45,V,Reverse,6.3,25,1.61
1BNIA,T,45,V,Reverse,6.3,25,2.34
1BNIA,A,51,I,Reverse,6.3,25,4.71
1BNIA,V,51,I,Reverse,5.9,25,1.66
1BNIA,A,53,G,Reverse,6.3,54.1,3.4
1BNIA,A,54,D,Reverse,6.3,25,3.04
1BNIA,N,54,D,Reverse,6,25,2.42
1BNIA,A,55,I,Reverse,6.3,25,1.29
1BNIA,T,55,I,Reverse,6.3,25,0.94
1BNIA,V,55,I,Reverse,6.3,25,0.37
1BNIA,A,57,S,Reverse,6.3,25,-0.15
1BNIA,A,58,N,Reverse,6.3,25,2.27
1BNIA,D,58,N,Reverse,6.3,25,-0.4
1BNIA,R,62,K,Reverse,6.3,25,0.35
1BNIA,S,65,G,Reverse,6.3,25,-0.74
1BNIA,A,66,K,Reverse,6.3,25,-0.59
1BNIA,K,69,R,Reverse,6.3,25,3.2
1BNIA,M,69,R,Reverse,5.5,25,2.04
1BNIA,S,69,R,Reverse,6.3,25,2.83
1BNIA,A,73,E,Reverse,6.3,25,2.4
1BNIA,F,73,E,Reverse,6.3,25,2.1
1BNIA,Q,73,E,Reverse,6.3,25,2.7
1BNIA,W,73,E,Reverse,6.3,25,2.2
1BNIA,A,76,I,Reverse,6.3,25,1.71
1BNIA,V,76,I,Reverse,6.3,25,0.87
1BNIA,A,77,N,Reverse,6.3,25,1.63
1BNIA,F,78,Y,Reverse,6.3,25,1.35
1BNIA,V,79,T,Reverse,6.3,25,-0.24
1BNIA,K,83,R,Reverse,6.3,25,4.43
1BNIA,Q,83,R,Reverse,5.5,25,1.47
1BNIA,A,84,N,Reverse,6.3,25,1.94
1BNIA,A,85,S,Reverse,6.3,25,-0.08
1BNIA,A,88,I,Reverse,6.3,29.9,4.01
1BNIA,L,88,I,Reverse,6.3,25,0.16
1BNIA,V,88,I,Reverse,6.1,29,1.41
1BNIA,T,89,L,Reverse,6.3,25,2.82
1BNIA,V,89,L,Reverse,6.3,25,0.3
1BNIA,A,91,S,Reverse,5.7,25,1.84
1BNIA,A,92,S,Reverse,5.9,25,2.89
1BNIA,N,93,D,Reverse,6.3,25,4.03
1BNIA,F,94,W,Reverse,7.3,25,1.04
1BNIA,L,94,W,Reverse,7.8,25,1.12
1BNIA,Y,94,W,Reverse,7.3,25,1.24
1BNIA,A,96,I,Reverse,6.3,28.4,3.31
1BNIA,V,96,I,Reverse,5.9,28.1,0.97
1BNIA,V,99,T,Reverse,6.3,25,2.87
1BNIA,A,102,H,Reverse,6.3,25,0.24
1BNIA,F,103,Y,Reverse,6.3,25,0.06
1BNIA,A,104,Q,Reverse,6.3,25,0.13
1BNIA,V,105,T,Reverse,6.3,25,2.21
1BNIA,R,108,K,Reverse,6.3,25,-0.84
1BNIA,A,109,I,Reverse,6.3,25,1.74
1BNIA,V,109,I,Reverse,6.3,25,0.8
1BNIA,A,110,R,Reverse,6.3,25,0.1
1BOYA,W,200,R,Reverse,7.5,23,-0.6
1BTAA,A,21,K,Reverse,8,25,1.04
1BTAA,Q,21,K,Reverse,8,25,1.09
1BTAA,A,40,C,Reverse,7,25,-0.1
1BTAA,K,57,E,Reverse,8,25,0.7
1BTAA,L,60,K,Reverse,8,25,-0.55
1BTAA,Q,75,R,Reverse,8,25,0.37
1BTAA,A,78,K,Reverse,8,25,0.05
1BTAA,Q,78,K,Reverse,8,25,-0.38
1BTAA,A,82,C,Reverse,7.2,25,0.1
1BVCA,F,7,W,Reverse,7.8,4,0.9
1BVCA,F,14,W,Reverse,7.8,4,1.1
1BVCA,A,28,I,Reverse,6.6,36.8,0.86
1BVCA,L,28,I,Reverse,11,76.5,0.6
1BVCA,M,28,I,Reverse,11,76.5,0.6
1BVCA,V,28,I,Reverse,11,76.5,0
1BVCA,A,29,L,Reverse,6.6,36.8,0.63
1BVCA,I,29,L,Reverse,11,76.5,1.1
1BVCA,M,29,L,Reverse,11,76.5,-0.1
1BVCA,V,29,L,Reverse,11,76.5,1.7
1BVCA,A,30,I,Reverse,5.2,25,0.65
1BVCA,A,32,L,Reverse,5.2,25,0.92
1BVCA,Q,36,H,Reverse,7.8,3.7,0.83
1BVCA,I,49,L,Reverse,11,76.5,0.8
1BVCA,Q,64,H,Reverse,7,0,0.45
1BVCA,T,68,V,Reverse,7.8,4,0.6
1BVCA,A,69,L,Reverse,11,76.5,1.2
1BVCA,I,69,L,Reverse,11,76.5,0
1BVCA,M,69,L,Reverse,11,76.5,0
1BVCA,V,69,L,Reverse,11,76.5,0.1
1BVCA,Q,82,H,Reverse,7,0,0.05
1BVCA,G,93,H,Reverse,7,0,-0.04
1BVCA,A,111,I,Reverse,11,76.5,1.8
1BVCA,L,111,I,Reverse,11,76.5,0.6
1BVCA,M,111,I,Reverse,11,76.5,1.1
1BVCA,Q,113,H,Reverse,7,0,0.26
1BVCA,K,123,F,Reverse,7.8,4,2.1
1BVCA,T,123,F,Reverse,7.5,0,2.62
1BVCA,K,130,A,Reverse,7.8,3.8,2.17
1BVCA,L,130,A,Reverse,7.8,3.8,0.99
1BVCA,A,131,M,Reverse,7.8,4,2.2
1BVCA,I,135,L,Reverse,11,76.5,1.5
1BVCA,M,135,L,Reverse,11,76.5,0.8
1BVCA,V,135,L,Reverse,11,76.5,2.2
1BVCA,A,142,I,Reverse,11,76.5,1.1
1BVCA,L,142,I,Reverse,11,76.5,-0.6
1BVCA,M,142,I,Reverse,11,76.5,-0.9
1BVCA,V,142,I,Reverse,11,76.5,0.1
1C9OA,L,2,Q,Reverse,7,47.6,-0.48
1C9OA,A,3,R,Reverse,7,70,1.88
1C9OA,E,3,R,Reverse,7,47.6,1.46
1C9OA,K,3,R,Reverse,7,70,0.19
1C9OA,L,3,R,Reverse,7,47.6,0.11
1C9OA,S,11,N,Reverse,7,47.6,-0.11
1C9OA,F,15,Y,Reverse,7,47.6,0.05
1C9OA,K,21,E,Reverse,7,75,0.31
1C9OA,Q,23,G,Reverse,7,47.6,0.13
1C9OA,D,24,S,Reverse,7,47.6,-0.17
1C9OA,E,29,H,Reverse,7,75,0.61
1C9OA,S,31,T,Reverse,7,47.6,-0.1
1C9OA,K,36,E,Reverse,7,75,0.45
1C9OA,A,46,E,Reverse,7,47.6,-0.01
1C9OA,K,46,E,Reverse,7,75,0.57
1C9OA,W,50,E,Reverse,7,25,-0.07
1C9OA,E,53,Q,Reverse,7,47.6,0.03
1C9OA,K,55,N,Reverse,7,75,0.03
1C9OA,T,64,V,Reverse,7,47.6,0.3
1C9OA,E,66,L,Reverse,7,47.6,0.97
1CAHA,F,5,W,Reverse,7.5,23,1.8
1CAHA,S,206,C,Reverse,7.5,23,-2.35
1CEYA,A,13,D,Reverse,7,25,-2.7
1CEYA,G,48,A,Reverse,8,25,-0.06
1CEYA,G,74,A,Reverse,8,25,0.31
1CEYA,G,90,A,Reverse,8,25,-0.35
1CEYA,G,101,A,Reverse,8,25,0.95
1CEYA,G,113,A,Reverse,8,25,0.75
1CEYA,G,114,A,Reverse,8,25,0.5
1CHKA,F,28,W,Reverse,7,43.2,4.43
1CHKA,F,101,W,Reverse,7,43.2,4.27
1CHKA,F,227,W,Reverse,7,43.2,2.51
1CSEI,A,14,V,Reverse,7,25,1.04
1CSEI,A,18,V,Reverse,7,25,1.2
1CSEI,A,27,L,Reverse,7,25,0.16
1CSEI,A,62,V,Reverse,7,25,1.01
1CSPA,R,1,M,Reverse,7,70,-1.75
1CSPA,K,3,E,Reverse,7,70,-2.75
1CSPA,L,3,E,Reverse,7,70,-1.59
1CSPA,R,3,E,Reverse,7.3,52.8,-1.77
1CSPA,D,10,N,Reverse,7.5,55,-0.38
1CSPA,A,15,F,Reverse,7,43.3,2.07
1CSPA,A,17,F,Reverse,7,43.3,1.47
1CSPA,Q,25,D,Reverse,7.5,55,0.79
1CSPA,A,27,F,Reverse,7,43.3,0.84
1CSPA,A,38,F,Reverse,7,42.5,-0.22
1CSPA,E,46,A,Reverse,7,70,0.59
1CSPA,K,46,A,Reverse,7,70,-1.41
1CSPA,E,48,S,Reverse,7.5,55,-0.04
1CSPA,Q,50,E,Reverse,7.5,55,1.16
1CSPA,I,65,K,Reverse,7,70,-1.53
1CSPA,K,66,E,Reverse,7,70,-2.18
1CSPA,L,66,E,Reverse,7,47.6,-1.6
1CUNA,A,115,Q,Reverse,7,25,0.15
1CUNA,L,117,F,Reverse,7,25,2.55
1CUNA,G,119,A,Reverse,7,25,1.75
1CUNA,A,163,V,Reverse,7,25,-0.15
1CUNA,G,163,V,Reverse,7,25,0.85
1CUNA,A,164,H,Reverse,7,25,2.35
1CUNA,A,171,V,Reverse,7,25,1.55
1CUNA,A,198,G,Reverse,7,25,-0.45
1CUNA,G,206,A,Reverse,7,25,2.25
1DKTA,V,6,I,Reverse,7.5,10,0.57
1DKTA,A,8,Y,Reverse,7.5,10,0.68
1DKTA,L,17,F,Reverse,7.5,10,2.58
1DKTA,A,18,E,Reverse,7.5,10,0.81
1DKTA,A,22,V,Reverse,7.5,10,1.36
1DKTA,A,32,V,Reverse,7.5,10,1.07
1DKTA,A,46,L,Reverse,7.5,10,2.04
1DKTA,G,55,V,Reverse,7.5,10,2.04
1DKTA,A,65,H,Reverse,7.5,10,0.51
1DKTA,A,67,L,Reverse,7.5,10,1.98
1DKTA,A,70,R,Reverse,7.5,10,2.8
1E65A,A,5,V,Reverse,7,25,0
1E65A,A,7,I,Reverse,7,25,3.11
1E65A,A,20,I,Reverse,7,25,1.56
1E65A,V,20,I,Reverse,7,25,0.38
1E65A,A,22,V,Reverse,7,25,1.44
1E65A,T,22,V,Reverse,7,25,0.96
1E65A,G,46,H,Reverse,7,20,2.5
1E65A,T,50,L,Reverse,7,25,2.34
1E65A,A,81,I,Reverse,7,25,2.39
1E65A,T,81,I,Reverse,7,25,2.51
1E65A,V,81,I,Reverse,7,25,0.07
1E65A,S,110,F,Reverse,7.3,26.5,3.95
1E65A,A,125,L,Reverse,7,25,0.72
1EY0A,A,6,K,Reverse,7,20,-0.19
1EY0A,G,6,K,Reverse,7,20,-0.25
1EY0A,A,7,L,Reverse,7,20,1.35
1EY0A,G,7,L,Reverse,7,20,1.26
1EY0A,I,7,L,Reverse,7,20,0.77
1EY0A,A,8,H,Reverse,7,20,0.48
1EY0A,G,8,H,Reverse,7,20,0.85
1EY0A,A,9,K,Reverse,7,20,1.38
1EY0A,G,9,K,Reverse,7,20,1.88
1EY0A,A,10,E,Reverse,7,20,1.34
1EY0A,G,10,E,Reverse,7,20,1.86
1EY0A,K,10,E,Reverse,7,20,1.98
1EY0A,Q,10,E,Reverse,7,20,0.97
1EY0A,G,12,A,Reverse,7,20,2.37
1EY0A,V,12,A,Reverse,7,20,0.89
1EY0A,A,13,T,Reverse,7,20,0.73
1EY0A,G,13,T,Reverse,7,20,1.16
1EY0A,I,13,T,Reverse,7,20,0.05
1EY0A,S,13,T,Reverse,7,20,0.35
1EY0A,V,13,T,Reverse,7,20,0.26
1EY0A,A,14,L,Reverse,7,20,2.38
1EY0A,G,14,L,Reverse,7,20,3.84
1EY0A,I,14,L,Reverse,7,20,1.6
1EY0A,A,15,I,Reverse,7,20,2.73
1EY0A,G,15,I,Reverse,7,20,3.43
1EY0A,L,15,I,Reverse,7,20,0.62
1EY0A,V,15,I,Reverse,7,20,0.88
1EY0A,A,16,K,Reverse,7,20,0.06
1EY0A,F,16,K,Reverse,7,20,0.38
1EY0A,G,16,K,Reverse,7,20,0.76
1EY0A,G,17,A,Reverse,7,20,-0.19
1EY0A,V,17,A,Reverse,7,20,1.94
1EY0A,A,18,I,Reverse,7,20,2.65
1EY0A,G,18,I,Reverse,7,20,2.63
1EY0A,L,18,I,Reverse,7,20,0.14
1EY0A,M,18,I,Reverse,6.7,23.6,0.68
1EY0A,V,18,I,Reverse,7,20,0.96
1EY0A,A,19,D,Reverse,7,20,0.09
1EY0A,G,19,D,Reverse,7,20,0.42
1EY0A,K,19,D,Reverse,7,20,0.41
1EY0A,N,19,D,Reverse,7,20,-0.07
1EY0A,A,20,G,Reverse,7,20,0.12
1EY0A,V,20,G,Reverse,7,20,2.18
1EY0A,A,21,D,Reverse,7,20,-0.83
1EY0A,G,21,D,Reverse,7,20,-0.46
1EY0A,N,21,D,Reverse,7,20,-1.43
1EY0A,A,22,T,Reverse,7,20,1.69
1EY0A,C,22,T,Reverse,7,20,0.95
1EY0A,G,22,T,Reverse,7,20,2.54
1EY0A,S,22,T,Reverse,7,20,0.74
1EY0A,V,22,T,Reverse,7,20,0.85
1EY0A,A,23,V,Reverse,6.2,22.5,2.7
1EY0A,F,23,V,Reverse,6.2,29.2,1.93
1EY0A,S,23,V,Reverse,7,20,4.76
1EY0A,T,23,V,Reverse,7,20,3.34
1EY0A,A,24,K,Reverse,7,20,0.34
1EY0A,G,24,K,Reverse,7,20,1.6
1EY0A,A,25,L,Reverse,6.4,40.2,2.77
1EY0A,G,25,L,Reverse,7,20,4.58
1EY0A,I,25,L,Reverse,7,20,1.83
1EY0A,V,25,L,Reverse,7,20,1.85
1EY0A,A,26,M,Reverse,7,20,1.61
1EY0A,G,26,M,Reverse,6.2,22.5,1.95
1EY0A,I,26,M,Reverse,7,20,0.84
1EY0A,L,26,M,Reverse,7,20,0.31
1EY0A,A,27,Y,Reverse,7,20,3.63
1EY0A,F,27,Y,Reverse,7,20,0.4
1EY0A,H,27,Y,Reverse,7,20,1.86
1EY0A,I,27,Y,Reverse,7,20,2.28
1EY0A,K,27,Y,Reverse,7,20,3.78
1EY0A,L,27,Y,Reverse,7,20,1.55
1EY0A,M,27,Y,Reverse,7,20,1.94
1EY0A,N,27,Y,Reverse,7,20,3.83
1EY0A,Q,27,Y,Reverse,7,20,3.31
1EY0A,R,27,Y,Reverse,7,20,3.05
1EY0A,S,27,Y,Reverse,7,20,3.21
1EY0A,T,27,Y,Reverse,7,20,3.18
1EY0A,V,27,Y,Reverse,7,20,2.65
1EY0A,W,27,Y,Reverse,7,20,0.72
1EY0A,A,28,K,Reverse,7,20,0.7
1EY0A,E,28,K,Reverse,7,20,0.79
1EY0A,F,28,K,Reverse,7,20,0.85
1EY0A,G,28,K,Reverse,7,20,0.8
1EY0A,Q,28,K,Reverse,7,20,0.28
1EY0A,A,29,G,Reverse,7,20,1.41
1EY0A,C,29,G,Reverse,7,20,1.26
1EY0A,F,29,G,Reverse,7,20,1.46
1EY0A,A,30,Q,Reverse,7,20,0.25
1EY0A,G,30,Q,Reverse,7,20,0.93
1EY0A,A,32,M,Reverse,7,20,1.81
1EY0A,G,32,M,Reverse,7,20,2.54
1EY0A,I,32,M,Reverse,7,20,0.56
1EY0A,L,32,M,Reverse,7,20,0.76
1EY0A,A,33,T,Reverse,7,20,1.52
1EY0A,G,33,T,Reverse,7,20,2.62
1EY0A,I,33,T,Reverse,7,20,-0.73
1EY0A,S,33,T,Reverse,7,20,1.35
1EY0A,V,33,T,Reverse,7,20,-0.47
1EY0A,A,34,F,Reverse,7,20,3.8
1EY0A,A,35,R,Reverse,7,20,1.38
1EY0A,G,35,R,Reverse,7,20,2.26
1EY0A,A,36,L,Reverse,7,20,3.66
1EY0A,I,36,L,Reverse,7,20,3.09
1EY0A,A,37,L,Reverse,7,20,1.51
1EY0A,G,37,L,Reverse,7,20,3.79
1EY0A,V,37,L,Reverse,7,20,2.78
1EY0A,A,38,L,Reverse,7,20,1.51
1EY0A,G,38,L,Reverse,7,20,0.28
1EY0A,I,38,L,Reverse,7,20,2.06
1EY0A,V,38,L,Reverse,7,20,0.14
1EY0A,A,39,V,Reverse,7,20,2.16
1EY0A,G,39,V,Reverse,7,20,4.61
1EY0A,S,39,V,Reverse,7,20,2.44
1EY0A,T,39,V,Reverse,7,20,1.55
1EY0A,A,40,D,Reverse,7,20,-0.41
1EY0A,G,40,D,Reverse,7,20,0.38
1EY0A,A,41,T,Reverse,7,20,-0.07
1EY0A,C,41,T,Reverse,7,20,-0.74
1EY0A,G,41,T,Reverse,7,20,1.79
1EY0A,S,41,T,Reverse,7,20,0.88
1EY0A,V,41,T,Reverse,7,20,-0.9
1EY0A,A,43,E,Reverse,7,20,-0.32
1EY0A,D,43,E,Reverse,7,20,-0.2
1EY0A,G,43,E,Reverse,7,20,-0.59
1EY0A,A,44,T,Reverse,7,20,0.23
1EY0A,G,44,T,Reverse,7,20,0.37
1EY0A,I,44,T,Reverse,7,20,0.56
1EY0A,S,44,T,Reverse,7,20,-0.04
1EY0A,V,44,T,Reverse,7,20,-0.09
1EY0A,A,45,K,Reverse,7,20,-0.19
1EY0A,G,45,K,Reverse,7,20,-0.2
1EY0A,A,46,H,Reverse,7,20,0.45
1EY0A,G,46,H,Reverse,7,20,0.17
1EY0A,Y,46,H,Reverse,5.4,40,0
1EY0A,A,48,K,Reverse,7,20,-0.09
1EY0A,E,48,K,Reverse,7,20,-0.1
1EY0A,F,48,K,Reverse,7,20,0.25
1EY0A,G,48,K,Reverse,7,20,-0.24
1EY0A,Q,48,K,Reverse,7,20,0.02
1EY0A,A,49,K,Reverse,7,20,0.25
1EY0A,F,49,K,Reverse,7,20,-0.2
1EY0A,G,49,K,Reverse,7,20,0.1
1EY0A,A,50,G,Reverse,7,20,-0.16
1EY0A,C,50,G,Reverse,7,20,0.75
1EY0A,F,50,G,Reverse,7,20,0.55
1EY0A,V,50,G,Reverse,7,20,1
1EY0A,A,51,V,Reverse,7,20,0.05
1EY0A,G,51,V,Reverse,7,20,0.17
1EY0A,I,51,V,Reverse,7,20,-0.09
1EY0A,S,51,V,Reverse,7,20,-0.01
1EY0A,T,51,V,Reverse,7,20,-0.2
1EY0A,A,52,E,Reverse,7,20,0.05
1EY0A,F,52,E,Reverse,7,20,0.51
1EY0A,G,52,E,Reverse,7,20,0.27
1EY0A,A,53,K,Reverse,7,20,0.17
1EY0A,G,53,K,Reverse,7,20,0.08
1EY0A,A,54,Y,Reverse,7,20,1.97
1EY0A,G,54,Y,Reverse,7,20,1.72
1EY0A,L,54,Y,Reverse,7,20,3.31
1EY0A,A,55,G,Reverse,7,20,0.44
1EY0A,A,57,E,Reverse,7,20,0.1
1EY0A,C,57,E,Reverse,7,20,0.64
1EY0A,F,57,E,Reverse,7,20,0.79
1EY0A,G,57,E,Reverse,7,20,1.41
1EY0A,K,57,E,Reverse,7,20,-0.01
1EY0A,Q,57,E,Reverse,7,20,0.14
1EY0A,G,58,A,Reverse,7,20,2.53
1EY0A,V,58,A,Reverse,7,20,2.63
1EY0A,A,59,S,Reverse,7,20,-0.62
1EY0A,F,59,S,Reverse,7,20,-0.56
1EY0A,G,59,S,Reverse,7,20,1.03
1EY0A,C,60,A,Reverse,7,20,1.12
1EY0A,F,60,A,Reverse,7,20,0.8
1EY0A,G,60,A,Reverse,7,20,1.45
1EY0A,V,60,A,Reverse,7,20,2.68
1EY0A,A,61,F,Reverse,7,20,2.34
1EY0A,G,61,F,Reverse,7,20,4.76
1EY0A,A,62,T,Reverse,7,20,2.23
1EY0A,C,62,T,Reverse,7,20,1.05
1EY0A,G,62,T,Reverse,7,20,3.52
1EY0A,I,62,T,Reverse,7,20,1.17
1EY0A,S,62,T,Reverse,7,20,2.15
1EY0A,V,62,T,Reverse,7,20,-0.1
1EY0A,A,63,K,Reverse,7,20,0.32
1EY0A,E,63,K,Reverse,7,20,1.47
1EY0A,F,63,K,Reverse,7,20,1.83
1EY0A,G,63,K,Reverse,7,20,1.57
1EY0A,A,64,K,Reverse,7,20,-0.16
1EY0A,E,64,K,Reverse,7,20,1.68
1EY0A,F,64,K,Reverse,7,20,0.09
1EY0A,G,64,K,Reverse,7,20,0.51
1EY0A,Q,64,K,Reverse,7,20,0
1EY0A,A,65,M,Reverse,7,20,2.06
1EY0A,G,65,M,Reverse,7,20,4.66
1EY0A,L,65,M,Reverse,7,20,0.73
1EY0A,A,66,V,Reverse,7,20,2.34
1EY0A,G,66,V,Reverse,7,20,4.49
1EY0A,K,66,V,Reverse,9.2,20,4.83
1EY0A,L,66,V,Reverse,6.8,28.9,-0.37
1EY0A,M,66,V,Reverse,8.2,20,0.14
1EY0A,S,66,V,Reverse,7,20,3.09
1EY0A,T,66,V,Reverse,7,20,1.34
1EY0A,W,66,V,Reverse,7,20,2.69
1EY0A,A,67,E,Reverse,7,20,1.05
1EY0A,F,67,E,Reverse,7,20,1.33
1EY0A,G,67,E,Reverse,7,20,1
1EY0A,Q,67,E,Reverse,7,20,0.57
1EY0A,A,68,N,Reverse,7,20,0.38
1EY0A,G,68,N,Reverse,7,20,0.35
1EY0A,G,69,A,Reverse,7,20,2.1
1EY0A,T,69,A,Reverse,7,20,3.03
1EY0A,V,69,A,Reverse,7,20,2.8
1EY0A,A,70,K,Reverse,7,20,0.16
1EY0A,C,70,K,Reverse,7,20,0.48
1EY0A,F,70,K,Reverse,7,20,0.03
1EY0A,G,70,K,Reverse,7,20,0.6
1EY0A,Q,70,K,Reverse,7,20,0.25
1EY0A,W,70,K,Reverse,7,20,0.4
1EY0A,A,71,K,Reverse,7,20,0.55
1EY0A,F,71,K,Reverse,7,20,-0.04
1EY0A,G,71,K,Reverse,7,20,1.31
1EY0A,M,72,I,Reverse,7,20,1.88
1EY0A,V,72,I,Reverse,7,20,1.79
1EY0A,A,73,E,Reverse,7,20,1.46
1EY0A,F,73,E,Reverse,7,20,0.88
1EY0A,G,73,E,Reverse,7,20,2.76
1EY0A,K,73,E,Reverse,7,20,2.06
1EY0A,Q,73,E,Reverse,7,20,0.64
1EY0A,A,74,V,Reverse,7,20,3.23
1EY0A,I,74,V,Reverse,7,20,1.91
1EY0A,T,74,V,Reverse,7,20,3.88
1EY0A,A,75,E,Reverse,6.2,22.5,1.69
1EY0A,G,75,E,Reverse,7,20,3.43
1EY0A,K,75,E,Reverse,7,20,2.22
1EY0A,Q,75,E,Reverse,7,20,0.61
1EY0A,V,75,E,Reverse,7,20,2.31
1EY0A,A,76,F,Reverse,7,20,4.1
1EY0A,G,76,F,Reverse,7,20,4.73
1EY0A,A,77,D,Reverse,6.5,21.6,2.39
1EY0A,G,77,D,Reverse,7,20,1.81
1EY0A,N,77,D,Reverse,7,20,2.69
1EY0A,A,78,K,Reverse,7,20,0.5
1EY0A,C,78,K,Reverse,7,20,0.26
1EY0A,E,78,K,Reverse,7,20,0.69
1EY0A,F,78,K,Reverse,7,20,-0.05
1EY0A,G,78,K,Reverse,7,20,1.07
1EY0A,A,79,G,Reverse,7,20,2.17
1EY0A,D,79,G,Reverse,7,20,2.28
1EY0A,S,79,G,Reverse,6.5,31.5,2.14
1EY0A,V,79,G,Reverse,7,20,2.23
1EY0A,A,80,Q,Reverse,7,20,0.02
1EY0A,F,80,Q,Reverse,7,20,0.58
1EY0A,G,80,Q,Reverse,7,20,1.25
1EY0A,A,81,R,Reverse,7,20,1.1
1EY0A,G,81,R,Reverse,7,20,2.06
1EY0A,A,82,T,Reverse,7,20,0.89
1EY0A,G,82,T,Reverse,7,20,2.03
1EY0A,S,82,T,Reverse,7,20,0.75
1EY0A,V,82,T,Reverse,7,20,-0.24
1EY0A,A,83,D,Reverse,7,20,3.76
1EY0A,G,83,D,Reverse,7,20,2.64
1EY0A,A,84,K,Reverse,7,20,-0.1
1EY0A,E,84,K,Reverse,7,20,0
1EY0A,F,84,K,Reverse,7,20,0.75
1EY0A,G,84,K,Reverse,7,20,0.39
1EY0A,A,85,Y,Reverse,7,20,0.41
1EY0A,F,85,Y,Reverse,7,20,0.07
1EY0A,G,85,Y,Reverse,7,20,1.05
1EY0A,L,85,Y,Reverse,7,20,0.15
1EY0A,A,86,G,Reverse,7,20,0.31
1EY0A,V,86,G,Reverse,7,20,3.74
1EY0A,A,87,R,Reverse,7,20,0.79
1EY0A,G,87,R,Reverse,7,20,2.53
1EY0A,A,88,G,Reverse,7,20,-0.19
1EY0A,V,88,G,Reverse,6.8,28.9,0.24
1EY0A,W,88,G,Reverse,7,20,0.1
1EY0A,A,89,L,Reverse,7,20,2.6
1EY0A,F,89,L,Reverse,5.4,40,1.2
1EY0A,G,89,L,Reverse,7,20,3.18
1EY0A,V,89,L,Reverse,7,20,1.42
1EY0A,G,90,A,Reverse,7,20,1.92
1EY0A,S,90,A,Reverse,6.7,30.3,2.24
1EY0A,V,90,A,Reverse,7,20,-0.04
1EY0A,F,91,Y,Reverse,7,20,2.27
1EY0A,L,91,Y,Reverse,7,20,3.83
1EY0A,A,92,I,Reverse,7,20,4.12
1EY0A,L,92,I,Reverse,7,20,0.6
1EY0A,V,92,I,Reverse,7,20,0.46
1EY0A,F,93,Y,Reverse,7,20,1.81
1EY0A,L,93,Y,Reverse,7,20,4.53
1EY0A,G,94,A,Reverse,7,20,2.54
1EY0A,V,94,A,Reverse,7,20,1.13
1EY0A,A,95,D,Reverse,7,20,3.5
1EY0A,G,95,D,Reverse,7,20,2.93
1EY0A,A,96,G,Reverse,7,20,1.8
1EY0A,A,97,K,Reverse,7,20,0.22
1EY0A,E,97,K,Reverse,7,20,0.47
1EY0A,F,97,K,Reverse,7,20,0.58
1EY0A,G,97,K,Reverse,7,20,1.85
1EY0A,Q,97,K,Reverse,7,20,0.3
1EY0A,A,98,M,Reverse,7,20,4.43
1EY0A,G,98,M,Reverse,7,20,4.44
1EY0A,I,98,M,Reverse,7,20,4.39
1EY0A,L,98,M,Reverse,7,20,2.3
1EY0A,A,99,V,Reverse,7,20,3.35
1EY0A,I,99,V,Reverse,7,20,0.14
1EY0A,L,99,V,Reverse,7,20,0.15
1EY0A,T,99,V,Reverse,7,20,3.36
1EY0A,G,100,N,Reverse,7,20,4.98
1EY0A,A,101,E,Reverse,7,20,1.36
1EY0A,F,101,E,Reverse,7,20,2.74
1EY0A,G,101,E,Reverse,7,20,2.47
1EY0A,F,102,A,Reverse,7,20,1.71
1EY0A,G,102,A,Reverse,7,20,1.37
1EY0A,V,102,A,Reverse,7,20,1.84
1EY0A,A,103,L,Reverse,7,20,4.6
1EY0A,I,103,L,Reverse,7,20,1.11
1EY0A,V,103,L,Reverse,7,20,2.05
1EY0A,A,104,V,Reverse,7,20,2.82
1EY0A,L,104,V,Reverse,7,20,0.76
1EY0A,S,104,V,Reverse,7,20,4.86
1EY0A,T,104,V,Reverse,7,20,2.45
1EY0A,A,105,R,Reverse,7,20,1.32
1EY0A,F,105,R,Reverse,7,20,2.84
1EY0A,G,105,R,Reverse,7,20,2.4
1EY0A,A,106,Q,Reverse,7,20,-0.25
1EY0A,G,106,Q,Reverse,7,20,1.5
1EY0A,A,107,G,Reverse,7,20,4.41
1EY0A,I,108,L,Reverse,7,20,3.34
1EY0A,G,109,A,Reverse,7,20,0.98
1EY0A,V,109,A,Reverse,7,20,2.82
1EY0A,A,110,K,Reverse,7,20,1.13
1EY0A,G,110,K,Reverse,7,20,2.59
1EY0A,A,111,V,Reverse,7,20,4.26
1EY0A,G,111,V,Reverse,7,20,4.82
1EY0A,S,111,V,Reverse,7,20,4.71
1EY0A,T,111,V,Reverse,7,20,2.36
1EY0A,C,112,A,Reverse,7,20,0.75
1EY0A,F,112,A,Reverse,7,20,1.35
1EY0A,G,112,A,Reverse,7,20,-0.2
1EY0A,V,112,A,Reverse,7,20,1.19
1EY0A,A,113,Y,Reverse,7,20,-0.06
1EY0A,F,113,Y,Reverse,7,20,-0.07
1EY0A,G,113,Y,Reverse,7,20,0.2
1EY0A,L,113,Y,Reverse,7,20,-0.2
1EY0A,A,114,V,Reverse,7,20,-0.14
1EY0A,G,114,V,Reverse,7,20,0.03
1EY0A,L,114,V,Reverse,7,20,1.07
1EY0A,S,114,V,Reverse,7,20,0.04
1EY0A,T,114,V,Reverse,7,20,0.31
1EY0A,A,115,Y,Reverse,7,20,0.25
1EY0A,F,115,Y,Reverse,7,20,0.02
1EY0A,G,115,Y,Reverse,7,20,0.56
1EY0A,L,115,Y,Reverse,7,20,0.22
1EY0A,A,116,K,Reverse,7,20,-0.69
1EY0A,F,116,K,Reverse,7,20,-0.21
1EY0A,G,116,K,Reverse,7,20,-1.05
1EY0A,A,118,N,Reverse,7,20,1.88
1EY0A,D,118,N,Reverse,7,20,2.34
1EY0A,G,118,N,Reverse,7,20,1.61
1EY0A,A,119,N,Reverse,7,20,1.03
1EY0A,G,119,N,Reverse,7,20,0.97
1EY0A,A,120,T,Reverse,7,20,1.08
1EY0A,C,120,T,Reverse,7,20,1.59
1EY0A,G,120,T,Reverse,7,20,1.87
1EY0A,I,120,T,Reverse,7,20,1.54
1EY0A,S,120,T,Reverse,7,20,0.57
1EY0A,V,120,T,Reverse,7,20,1.63
1EY0A,A,121,H,Reverse,7,20,2.92
1EY0A,G,121,H,Reverse,7,20,4.09
1EY0A,A,122,E,Reverse,7,20,0.27
1EY0A,F,122,E,Reverse,7,20,0.44
1EY0A,G,122,E,Reverse,7,20,1.99
1EY0A,K,122,E,Reverse,7,20,2.53
1EY0A,Q,122,E,Reverse,7,20,1.52
1EY0A,A,123,Q,Reverse,7,20,0.1
1EY0A,F,123,Q,Reverse,7,20,0.51
1EY0A,G,123,Q,Reverse,7,20,0.44
1EY0A,A,124,H,Reverse,7,20,-0.57
1EY0A,F,124,H,Reverse,7,20,-0.51
1EY0A,G,124,H,Reverse,7,20,0.52
1EY0A,L,124,H,Reverse,5.9,46.9,-1.31
1EY0A,Q,124,H,Reverse,7,20,-0.69
1EY0A,A,125,L,Reverse,7,20,4.78
1EY0A,V,125,L,Reverse,7,20,2.3
1EY0A,A,126,R,Reverse,7,20,1.64
1EY0A,G,126,R,Reverse,7,20,2.86
1EY0A,A,127,K,Reverse,7,20,-0.24
1EY0A,E,127,K,Reverse,7,20,-0.13
1EY0A,F,127,K,Reverse,7,20,0.22
1EY0A,G,127,K,Reverse,7,20,0.79
1EY0A,Q,127,K,Reverse,7,20,-0.06
1EY0A,A,128,S,Reverse,7,20,-0.83
1EY0A,F,128,S,Reverse,7,20,1
1EY0A,G,128,S,Reverse,7,20,1.52
1EY0A,A,129,E,Reverse,7,20,2.2
1EY0A,F,129,E,Reverse,7,20,3.88
1EY0A,G,129,E,Reverse,7,20,3.72
1EY0A,G,130,A,Reverse,7,20,1
1EY0A,V,130,A,Reverse,7,20,1.08
1EY0A,A,131,Q,Reverse,7,20,0.1
1EY0A,F,131,Q,Reverse,7,20,0.55
1EY0A,G,131,Q,Reverse,7,20,2.26
1EY0A,G,132,A,Reverse,7,20,3.6
1EY0A,V,132,A,Reverse,7,20,4.73
1EY0A,A,133,K,Reverse,7,20,1.32
1EY0A,F,133,K,Reverse,7,20,1.26
1EY0A,G,133,K,Reverse,7,20,3.22
1EY0A,Q,133,K,Reverse,7,20,0.44
1EY0A,A,134,K,Reverse,7,20,-0.12
1EY0A,C,134,K,Reverse,7,20,0.7
1EY0A,F,134,K,Reverse,7,20,0.26
1EY0A,G,134,K,Reverse,7,20,0.79
1EY0A,A,135,E,Reverse,7,20,0.73
1EY0A,F,135,E,Reverse,7,20,1.1
1EY0A,G,135,E,Reverse,7,20,1.64
1EY0A,K,135,E,Reverse,7,20,1.17
1EY0A,Q,135,E,Reverse,7,20,0.71
1EY0A,A,136,K,Reverse,7,20,0.75
1EY0A,F,136,K,Reverse,7,20,0.97
1EY0A,G,136,K,Reverse,7,20,0.02
1EY0A,A,137,L,Reverse,7,20,2.18
1EY0A,G,137,L,Reverse,7,20,4.43
1EY0A,I,137,L,Reverse,7,20,0.76
1EY0A,A,138,N,Reverse,7,20,0.97
1EY0A,G,138,N,Reverse,7,20,-0.59
1EY0A,A,139,I,Reverse,7,20,3.29
1EY0A,G,139,I,Reverse,7,20,4.22
1EY0A,M,139,I,Reverse,7,20,0.39
1EY0A,V,139,I,Reverse,7,20,1.37
1EY0A,A,141,S,Reverse,7,31.4,0.27
1EY0A,G,141,S,Reverse,7,20,0.82
1FKJA,A,2,V,Reverse,7.5,25,2.18
1FKJA,A,4,V,Reverse,7.5,25,2.26
1FKJA,V,7,I,Reverse,7.5,25,0.9
1FKJA,A,21,T,Reverse,7.5,25,1.24
1FKJA,S,21,T,Reverse,7.5,25,1.06
1FKJA,V,21,T,Reverse,7.5,25,-0.56
1FKJA,A,23,V,Reverse,7.5,25,2.62
1FKJA,A,24,V,Reverse,7.5,25,3.04
1FKJA,A,27,T,Reverse,7.5,25,1.71
1FKJA,S,27,T,Reverse,7.5,25,1.07
1FKJA,V,27,T,Reverse,7.5,25,-0.58
1FKJA,A,36,F,Reverse,7.5,25,3.07
1FKJA,A,50,L,Reverse,7.5,25,2.22
1FKJA,A,55,V,Reverse,7.5,25,1.78
1FKJA,A,56,I,Reverse,7.5,25,2.04
1FKJA,D,56,I,Reverse,7.5,25,2.88
1FKJA,T,56,I,Reverse,7.5,25,1.95
1FKJA,A,57,R,Reverse,7.5,25,0.55
1FKJA,G,57,R,Reverse,7.5,25,1.89
1FKJA,F,59,W,Reverse,7.5,25,-2.72
1FKJA,L,59,W,Reverse,7.5,25,-2.35
1FKJA,A,60,E,Reverse,7.5,25,1.71
1FKJA,G,60,E,Reverse,7.5,25,2.62
1FKJA,A,61,E,Reverse,7.5,25,0.73
1FKJA,G,61,E,Reverse,7.5,25,2.2
1FKJA,A,63,V,Reverse,7.5,25,2.56
1FKJA,A,75,T,Reverse,7.5,25,2.27
1FKJA,V,75,T,Reverse,7.5,25,0.7
1FKJA,A,76,I,Reverse,7.5,25,3.36
1FKJA,V,76,I,Reverse,7.5,25,0.33
1FKJA,A,91,I,Reverse,7.5,25,1.33
1FKJA,V,91,I,Reverse,7.5,25,0.1
1FKJA,A,97,L,Reverse,7.5,25,3.01
1FKJA,A,98,V,Reverse,7.5,25,1.99
1FKJA,A,101,V,Reverse,7.5,25,2.39
1FKJA,A,106,L,Reverse,7.5,25,2.08
1FNAA,A,8,L,Reverse,5,25,1.81
1FNAA,A,10,V,Reverse,5,25,1.17
1FNAA,G,13,A,Reverse,5,25,1.18
1FNAA,A,18,L,Reverse,5,25,0.99
1FNAA,A,20,I,Reverse,5,25,0.65
1FNAA,V,20,I,Reverse,5,25,0.18
1FNAA,F,22,W,Reverse,5,25,1.97
1FNAA,A,29,V,Reverse,5,25,1.37
1FNAA,A,32,Y,Reverse,5,25,4.23
1FNAA,F,32,Y,Reverse,5,25,0.54
1FNAA,L,32,Y,Reverse,5,25,2.74
1FNAA,A,34,I,Reverse,5,25,4.86
1FNAA,A,36,Y,Reverse,5,25,1.49
1FNAA,A,48,F,Reverse,5,25,1.98
1FNAA,G,57,A,Reverse,5,25,2.49
1FNAA,A,59,I,Reverse,5,25,3.33
1FNAA,V,59,I,Reverse,5,25,0.72
1FNAA,A,62,L,Reverse,5,25,2.88
1FNAA,A,66,V,Reverse,5,25,0.91
1FNAA,A,68,Y,Reverse,5,25,1.88
1FNAA,F,68,Y,Reverse,5,25,2.14
1FNAA,A,70,I,Reverse,5,25,4.11
1FNAA,V,70,I,Reverse,5,25,1.28
1FNAA,A,72,V,Reverse,5,25,3.17
1FNAA,G,74,A,Reverse,5,25,1.56
1FNAA,A,85,S,Reverse,5,25,-0.13
1FNAA,A,88,I,Reverse,5,25,0.67
1FNAA,V,88,I,Reverse,5,25,0.33
1FNAA,A,90,I,Reverse,5,25,0.69
1FNAA,V,90,I,Reverse,5,25,0.4
1FNAA,A,92,Y,Reverse,5,25,1.11
1FNAA,F,92,Y,Reverse,5,25,-0.13
1FTGA,K,20,E,Reverse,7,37.8,-1.16
1FTGA,A,22,I,Reverse,7,44.2,1.7
1FTGA,V,22,I,Reverse,7,25,1.66
1FTGA,A,31,V,Reverse,7,34.6,1.85
1FTGA,K,40,E,Reverse,7,37.8,-1.61
1FTGA,A,43,D,Reverse,7,34.6,-0.07
1FTGA,V,51,I,Reverse,7,34.6,1.75
1FTGA,V,52,I,Reverse,7,34.6,1.19
1FTGA,K,61,E,Reverse,7,34.6,-0.51
1FTGA,A,71,S,Reverse,7,34.6,0.44
1FTGA,V,104,I,Reverse,7,34.6,0.57
1FTGA,A,117,V,Reverse,7,34.6,2.02
1FTGA,S,122,T,Reverse,7,34.6,-0.03
1FTGA,A,139,V,Reverse,7,34.6,1.09
1FTGA,A,143,L,Reverse,7,34.6,0.17
1FTGA,K,150,D,Reverse,7,37.8,0.21
1FVKA,S,30,C,Reverse,7.5,25,1.79
1FVKA,L,32,H,Reverse,7,30,-5.3
1FVKA,S,32,H,Reverse,7,30,-5.2
1FVKA,Y,32,H,Reverse,7,30,-6.8
1FVKA,S,33,C,Reverse,7.5,25,1.15
1G4IA,A,22,F,Reverse,8,30,-0.25
1G4IA,N,48,H,Reverse,8,30,2.44
1G4IA,I,106,F,Reverse,8,30,-0.95
1G4IA,Y,106,F,Reverse,8,30,-0.07
1G6NA,A,128,S,Reverse,7.9,20,0.26
1H7MA,A,8,E,Reverse,7.4,25,0.77
1H7MA,A,10,R,Reverse,7.4,25,0.77
1H7MA,A,14,D,Reverse,7.4,25,-0.24
1H7MA,A,17,K,Reverse,7.4,25,0.91
1H7MA,A,23,R,Reverse,7.4,25,-0.07
1H7MA,A,24,K,Reverse,7.4,25,-0.43
1H7MA,A,30,K,Reverse,7.4,25,1.2
1H7MA,A,41,R,Reverse,7.4,25,0.07
1H7MA,A,44,R,Reverse,7.4,25,-0.33
1H7MA,A,46,D,Reverse,7.4,25,-0.05
1H7MA,A,50,D,Reverse,7.4,25,-0.36
1H7MA,A,52,E,Reverse,7.4,25,-0.57
1H7MA,A,64,E,Reverse,7.4,25,1.29
1H7MA,A,71,E,Reverse,7.4,25,0.74
1H7MA,A,78,R,Reverse,7.4,25,-0.19
1H7MA,A,80,H,Reverse,7.4,25,0.5
1H7MA,A,92,E,Reverse,7.4,25,0.41
1H7MA,A,94,R,Reverse,7.4,25,0.31
1HFZA,A,32,H,Reverse,7.4,56.2,2.13
1HFZA,A,42,V,Reverse,7.4,56.2,0.93
1HFZA,G,42,V,Reverse,7.4,56.2,1.15
1HFZA,N,42,V,Reverse,7.4,56.2,0.24
1HFZA,A,54,Q,Reverse,7.4,56.2,0.41
1HFZA,A,103,Y,Reverse,7.4,56.2,2.39
1HFZA,Y,104,W,Reverse,7.4,56.2,2.44
1HFZA,S,106,A,Reverse,7.4,56.2,1.05
1HFZA,A,107,H,Reverse,7.4,56.2,0.79
1HFZA,H,110,L,Reverse,7.4,56.2,-1.39
1HFZA,R,110,L,Reverse,7.4,56.2,-0.43
1HFZA,N,114,K,Reverse,7.4,56.2,-2.66
1HFZA,Q,114,K,Reverse,7.4,56.2,0.6
1HFZA,A,117,Q,Reverse,7.4,56.2,0.96
1HFZA,H,118,W,Reverse,7.4,56.2,0.6
1HFZA,Y,118,W,Reverse,7.4,56.2,1.17
1HK0X,A,43,M,Reverse,7,37,0.7
1HK0X,A,54,Q,Reverse,7,37,-0.5
1HK0X,A,56,F,Reverse,7,37,1.2
1HK0X,A,79,R,Reverse,7,37,2.3
1HK0X,A,81,I,Reverse,7,37,2.6
1HK0X,A,132,V,Reverse,7,37,3.8
1HK0X,A,143,Q,Reverse,7,37,0.4
1HK0X,A,145,L,Reverse,7,37,2.6
1HK0X,A,147,M,Reverse,7,37,1.1
1HK0X,A,170,V,Reverse,7,37,-1.3
1HMEA,H,33,S,Reverse,7,20,1.85
1HMEA,H,34,I,Reverse,7,20,0.95
1HMKA,F,26,W,Reverse,7.5,25,2.11
1HMKA,I,29,T,Reverse,6.4,24.5,-3.55
1HMKA,I,30,A,Reverse,6.1,24,-1.47
1HMKA,T,30,A,Reverse,6.1,24,-0.48
1HMKA,I,33,T,Reverse,6.1,24,0.64
1HMKA,A,38,T,Reverse,7,58.8,1.3
1HMKA,A,52,L,Reverse,7,25,3.22
1HMKA,F,60,W,Reverse,7.5,25,0.68
1HMKA,N,87,D,Reverse,7,25,1.14
1HMKA,A,90,V,Reverse,7,25,-0.9
1HMKA,A,93,K,Reverse,7,25,1.72
1HMKA,F,104,W,Reverse,7.5,25,1.96
1HMKA,A,105,L,Reverse,7,25,0.28
1HMKA,F,118,W,Reverse,7,25,0.31
1HMSA,E,8,W,Reverse,8,37,3.82
1HMSA,Y,16,F,Reverse,8,25,2.56
1HMSA,I,21,K,Reverse,8,37,0
1HMSA,Q,40,T,Reverse,8,25,2.73
1HMSA,V,40,T,Reverse,8,25,0.76
1HMSA,S,64,F,Reverse,8,37,3.82
1HMSA,S,67,G,Reverse,8,37,1.22
1HMSA,S,72,E,Reverse,8,37,3.67
1HMSA,K,126,R,Reverse,8,25,3.26
1HMSA,Q,126,R,Reverse,8,25,0.31
1HMSA,F,128,Y,Reverse,8,25,2.68
1HTIA,D,105,S,Reverse,8,25,0.65
1HTIA,A,179,Q,Reverse,8,25,-0.05
1HTIA,D,179,Q,Reverse,8,25,-0.75
1HTIA,A,193,K,Reverse,8,25,-0.5
1HUUA,S,27,A,Reverse,7,63.9,1.19
1HUUA,T,31,S,Reverse,7,63.9,-0.41
1HUUA,I,42,V,Reverse,7,63.9,0.82
1HUUA,S,56,A,Reverse,7,63.9,0.13
1HUUA,I,69,M,Reverse,7,63.9,0
1IFCA,C,23,I,Reverse,8.1,20,-0.51
1IFCA,C,53,S,Reverse,8.1,20,-0.31
1IFCA,A,64,L,Reverse,7.4,20,1.68
1IFCA,C,72,L,Reverse,8.1,20,-0.02
1IFCA,Y,82,W,Reverse,7,25,0.39
1IFCA,C,89,L,Reverse,8.1,20,1.25
1IFCA,C,104,A,Reverse,8.1,20,-1.32
1IGVA,V,6,L,Reverse,7,25,1.72
1IGVA,A,10,F,Reverse,7,25,4.12
1IGVA,Q,17,E,Reverse,7.1,25,-0.33
1IGVA,N,19,D,Reverse,7,25,-0.83
1IGVA,A,23,L,Reverse,7,25,3.24
1IGVA,G,23,L,Reverse,7,25,3.95
1IGVA,Q,26,E,Reverse,7,25,0.03
1IGVA,A,28,L,Reverse,7,25,2.2
1IGVA,A,61,V,Reverse,7,25,2.93
1IGVA,G,61,V,Reverse,7,25,3.6
1IGVA,A,66,F,Reverse,7,25,4.2
1IGVA,V,73,I,Reverse,7,25,1.34
1IHBA,V,55,R,Reverse,7.5,25,0.15
1IHBA,N,71,F,Reverse,7.5,25,-0.46
1IHBA,N,92,F,Reverse,7.5,25,0.71
1IMQA,G,25,A,Reverse,6,10,0.14
1IMQA,L,34,V,Reverse,6,10,-0.33
1IMQA,L,37,V,Reverse,6,10,0.26
1IMQA,I,68,V,Reverse,6,10,0.81
1IMQA,I,71,V,Reverse,6,10,-0.07
1IO2A,N,7,D,Reverse,9,50,-0.46
1IO2A,A,8,E,Reverse,9,50,-1.77
1IO2A,Q,8,E,Reverse,9,50,1.25
1IO2A,A,105,D,Reverse,9,50,-1.72
1IO2A,A,135,D,Reverse,9,50,-1.82
1K9QA,R,20,A,Reverse,7,56.7,-0.89
1K9QA,T,34,D,Reverse,7,56.7,-0.37
1KCQA,N,30,D,Reverse,7.2,25,1.05
1KCQA,Y,30,D,Reverse,7.2,15,2.03
1KDXA,F,640,Y,Reverse,6,25,0
1KE4A,F,150,Y,Reverse,6.8,38.9,2.05
1LBIA,L,84,K,Reverse,7.4,25,0.2
1LNIA,T,2,V,Reverse,7,48.4,0.9
1LNIA,V,5,T,Reverse,7,48.4,0
1LNIA,K,17,D,Reverse,7,25,1.1
1LNIA,V,18,T,Reverse,7,48.4,1.4
1LNIA,K,25,D,Reverse,7,36.1,-0.9
1LNIA,T,36,V,Reverse,7,48.4,1.3
1LNIA,A,38,Q,Reverse,6.3,51.9,-0.74
1LNIA,A,39,N,Reverse,7,48.4,2.2
1LNIA,D,39,N,Reverse,7,48.4,1.5
1LNIA,S,39,N,Reverse,7,48.4,2.3
1LNIA,K,41,E,Reverse,6.6,42.2,1.11
1LNIA,F,49,Y,Reverse,7,25,0.2
1LNIA,F,51,Y,Reverse,7,25,2.3
1LNIA,F,52,Y,Reverse,7,25,3.6
1LNIA,Q,54,E,Reverse,6.3,51.9,1.96
1LNIA,T,57,V,Reverse,7,48.4,4.4
1LNIA,V,59,T,Reverse,7,48.4,1.7
1LNIA,A,65,R,Reverse,6.3,51.9,1.13
1LNIA,V,67,T,Reverse,7,48.4,0
1LNIA,V,72,T,Reverse,7,48.4,0.2
1LNIA,K,74,E,Reverse,6.7,43.5,-0.84
1LNIA,A,79,D,Reverse,6.8,49.1,-2.48
1LNIA,E,79,D,Reverse,7,52.6,0.4
1LNIA,H,79,D,Reverse,7,52.6,-1.7
1LNIA,R,79,D,Reverse,7,52.6,-2.7
1LNIA,W,79,D,Reverse,7,52.6,-2.25
1LNIA,F,81,Y,Reverse,7,25,1.2
1LNIA,V,82,T,Reverse,7,48.4,1.7
1LNIA,F,86,Y,Reverse,7,25,0.3
1LUCA,H,81,A,Reverse,7,25,2.7
1LUCB,A,81,H,Reverse,7,25,2.1
1LUCB,A,82,H,Reverse,7,25,2.7
1LVEA,L,4,M,Reverse,7.5,25,-1.04
1LVEA,F,28,N,Reverse,7.5,25,2.41
1LVEA,N,29,S,Reverse,7.5,25,-0.39
1LVEA,R,30,K,Reverse,7.5,25,0.55
1LVEA,T,30,K,Reverse,7.5,25,1.33
1LVEA,N,38,Q,Reverse,7.5,25,1.6
1LVEA,T,39,K,Reverse,7.5,25,2.29
1LVEA,H,89,Q,Reverse,7.5,25,0.9
1LVEA,N,89,Q,Reverse,7.5,25,1.26
1LVEA,H,94,T,Reverse,7.5,25,-0.73
1LVEA,Q,96,Y,Reverse,7.5,25,2.09
1LVEA,T,97,S,Reverse,7.5,25,-0.13
1LVEA,L,106,I,Reverse,7.5,25,0.51
1LZ1A,A,1,K,Reverse,2.7,64.9,0.6
1LZ1A,M,1,K,Reverse,2.7,64.9,0.12
1LZ1A,A,2,V,Reverse,2.7,64.9,1.51
1LZ1A,D,2,V,Reverse,2.7,64.9,1.44
1LZ1A,F,2,V,Reverse,2.7,64.9,0.86
1LZ1A,G,2,V,Reverse,2.7,64.9,2.3
1LZ1A,I,2,V,Reverse,2.7,64.9,-1.1
1LZ1A,L,2,V,Reverse,2.7,64.9,0.05
1LZ1A,M,2,V,Reverse,2.7,64.9,0.31
1LZ1A,N,2,V,Reverse,2.7,64.9,1.34
1LZ1A,R,2,V,Reverse,2.7,64.9,0.38
1LZ1A,S,2,V,Reverse,2.7,64.9,1.41
1LZ1A,Y,2,V,Reverse,2.7,64.9,0.36
1LZ1A,Q,7,E,Reverse,3.5,65,0.94
1LZ1A,T,8,L,Reverse,2.7,64.9,3.73
1LZ1A,S,9,A,Reverse,2.7,64.9,0.02
1LZ1A,A,16,G,Reverse,2.7,64.9,1.39
1LZ1A,N,18,D,Reverse,3.4,65,1.28
1LZ1A,A,19,G,Reverse,2.7,64.9,1.77
1LZ1A,F,20,Y,Reverse,2.7,64.9,0.5
1LZ1A,A,21,R,Reverse,2.7,64.9,-1.32
1LZ1A,G,21,R,Reverse,2.7,64.9,-1.15
1LZ1A,A,22,G,Reverse,2.7,64.9,1.79
1LZ1A,A,23,I,Reverse,2.7,64.9,2.54
1LZ1A,V,23,I,Reverse,2.7,64.9,0.36
1LZ1A,L,32,A,Reverse,2.7,64.9,0.1
1LZ1A,S,32,A,Reverse,2.7,64.9,0.33
1LZ1A,L,35,E,Reverse,2.7,64.9,0.53
1LZ1A,A,37,G,Reverse,2.7,64.9,0.29
1LZ1A,Q,37,G,Reverse,3,52.3,0.4
1LZ1A,A,38,Y,Reverse,2.7,64.9,2.49
1LZ1A,F,38,Y,Reverse,2.7,64.9,0.19
1LZ1A,G,38,Y,Reverse,2.7,64.9,2.32
1LZ1A,F,45,Y,Reverse,2.7,64.9,-0.07
1LZ1A,N,49,D,Reverse,3.4,65,0.65
1LZ1A,A,50,R,Reverse,2.7,64.9,-0.43
1LZ1A,G,50,R,Reverse,3,52.3,-0.32
1LZ1A,F,54,Y,Reverse,2.7,64.9,0.96
1LZ1A,A,56,I,Reverse,2.7,64.9,3.71
1LZ1A,F,56,I,Reverse,2.7,64.9,4.09
1LZ1A,L,56,I,Reverse,2.7,64.9,0.1
1LZ1A,M,56,I,Reverse,2.7,64.9,1.77
1LZ1A,T,56,I,Reverse,3,52.3,4.31
1LZ1A,V,56,I,Reverse,2.7,64.9,1.2
1LZ1A,A,58,Q,Reverse,2.7,64.9,-0.91
1LZ1A,G,58,Q,Reverse,3,52.3,-1.91
1LZ1A,A,59,I,Reverse,2.7,64.9,1.72
1LZ1A,F,59,I,Reverse,2.7,64.9,0.81
1LZ1A,G,59,I,Reverse,2.7,64.9,3.83
1LZ1A,L,59,I,Reverse,2.7,64.9,0
1LZ1A,M,59,I,Reverse,2.7,64.9,1.29
1LZ1A,S,59,I,Reverse,2.7,64.9,3.59
1LZ1A,T,59,I,Reverse,2.7,64.9,2.22
1LZ1A,V,59,I,Reverse,2.7,64.9,1.1
1LZ1A,Y,59,I,Reverse,2.7,64.9,3.78
1LZ1A,F,63,Y,Reverse,2.7,64.9,0.24
1LZ1A,H,67,D,Reverse,4,10,3.73
1LZ1A,N,67,D,Reverse,3.5,65,1.39
1LZ1A,A,68,G,Reverse,2.7,64.9,0.12
1LZ1A,A,72,G,Reverse,2.7,64.9,0.36
1LZ1A,A,74,V,Reverse,2.7,64.9,0.36
1LZ1A,D,74,V,Reverse,2.7,64.9,0.43
1LZ1A,F,74,V,Reverse,2.7,64.9,0.29
1LZ1A,G,74,V,Reverse,2.7,64.9,0.22
1LZ1A,I,74,V,Reverse,2.7,64.9,-0.45
1LZ1A,L,74,V,Reverse,2.7,64.9,-0.19
1LZ1A,M,74,V,Reverse,2.7,64.9,-0.65
1LZ1A,N,74,V,Reverse,2.7,64.9,0.33
1LZ1A,R,74,V,Reverse,2.7,64.9,0.07
1LZ1A,S,74,V,Reverse,2.7,64.9,0.38
1LZ1A,Y,74,V,Reverse,2.7,64.9,0.24
1LZ1A,A,77,C,Reverse,3,57,4.6
1LZ1A,A,78,H,Reverse,2.7,64.9,0.14
1LZ1A,G,78,H,Reverse,3,52.3,0.21
1LZ1A,A,89,I,Reverse,2.7,64.9,2.7
1LZ1A,V,89,I,Reverse,2.7,64.9,0.48
1LZ1A,S,92,A,Reverse,2.7,64.9,-0.81
1LZ1A,A,93,V,Reverse,2.7,64.9,0.74
1LZ1A,T,93,V,Reverse,2.7,64.9,0.67
1LZ1A,M,96,A,Reverse,2.7,64.9,-0.02
1LZ1A,S,96,A,Reverse,2.7,64.9,1
1LZ1A,A,99,V,Reverse,2.7,64.9,0.98
1LZ1A,T,99,V,Reverse,2.7,64.9,0.5
1LZ1A,A,100,V,Reverse,2.7,64.9,0.26
1LZ1A,F,100,V,Reverse,2.7,64.9,1.65
1LZ1A,T,100,V,Reverse,2.7,64.9,0.29
1LZ1A,N,102,D,Reverse,3.5,65,0.15
1LZ1A,A,106,I,Reverse,2.7,64.9,0.93
1LZ1A,V,106,I,Reverse,2.7,64.9,0.72
1LZ1A,A,110,V,Reverse,2.7,64.9,-0.53
1LZ1A,D,110,V,Reverse,2.7,64.9,-0.17
1LZ1A,F,110,V,Reverse,2.7,64.9,0.05
1LZ1A,G,110,V,Reverse,2.7,64.9,-0.48
1LZ1A,I,110,V,Reverse,2.7,64.9,-0.86
1LZ1A,L,110,V,Reverse,2.7,64.9,-0.07
1LZ1A,M,110,V,Reverse,2.7,64.9,-0.53
1LZ1A,N,110,V,Reverse,2.7,64.9,-0.07
1LZ1A,R,110,V,Reverse,2.7,64.9,-0.89
1LZ1A,Y,110,V,Reverse,2.7,64.9,0.14
1LZ1A,A,118,N,Reverse,2.7,64.9,-0.19
1LZ1A,G,118,N,Reverse,2.7,64.9,-0.05
1LZ1A,N,120,D,Reverse,3.5,65,0.17
1LZ1A,A,121,V,Reverse,2.7,64.9,1.44
1LZ1A,F,124,Y,Reverse,2.7,64.9,0.36
1LZ1A,A,125,V,Reverse,2.7,64.9,1.32
1LZ1A,A,127,G,Reverse,2.7,64.9,0.55
1LZ1A,A,129,G,Reverse,2.7,64.9,-0.14
1LZ1A,A,130,V,Reverse,2.7,64.9,0.84
1MBGA,A,103,V,Reverse,7.5,25,2.32
1MBGA,I,103,V,Reverse,7.5,25,-0.69
1MBGA,L,103,V,Reverse,7.4,21.4,-2.08
1MGRA,F,11,Y,Reverse,7,25,0.6
1MGRA,F,33,Y,Reverse,7,25,-0.5
1MGRA,F,55,Y,Reverse,7,25,2.1
1MGRA,F,58,Y,Reverse,7,25,0.7
1MGRA,F,83,Y,Reverse,7,25,1.5
1MGRA,F,89,Y,Reverse,7,25,0
1MJCA,L,18,F,Reverse,7,25,1
1MJCA,S,18,F,Reverse,7,25,1.54
1MJCA,L,31,F,Reverse,7,25,0.66
1MJCA,W,42,Y,Reverse,7,25,-0.15
1MJCA,W,68,T,Reverse,7,25,-0.7
1MSIA,A,23,R,Reverse,7,25,0.89
1MSIA,A,36,D,Reverse,7,25,-0.3
1MSIA,A,39,R,Reverse,7,25,0.8
1N0JA,F,34,Y,Reverse,7.8,88.9,-4.75
1N0JA,T,58,I,Reverse,7.8,88.9,2.95
1N0JA,N,143,Q,Reverse,7.8,88.9,-1.04
1OH0A,F,16,Y,Reverse,7,25,1.79
1OH0A,F,32,Y,Reverse,7,25,-0.2
1OH0A,F,57,Y,Reverse,7,25,1.22
1OH0A,S,57,Y,Reverse,7,25,4.53
1OH0A,L,101,V,Reverse,7,25,1.72
1OIAA,F,13,Y,Reverse,7,22,0.7
1OIAA,T,13,Y,Reverse,7,22,1.3
1OIAA,F,31,Y,Reverse,7,22,0
1OIAA,S,31,Y,Reverse,7,22,2.3
1OIAA,F,86,Y,Reverse,7,22,2.6
1ONCA,L,23,M,Reverse,7,0.4,2.76
1ONCA,A,28,F,Reverse,5.5,20,5
1ONCA,Y,36,F,Reverse,5.5,20,4.67
1OTRB,A,11,K,Reverse,5,25,0.14
1OTRB,F,30,I,Reverse,3,50,3.32
1OTRB,L,30,I,Reverse,3,50,1.96
1OTRB,V,30,I,Reverse,3,50,1.58
1OTRB,D,34,E,Reverse,5,25,1
1OTRB,L,34,E,Reverse,5,25,-0.96
1OTRB,S,34,E,Reverse,5,25,0.6
1OTRB,F,36,I,Reverse,3,50,0.86
1OTRB,L,36,I,Reverse,3,50,1.32
1OTRB,V,36,I,Reverse,3,50,0.79
1P2PA,N,48,H,Reverse,7,20,1.69
1P2PA,Q,48,H,Reverse,7,20,0.64
1PDOA,F,12,W,Reverse,7.4,22,-1.79
1PDOA,F,33,W,Reverse,7.4,22,1.08
1PDOA,F,69,W,Reverse,7.4,22,2.15
1PGAA,L,6,I,Reverse,5.4,25,1.39
1PGAA,N,6,I,Reverse,5.2,44,1.73
1PGAA,T,6,I,Reverse,5.2,44,1.79
1PGAA,G,22,D,Reverse,5.5,25,1.52
1PGAA,A,53,T,Reverse,5.2,20,0.51
1PGAA,D,53,T,Reverse,5.2,20,1.15
1PGAA,E,53,T,Reverse,5.2,20,0.4
1PGAA,F,53,T,Reverse,5.2,37.1,-0.55
1PGAA,I,53,T,Reverse,5.2,37.1,0.1
1PGAA,R,53,T,Reverse,5.2,20,0.28
1PGAA,V,53,T,Reverse,5.2,44,0.58
1PGAA,Y,53,T,Reverse,5.2,44,-0.52
1POHA,A,31,S,Reverse,7,30,0.4
1POHA,A,46,S,Reverse,7,30,1.01
1POHA,D,46,S,Reverse,7,30,-1.44
1POHA,N,46,S,Reverse,7,30,-0.39
1POHA,A,49,K,Reverse,7,25,-1.39
1POHA,D,49,K,Reverse,7,25,-1.41
1POHA,E,49,K,Reverse,7,36.2,-1.85
1POHA,G,49,K,Reverse,7,25,-1.05
1POHA,M,49,K,Reverse,7,25,-0.94
1POHA,N,49,K,Reverse,7,25,-0.35
1POHA,Q,49,K,Reverse,7,25,-1.39
1POHA,R,49,K,Reverse,7,25,0.15
1POHA,S,49,K,Reverse,7,25,-0.95
1QGVA,D,119,G,Reverse,7.8,20,0.93
1QLPA,I,31,A,Reverse,6.5,25,-0.9
1QLPA,V,31,A,Reverse,6.5,25,-0.6
1QLPA,C,51,F,Reverse,6.5,23,-3.01
1QLPA,L,51,F,Reverse,6.5,25,-2.1
1QLPA,L,55,V,Reverse,6.5,25,0.3
1QLPA,A,59,T,Reverse,6.5,25,-1
1QLPA,A,68,T,Reverse,6.5,25,-1
1QLPA,I,145,V,Reverse,6.5,25,-0.2
1QLPA,L,145,V,Reverse,6.5,25,0.7
1QLPA,A,160,Y,Reverse,7.8,25,0.21
1QLPA,I,173,V,Reverse,6.5,25,-0.5
1QLPA,L,173,V,Reverse,6.5,25,0.6
1QLPA,F,183,A,Reverse,6.5,25,-1.5
1QLPA,L,183,A,Reverse,6.5,25,-1.4
1QLPA,F,194,W,Reverse,7.8,25,0.47
1QLPA,I,250,A,Reverse,6.5,25,0.4
1QLPA,L,250,A,Reverse,6.5,25,1
1QLPA,V,250,A,Reverse,6.5,25,0.4
1QLPA,L,321,V,Reverse,6.5,25,1.2
1QLPA,I,331,K,Reverse,7.8,25,-0.84
1QLPA,T,331,K,Reverse,7.8,25,0.54
1QLPA,V,331,K,Reverse,7.8,25,-0.89
1QLPA,I,364,V,Reverse,6.5,25,-0.4
1QLPA,R,387,K,Reverse,6.5,25,-1
1QM4A,H,265,R,Reverse,8,25,3.11
1QNDA,S,71,C,Reverse,6.8,20,1.38
1RG8A,Y,21,H,Reverse,7.3,34.5,-0.79
1RG8A,A,62,G,Reverse,6.6,24.9,1.48
1RG8A,N,62,G,Reverse,6.6,24.9,0.97
1RG8A,V,73,L,Reverse,6.6,40,1.46
1RG8A,S,83,C,Reverse,6.6,29.6,1.78
1RG8A,A,93,H,Reverse,6.6,24.9,0.6
1RG8A,G,93,H,Reverse,6.6,28.6,-1.34
1RG8A,N,93,H,Reverse,6.6,24.9,-0.19
1RG8A,Y,102,H,Reverse,7.3,34.5,-0.39
1RG8A,G,103,A,Reverse,6.6,24.9,0.46
1RG8A,Y,108,F,Reverse,7.3,34.5,-0.49
1RG8A,L,109,V,Reverse,6.6,40,0.57
1RG8A,S,117,C,Reverse,6.6,29.6,0.64
1RHGA,A,26,G,Reverse,7,25,-1.93
1RHGA,A,28,G,Reverse,7,25,-2.35
1RHGA,A,33,E,Reverse,5.9,25,-0.31
1RHGA,A,46,E,Reverse,5.9,25,0.32
1RHGA,E,50,L,Reverse,5.9,25,0.19
1RHGA,A,73,G,Reverse,7,25,-0.89
1RHGA,A,81,G,Reverse,7,25,0.76
1RHGA,A,87,G,Reverse,7,25,0.97
1RHGA,A,149,G,Reverse,7,25,-1.38
1RHGA,A,150,G,Reverse,7,25,-1.94
1RISA,A,6,V,Reverse,8,25,2.93
1RISA,Q,22,E,Reverse,8,25,1.12
1RISA,A,26,I,Reverse,8,25,2.84
1RISA,G,35,A,Reverse,8,25,0.77
1RISA,A,37,V,Reverse,8,25,2.55
1RISA,A,52,I,Reverse,8,25,0.36
1RISA,A,65,V,Reverse,8,25,2.89
1RISA,A,85,V,Reverse,8,25,3.02
1RISA,A,88,V,Reverse,8,25,1.68
1RN1C,A,16,V,Reverse,7,25,2.34
1RN1C,C,16,V,Reverse,7,25,4.99
1RN1C,S,16,V,Reverse,7,25,4.68
1RN1C,G,21,A,Reverse,7.4,25,1.1
1RN1C,W,24,Y,Reverse,6,25,-1.24
1RN1C,K,25,Q,Reverse,7,36.8,-0.88
1RN1C,T,40,H,Reverse,6,25,0.26
1RN1C,W,42,Y,Reverse,6,25,0.14
1RN1C,A,44,N,Reverse,7,37.9,1.88
1RN1C,D,44,N,Reverse,6.3,35.8,1.58
1RN1C,S,44,N,Reverse,7,37.9,1.77
1RN1C,W,45,Y,Reverse,6,25,-0.74
1RN1C,F,49,D,Reverse,7,52.7,-0.1
1RN1C,H,49,D,Reverse,6.5,40.7,-1.1
1RN1C,Y,49,D,Reverse,7,52.4,0
1RN1C,A,58,E,Reverse,7,31.5,0.42
1RN1C,Y,59,W,Reverse,6,25,0.93
1RN1C,A,76,D,Reverse,7,15,3.76
1RN1C,N,76,D,Reverse,7,17.2,3.39
1RN1C,S,76,D,Reverse,7,15,3.17
1RN1C,A,78,V,Reverse,7,25,4.08
1RN1C,C,78,V,Reverse,7,25,3.67
1RN1C,C,89,V,Reverse,7,25,3.54
1RN1C,S,89,V,Reverse,7,25,4.87
1RN1C,T,89,V,Reverse,7,25,3.07
1RN1C,A,92,H,Reverse,6,25,0.62
1ROPA,A,30,D,Reverse,7,69,-0.3
1ROPA,C,30,D,Reverse,7,69,-0.8
1ROPA,E,30,D,Reverse,7,69,-1
1ROPA,F,30,D,Reverse,7,69,0.1
1ROPA,G,30,D,Reverse,7,69,-2
1ROPA,H,30,D,Reverse,7,69,-0.9
1ROPA,I,30,D,Reverse,7,69,0.8
1ROPA,K,30,D,Reverse,7,69,-0.9
1ROPA,L,30,D,Reverse,7,69,0.1
1ROPA,M,30,D,Reverse,7,69,-0.6
1ROPA,N,30,D,Reverse,7,69,-0.8
1ROPA,Q,30,D,Reverse,7,69,-1.8
1ROPA,R,30,D,Reverse,7,69,-0.8
1ROPA,S,30,D,Reverse,7,69,-1
1ROPA,T,30,D,Reverse,7,69,0.4
1ROPA,V,30,D,Reverse,7,69,0.4
1ROPA,W,30,D,Reverse,7,69,0.4
1ROPA,Y,30,D,Reverse,7,69,-0.2
1ROPA,A,41,L,Reverse,6,25,3.06
1ROPA,V,41,L,Reverse,6,25,1.26
1RTBA,S,4,A,Reverse,7.1,62,0.45
1RTBA,L,46,F,Reverse,6,24.9,3.21
1RTBA,A,47,V,Reverse,5,40,3.8
1RTBA,A,54,V,Reverse,5,40,2.58
1RTBA,G,54,V,Reverse,5,40,4.87
1RTBA,I,54,V,Reverse,5,40,1.95
1RTBA,L,54,V,Reverse,5,40,1.09
1RTBA,I,57,V,Reverse,5,40,1.3
1RTBA,G,63,V,Reverse,5,40,3.5
1RTBA,G,64,A,Reverse,5,40,0.44
1RTBA,A,81,I,Reverse,5,40,2.99
1RTBA,G,81,I,Reverse,5,40,4.81
1RTBA,V,81,I,Reverse,5,40,0.43
1RTBA,F,97,Y,Reverse,5,63.3,3.54
1RTBA,A,106,I,Reverse,5,40,4.38
1RTBA,L,106,I,Reverse,5,40,1.79
1RTBA,V,106,I,Reverse,5,40,0.8
1RTBA,A,107,I,Reverse,5,40,2.85
1RTBA,L,107,I,Reverse,5,40,2.2
1RTBA,V,107,I,Reverse,5,40,0.08
1RTBA,A,108,V,Reverse,5,40,4.2
1RTBA,I,108,V,Reverse,5,40,0.44
1RTBA,L,108,V,Reverse,5,40,0.7
1RTBA,G,109,A,Reverse,5,40,0.43
1RTBA,A,116,V,Reverse,5,40,0.67
1RTBA,G,116,V,Reverse,5,40,1.18
1RTBA,A,118,V,Reverse,5,40,1.92
1RTBA,G,118,V,Reverse,5,40,2.78
1RTBA,A,119,H,Reverse,5.2,25,-0.35
1RTBA,A,121,D,Reverse,5.2,25,1.95
1RTBA,N,121,D,Reverse,5.2,25,1.71
1RTBA,A,123,S,Reverse,7.1,62,-0.69
1SAKA,A,326,E,Reverse,7,25,0.4
1SAKA,A,328,F,Reverse,7,25,2.36
1SAKA,L,328,F,Reverse,7,25,1.43
1SAKA,A,329,T,Reverse,7,25,1.02
1SAKA,F,330,L,Reverse,7,25,1.8
1SAKA,A,331,Q,Reverse,7,25,0.46
1SAKA,V,332,I,Reverse,7,25,0.99
1SAKA,A,333,R,Reverse,7,25,1.05
1SAKA,A,335,R,Reverse,7,25,0.75
1SAKA,A,336,E,Reverse,7,25,-0.4
1SAKA,A,337,R,Reverse,7,25,2.41
1SAKA,A,338,F,Reverse,7,25,2.03
1SAKA,A,339,E,Reverse,7,25,0.66
1SAKA,A,340,M,Reverse,7,25,1.9
1SAKA,I,340,M,Reverse,7,25,0.38
1SAKA,I,341,F,Reverse,7,25,2.01
1SAKA,L,341,F,Reverse,7,25,0.91
1SAKA,A,342,R,Reverse,7,25,0.38
1SAKA,A,343,E,Reverse,7,25,0.25
1SAKA,F,344,L,Reverse,7,25,1.62
1SAKA,I,344,L,Reverse,7,25,0.41
1SAKA,A,345,N,Reverse,7,25,0.98
1SAKA,A,346,E,Reverse,7,25,0.27
1SAKA,G,347,A,Reverse,7,25,0.97
1SAKA,A,349,E,Reverse,7,25,1.18
1SAKA,A,350,L,Reverse,7,25,0.5
1SAKA,A,351,K,Reverse,7,25,-0.57
1SAKA,A,352,D,Reverse,7,25,0.62
1SHFA,A,107,E,Reverse,8,25,1.27
1SHFA,D,107,E,Reverse,8,25,-0.68
1SHFA,G,107,E,Reverse,8,25,2.29
1SHFA,I,107,E,Reverse,8,25,2.71
1SHFA,Q,107,E,Reverse,8,25,0.74
1SHFA,R,107,E,Reverse,8,25,3.38
1SHFA,S,107,E,Reverse,8,25,1.64
1SHFA,T,107,E,Reverse,8,25,0.6
1SHFA,V,107,E,Reverse,8,25,2
1SHFA,V,111,I,Reverse,7,25,0.63
1SHFA,A,124,S,Reverse,8,25,0.71
1SHFA,I,124,S,Reverse,8,25,1.41
1SHFA,K,124,S,Reverse,8,25,-0.11
1SHFA,R,124,S,Reverse,8,25,0.18
1SHFA,T,124,S,Reverse,8,25,1.65
1SHFA,V,124,S,Reverse,8,25,1.1
1SHFA,Y,124,S,Reverse,8,25,2.27
1SHFA,A,127,T,Reverse,8,25,2.59
1SHFA,A,138,V,Reverse,7,25,2.34
1SHFA,G,138,V,Reverse,7,25,3.65
1SHFA,T,138,V,Reverse,7,25,2.4
1SHGA,G,48,D,Reverse,2.9,24.9,-0.82
1SHGA,Y,52,F,Reverse,7,24.9,-0.44
1SHGA,F,59,K,Reverse,7,24.9,0.92
1SHGA,Y,59,K,Reverse,7,24.9,0.84
1SSOA,V,29,I,Reverse,7,50,0.4
1SUPA,F,50,M,Reverse,8,58.8,-0.48
1SUPA,D,76,N,Reverse,8,58.8,-0.45
1SUPA,A,169,G,Reverse,8,58.8,-0.3
1SUPA,C,206,Q,Reverse,8,58.8,-1.25
1SUPA,K,217,Y,Reverse,8,58.8,-0.72
1SUPA,S,218,N,Reverse,8,58.8,-1.07
1TENA,A,8,I,Reverse,5,25,2.74
1TENA,V,8,I,Reverse,5,25,-0.02
1TENA,A,10,V,Reverse,5,25,1.4
1TENA,G,18,A,Reverse,5,25,2.67
1TENA,A,20,I,Reverse,5,25,3.58
1TENA,V,20,I,Reverse,5,25,0.28
1TENA,A,29,I,Reverse,5,25,1.63
1TENA,V,29,I,Reverse,5,25,0.37
1TENA,A,32,I,Reverse,5,25,3.3
1TENA,V,32,I,Reverse,5,25,0.8
1TENA,A,34,L,Reverse,5,25,4.13
1TENA,A,36,Y,Reverse,5,25,3.96
1TENA,A,48,I,Reverse,5,25,2.4
1TENA,A,50,L,Reverse,5,25,2.88
1TENA,A,57,Y,Reverse,5,25,1.21
1TENA,G,57,Y,Reverse,5,25,4.06
1TENA,A,59,I,Reverse,5,25,1.91
1TENA,V,59,I,Reverse,5,25,0.88
1TENA,A,62,L,Reverse,5,25,3.96
1TENA,S,66,T,Reverse,5,25,1.26
1TENA,F,68,Y,Reverse,5,25,3.09
1TENA,A,70,V,Reverse,5,25,2.69
1TENA,A,72,L,Reverse,5,25,2.81
1TENA,A,74,S,Reverse,5,25,0.27
1TENA,A,81,S,Reverse,5,25,2.58
1TENA,G,84,A,Reverse,5,25,0.92
1TENA,A,86,E,Reverse,5,25,-1.55
1TENA,G,86,E,Reverse,5,25,0.14
1TITA,A,13,V,Reverse,7.4,25,2.15
1TITA,A,23,I,Reverse,7.4,25,2.7
1TITA,A,41,L,Reverse,7.4,25,2.7
1TITA,A,58,L,Reverse,7.4,25,3.23
1TITA,L,73,F,Reverse,7.4,25,3.83
1TPKA,A,65,V,Reverse,4.5,64.3,2
1TPKA,I,65,V,Reverse,4.5,64.3,-0.3
1TPKA,L,65,V,Reverse,4.5,64.3,1.9
1TPKA,M,65,V,Reverse,4.5,64.3,2.2
1TPKA,S,65,V,Reverse,4.5,64.3,2.4
1TPKA,T,65,V,Reverse,4.5,64.3,1
1TTQA,G,18,A,Reverse,7.8,25,2.7
1TTQA,V,18,A,Reverse,7.8,25,2.3
1TTQA,I,22,F,Reverse,7.8,25,4.58
1TTQA,Q,175,Y,Reverse,7.8,25,1.65
1TTQA,V,209,L,Reverse,7.8,25,3.2
1TTQA,V,232,I,Reverse,7.8,25,3.3
1TYVA,R,177,G,Reverse,7.4,88.4,0.7
1TYVA,I,235,T,Reverse,7.4,88.4,0.53
1TYVA,R,244,G,Reverse,7.4,88.4,1.33
1TYVA,K,285,R,Reverse,7.4,88.4,3.43
1TYVA,V,309,E,Reverse,7.4,88.4,0.77
1TYVA,D,323,G,Reverse,7.4,88.4,0.13
1UBQA,E,6,K,Reverse,5,25,-0.53
1UBQA,Q,6,K,Reverse,5,25,-0.26
1UBQA,D,18,E,Reverse,3,25,0.08
1UBQA,Q,27,K,Reverse,5,25,1.91
1UBQA,N,29,K,Reverse,5,25,1.48
1UBQA,Q,29,K,Reverse,5,25,1.67
1UBQA,E,42,R,Reverse,5,25,-1.63
1UBQA,W,45,F,Reverse,5,25,-0.46
1UBQA,E,68,H,Reverse,5,25,-0.77
1UBQA,Q,68,H,Reverse,5,25,-0.55
1UBQA,Q,72,R,Reverse,5,25,0.33
1UZCA,F,11,W,Reverse,5.7,9.9,0.31
1UZCA,A,13,T,Reverse,5.7,9.9,0.99
1UZCA,S,13,T,Reverse,5.7,9.9,-0.1
1UZCA,A,15,E,Reverse,5.7,9.9,0.4
1UZCA,G,15,E,Reverse,5.7,9.9,1.02
1UZCA,G,17,A,Reverse,5.7,9.9,0.7
1UZCA,A,19,Q,Reverse,5.7,9.9,0.08
1UZCA,G,19,Q,Reverse,5.7,9.9,1.23
1UZCA,G,20,A,Reverse,5.7,9.9,2.3
1UZCA,A,24,L,Reverse,5.7,9.9,1.04
1UZCA,A,26,K,Reverse,5.7,9.9,-0.11
1UZCA,G,26,K,Reverse,5.7,9.9,0.74
1UZCA,G,27,E,Reverse,5.7,9.9,1.57
1UZCA,A,30,V,Reverse,5.7,9.9,3.28
1UZCA,A,32,S,Reverse,5.7,9.9,0
1UZCA,G,33,N,Reverse,5.7,9.9,0.42
1UZCA,A,35,S,Reverse,5.7,9.9,1.04
1UZCA,F,36,W,Reverse,5.7,9.9,-0.3
1UZCA,A,38,Q,Reverse,5.7,9.9,0.37
1UZCA,G,39,A,Reverse,5.7,9.9,1.93
1UZCA,A,42,M,Reverse,5.7,9.9,1.37
1UZCA,V,43,I,Reverse,5.7,9.9,1.21
1UZCA,A,44,I,Reverse,5.7,9.9,0.09
1UZCA,G,44,I,Reverse,5.7,9.9,0.4
1UZCA,N,46,D,Reverse,5.7,9.9,2.51
1UZCA,A,49,Y,Reverse,5.7,9.9,2.46
1UZCA,F,49,Y,Reverse,5.7,9.9,0.31
1UZCA,A,50,S,Reverse,5.7,9.9,0.02
1UZCA,G,50,S,Reverse,5.7,9.9,0.02
1UZCA,G,51,A,Reverse,5.7,9.9,1.12
1UZCA,A,52,L,Reverse,5.7,9.9,2.71
1UZCA,G,53,A,Reverse,5.7,9.9,0.3
1UZCA,A,56,S,Reverse,5.7,9.9,0.4
1UZCA,G,56,S,Reverse,5.7,9.9,0.54
1UZCA,A,58,K,Reverse,5.7,9.9,2.1
1UZCA,A,60,Q,Reverse,5.7,9.9,-0.31
1UZCA,G,60,Q,Reverse,5.7,9.9,0.8
1UZCA,G,64,A,Reverse,5.7,9.9,0.94
1UZCA,F,65,Y,Reverse,5.7,9.9,0.72
1UZCA,A,67,V,Reverse,5.7,9.9,-0.51
1UZCA,G,67,V,Reverse,5.7,9.9,0
1VQBA,V,6,I,Reverse,7,25,0.35
1VQBA,T,13,F,Reverse,7,25,0.35
1VQBA,C,19,V,Reverse,7,25,0.15
1VQBA,T,19,V,Reverse,7,25,0.3
1VQBA,V,24,K,Reverse,7,25,-0.4
1VQBA,R,26,Y,Reverse,7,25,0.2
1VQBA,V,28,L,Reverse,7,25,-0.55
1VQBA,F,30,E,Reverse,7,25,-1.02
1VQBA,M,30,E,Reverse,7,25,-0.32
1VQBA,N,30,E,Reverse,7,25,0.55
1VQBA,H,32,L,Reverse,7,25,0.45
1VQBA,R,32,L,Reverse,7,25,0.8
1VQBA,W,32,L,Reverse,7,25,-1.4
1VQBA,Y,32,L,Reverse,7,25,-0.5
1VQBA,A,33,C,Reverse,7,25,0.25
1VQBA,I,33,C,Reverse,7,25,0.45
1VQBA,L,33,C,Reverse,7,25,1.3
1VQBA,M,33,C,Reverse,7,25,1.75
1VQBA,S,33,C,Reverse,7,25,2.12
1VQBA,T,33,C,Reverse,7,25,2.3
1VQBA,V,33,C,Reverse,7,25,0.1
1VQBA,A,35,V,Reverse,7,25,1.02
1VQBA,C,35,V,Reverse,7,25,0.55
1VQBA,F,35,V,Reverse,7,25,1.5
1VQBA,I,35,V,Reverse,7,25,0.32
1VQBA,L,35,V,Reverse,7,25,1.07
1VQBA,M,35,V,Reverse,7,25,0.53
1VQBA,T,35,V,Reverse,7,25,2.65
1VQBA,C,36,D,Reverse,7,25,1.02
1VQBA,N,36,D,Reverse,7,25,0.5
1VQBA,A,37,L,Reverse,7,25,3.85
1VQBA,C,37,L,Reverse,7,25,2.3
1VQBA,I,37,L,Reverse,7,25,0.7
1VQBA,T,37,L,Reverse,7,25,2.6
1VQBA,V,37,L,Reverse,7,25,1.75
1VQBA,C,40,E,Reverse,7,25,0.8
1VQBA,T,40,E,Reverse,7,25,0.2
1VQBA,A,41,Y,Reverse,7,25,0.2
1VQBA,F,41,Y,Reverse,7,25,0.3
1VQBA,C,43,V,Reverse,7,25,1.05
1VQBA,T,43,V,Reverse,7,25,0.8
1VQBA,A,45,V,Reverse,7,25,1.05
1VQBA,C,45,V,Reverse,7,25,0.05
1VQBA,L,45,V,Reverse,7,25,1.5
1VQBA,T,45,V,Reverse,7,25,1.75
1VQBA,A,47,I,Reverse,7,25,3.32
1VQBA,C,47,I,Reverse,7,25,2.33
1VQBA,F,47,I,Reverse,7,25,0.85
1VQBA,L,47,I,Reverse,7,25,0.28
1VQBA,M,47,I,Reverse,7,25,1
1VQBA,T,47,I,Reverse,7,25,3.7
1VQBA,V,47,I,Reverse,7,25,1.18
1VQBA,C,48,T,Reverse,7,25,0.4
1VQBA,V,48,T,Reverse,7,25,0
1VQBA,A,49,L,Reverse,7,25,3.05
1VQBA,C,49,L,Reverse,7,25,2.05
1VQBA,I,49,L,Reverse,7,25,0.95
1VQBA,T,49,L,Reverse,7,25,2.85
1VQBA,V,49,L,Reverse,7,25,1.45
1VQBA,H,50,D,Reverse,7,25,0.77
1VQBA,C,62,T,Reverse,7,25,0.35
1VQBA,V,62,T,Reverse,7,25,-0.65
1VQBA,C,63,V,Reverse,7,25,2.05
1VQBA,T,63,V,Reverse,7,25,2.5
1VQBA,C,64,H,Reverse,7,25,-0.25
1VQBA,C,67,S,Reverse,7,25,1.85
1VQBA,T,67,S,Reverse,7,25,0.8
1VQBA,L,68,F,Reverse,7,25,2.12
1VQBA,V,68,F,Reverse,7,25,2.5
1VQBA,H,69,K,Reverse,7,25,0.62
1VQBA,M,69,K,Reverse,7,25,-0.08
1VQBA,C,70,V,Reverse,7,25,1.6
1VQBA,T,70,V,Reverse,7,25,1.75
1VQBA,W,73,F,Reverse,7,25,-0.4
1VQBA,A,77,M,Reverse,7,25,1.05
1VQBA,C,77,M,Reverse,7,25,0
1VQBA,F,77,M,Reverse,7,25,0.1
1VQBA,I,77,M,Reverse,7,25,-0.8
1VQBA,L,77,M,Reverse,7,25,0.6
1VQBA,T,77,M,Reverse,7,25,0.4
1VQBA,V,77,M,Reverse,7,25,-0.6
1VQBA,C,78,I,Reverse,7,25,2.2
1VQBA,T,78,I,Reverse,7,25,3.3
1VQBA,V,78,I,Reverse,7,25,0.65
1VQBA,C,81,L,Reverse,7,25,1.85
1VQBA,T,81,L,Reverse,7,25,2.55
1VQBA,V,81,L,Reverse,7,25,0.1
1VQBA,C,82,R,Reverse,7,25,0.75
1VQBA,T,86,A,Reverse,7,25,0.35
1VQBA,V,86,A,Reverse,7,25,-0.25
1WITA,F,73,Y,Reverse,7,20,2.15
1WQ5A,L,22,F,Reverse,7.8,25,-1.4
1WQ5A,A,37,I,Reverse,7.8,25,4.42
1WQ5A,A,49,E,Reverse,7.8,25,-0.41
1WQ5A,C,49,E,Reverse,7.8,25,-1.33
1WQ5A,D,49,E,Reverse,7.8,25,-0.07
1WQ5A,F,49,E,Reverse,7.8,25,-1.15
1WQ5A,G,49,E,Reverse,7.8,25,0.03
1WQ5A,H,49,E,Reverse,7.8,25,-1.51
1WQ5A,I,49,E,Reverse,7.8,25,-3.79
1WQ5A,K,49,E,Reverse,7.8,25,-0.42
1WQ5A,L,49,E,Reverse,7.8,25,-3.67
1WQ5A,M,49,E,Reverse,7.4,25.1,-3.13
1WQ5A,N,49,E,Reverse,7.8,25,0.05
1WQ5A,Q,49,E,Reverse,7.3,25.1,0.58
1WQ5A,S,49,E,Reverse,7.4,25,0.01
1WQ5A,T,49,E,Reverse,7.8,25,-0.16
1WQ5A,V,49,E,Reverse,7.4,25,-2.43
1WQ5A,W,49,E,Reverse,7.8,25,0.02
1WQ5A,Y,49,E,Reverse,7.4,25,-0.41
1WQ5A,A,50,L,Reverse,7.8,25,2.99
1WQ5A,A,81,C,Reverse,9,50,0.69
1WQ5A,G,81,C,Reverse,9,50,1.58
1WQ5A,S,81,C,Reverse,9,50,1.41
1WQ5A,V,81,C,Reverse,9,50,1.32
1WQ5A,A,99,L,Reverse,7.8,25,4.07
1WQ5A,A,118,C,Reverse,9,50,1.36
1WQ5A,S,118,C,Reverse,9,50,2.27
1WQ5A,V,118,C,Reverse,9,50,1.34
1WQ5A,A,127,L,Reverse,7.8,25,1.28
1WQ5A,W,139,F,Reverse,7.8,23,0.64
1WQ5A,A,154,C,Reverse,9,50,1.03
1WQ5A,S,154,C,Reverse,9,50,1.72
1WQ5A,V,154,C,Reverse,9,50,1.12
1WQ5A,C,175,Y,Reverse,7.8,25,0.6
1WQ5A,A,176,L,Reverse,7.8,25,4.01
1WQ5A,D,211,G,Reverse,7.8,25,0.8
1WQ5A,E,211,G,Reverse,7.8,33.2,-1.1
1WQ5A,R,211,G,Reverse,7.8,50.4,0.12
1WQ5A,S,211,G,Reverse,7.8,25,0.15
1WQ5A,V,211,G,Reverse,7.8,25,-1.05
1WQ5A,W,211,G,Reverse,7.8,25,1.95
1WQ5A,D,234,G,Reverse,7.8,25,-3.4
1WQ5A,K,234,G,Reverse,7.8,25,-0.2
1WQ5A,W,258,F,Reverse,7.8,23,1.17
1YU5X,Y,41,H,Reverse,5.6,25,-1.11
1YYJA,M,7,W,Reverse,5,25,0.85
1YYJA,A,10,L,Reverse,5,25,1.86
1YYJA,A,14,L,Reverse,5,25,1.92
1YYJA,A,15,K,Reverse,5,25,0.2
1YYJA,A,17,I,Reverse,5,25,1.3
1YYJA,A,18,E,Reverse,5,25,-1.3
1YYJA,G,23,A,Reverse,5,25,2.38
1YYJA,A,27,K,Reverse,5,25,0.17
1YYJA,G,27,K,Reverse,5,25,1
1YYJA,A,30,L,Reverse,5,25,2.83
1YYJA,A,33,M,Reverse,5,25,2.97
1YYJA,A,34,R,Reverse,5,25,2.25
1YYJA,G,34,R,Reverse,5,25,3.26
1YYJA,G,36,A,Reverse,5,25,2.61
1YYJA,G,37,A,Reverse,5,25,4.15
1YYJA,G,38,L,Reverse,5,25,1.44
1YYJA,G,40,A,Reverse,5,25,1.41
1YYJA,A,48,L,Reverse,5,25,3.73
1YYJA,G,51,K,Reverse,5,25,1.32
1YYJA,A,58,M,Reverse,5,25,2.91
1YYJA,A,68,L,Reverse,5,25,3.88
1YYJA,G,69,V,Reverse,5,25,3.61
1YYJA,A,72,I,Reverse,5,25,4.79
1YYJA,A,73,D,Reverse,5,25,1.57
1YYJA,A,76,L,Reverse,5,25,3.48
1YYJA,A,84,V,Reverse,5,25,3.42
1YYJA,G,87,A,Reverse,5,25,3.2
1YYJA,G,90,A,Reverse,5,25,2.34
1YYJA,G,91,A,Reverse,5,25,1.6
1YYJA,A,94,L,Reverse,5,25,1.5
1YYJA,A,98,I,Reverse,5,25,3.48
1YYJA,A,101,Y,Reverse,5,25,-0.52
1ZG4A,S,77,C,Reverse,7,25,3.36
1ZNJB,D,9,S,Reverse,8,25,-0.06
1ZNJB,D,10,H,Reverse,7.2,24,-0.76
1ZNJB,H,25,F,Reverse,8,25,-0.75
1ZNJB,T,26,Y,Reverse,8,25,0.22
1ZNJB,G,29,K,Reverse,7.5,23,0.05
2A36A,D,22,T,Reverse,6,25,-1.5
2A36A,G,22,T,Reverse,6,20.1,-3.59
2A36A,K,22,T,Reverse,6,25,0
2A36A,S,22,T,Reverse,6,25,-0.6
2ABDA,A,5,F,Reverse,5.3,5,2.61
2ABDA,G,9,A,Reverse,5.3,5,1.88
2ABDA,A,12,V,Reverse,5.3,5,1.54
2ABDA,A,15,L,Reverse,5.3,5,3.28
2ABDA,A,21,D,Reverse,5.3,5,-0.03
2ABDA,H,21,D,Reverse,5.3,5,0.56
2ABDA,A,25,L,Reverse,5.3,5,1.6
2ABDA,A,26,F,Reverse,5.3,5,1.79
2ABDA,A,28,Y,Reverse,5.3,5,2.74
2ABDA,F,28,Y,Reverse,5.3,5,1.23
2ABDA,N,28,Y,Reverse,5.3,5,2.48
2ABDA,N,31,Y,Reverse,5.3,5,1.86
2ABDA,A,32,K,Reverse,5.3,5,1.34
2ABDA,E,32,K,Reverse,5.3,5,1.48
2ABDA,R,32,K,Reverse,5.3,5,1.83
2ABDA,A,33,Q,Reverse,5.3,5,3.64
2ABDA,G,34,A,Reverse,5.3,5,1.33
2ABDA,A,35,T,Reverse,5.3,5,1.47
2ABDA,A,39,I,Reverse,5.3,5,1.05
2ABDA,M,52,K,Reverse,5.3,5,-0.24
2ABDA,A,54,K,Reverse,5.3,5,0.97
2ABDA,M,54,K,Reverse,5.3,5,-0.1
2ABDA,A,67,E,Reverse,5.3,5,0.6
2ABDA,G,69,A,Reverse,5.3,5,2.28
2ABDA,A,73,Y,Reverse,5.3,5,4.77
2ABDA,F,73,Y,Reverse,5.3,5,-0.29
2ABDA,A,74,I,Reverse,5.3,5,1.7
2ABDA,A,77,V,Reverse,5.3,5,1.57
2ABDA,A,80,L,Reverse,5.3,5,4.15
2CI2I,A,21,K,Reverse,6.2,25,0.79
2CI2I,M,21,K,Reverse,6.2,25,0.7
2CI2I,A,22,T,Reverse,6.3,35.7,0.93
2CI2I,G,22,T,Reverse,6.3,25,1.07
2CI2I,V,22,T,Reverse,6.3,25,0.76
2CI2I,A,26,E,Reverse,6.2,25,0.75
2CI2I,Q,26,E,Reverse,6.2,25,0.6
2CI2I,A,27,L,Reverse,5.7,33.7,2.44
2CI2I,A,30,K,Reverse,6.2,25,0.39
2CI2I,A,31,S,Reverse,5.8,31.2,0.96
2CI2I,G,31,S,Reverse,5.7,25,0.49
2CI2I,D,33,E,Reverse,6.2,25,0.65
2CI2I,N,33,E,Reverse,6.3,32.2,0.55
2CI2I,Q,33,E,Reverse,6.2,25,0.39
2CI2I,D,34,E,Reverse,6.2,25,0.19
2CI2I,N,34,E,Reverse,6.2,25,0.58
2CI2I,Q,34,E,Reverse,6.2,25,0.58
2CI2I,G,35,A,Reverse,6.2,25,1.25
2CI2I,A,36,K,Reverse,6.3,35.8,0.7
2CI2I,G,36,K,Reverse,6.2,25,2.16
2CI2I,A,37,K,Reverse,6.3,35.8,0.18
2CI2I,G,37,K,Reverse,6.3,35.8,1.18
2CI2I,A,38,V,Reverse,5.8,31.2,0.31
2CI2I,L,39,I,Reverse,7,30,1.96
2CI2I,V,39,I,Reverse,5.8,30.3,1.16
2CI2I,A,40,L,Reverse,6.2,25,1.27
2CI2I,G,40,L,Reverse,6.2,25,1.73
2CI2I,A,41,Q,Reverse,6.2,25,0.28
2CI2I,G,41,Q,Reverse,6.2,25,0.76
2CI2I,A,42,D,Reverse,6.2,25,1
2CI2I,A,43,K,Reverse,5.9,39.8,0.82
2CI2I,G,43,K,Reverse,6.2,25,3.34
2CI2I,A,45,E,Reverse,5.8,37.2,0.64
2CI2I,A,48,I,Reverse,5.3,25,3.68
2CI2I,V,48,I,Reverse,5.7,33.4,0.97
2CI2I,A,49,I,Reverse,6.3,35.7,1.05
2CI2I,G,49,I,Reverse,6.3,25,3.23
2CI2I,T,49,I,Reverse,6.3,25,1.21
2CI2I,V,49,I,Reverse,6.3,35.7,0.1
2CI2I,A,51,L,Reverse,6.3,35.8,2.16
2CI2I,I,51,L,Reverse,6.2,25,0.63
2CI2I,V,51,L,Reverse,6.3,35.8,0.67
2CI2I,A,53,V,Reverse,6.3,35.7,0.88
2CI2I,G,53,V,Reverse,6.3,25,2.26
2CI2I,T,53,V,Reverse,6.3,35.7,1.31
2CI2I,A,55,T,Reverse,6.2,25,0.59
2CI2I,S,55,T,Reverse,6.2,25,0.5
2CI2I,V,55,T,Reverse,6.2,25,1.16
2CI2I,A,56,I,Reverse,6.2,25,0.65
2CI2I,A,57,V,Reverse,6.2,25,1.07
2CI2I,A,58,T,Reverse,6.3,25,0.69
2CI2I,D,58,T,Reverse,6.3,25,0
2CI2I,A,60,E,Reverse,6.3,25,0.89
2CI2I,A,62,R,Reverse,6.2,25,0.8
2CI2I,A,64,D,Reverse,6.2,25,0.91
2CI2I,A,66,V,Reverse,5.3,25,4.92
2CI2I,A,67,R,Reverse,7,30.1,1.21
2CI2I,A,68,L,Reverse,5.3,25,3.7
2CI2I,A,69,F,Reverse,6.2,25,3.53
2CI2I,L,69,F,Reverse,6.3,35.8,2.05
2CI2I,V,69,F,Reverse,6.2,25,1.9
2CI2I,A,70,V,Reverse,5.7,33.7,1.74
2CI2I,A,71,D,Reverse,6.2,25,3.28
2CI2I,N,72,K,Reverse,6.2,25,0.61
2CI2I,A,75,N,Reverse,6.2,25,1.02
2CI2I,D,75,N,Reverse,6.2,25,1.36
2CI2I,A,76,I,Reverse,4.8,25,4.21
2CI2I,V,76,I,Reverse,5.7,33.7,-0.1
2CI2I,G,77,A,Reverse,6.3,25,1.42
2CI2I,A,79,V,Reverse,6.3,25,1.46
2CI2I,G,79,V,Reverse,6.3,25,2.38
2CI2I,T,79,V,Reverse,6.3,25,0.89
2CI2I,A,82,V,Reverse,6.3,25,1.36
2CI2I,G,82,V,Reverse,6.3,25,3.24
2CI2I,T,82,V,Reverse,6.3,25,1.33
2DRIA,T,27,A,Reverse,7.7,25,3.3
2H61A,A,3,L,Reverse,7.2,25,0.64
2H61A,S,3,L,Reverse,7.2,25,1.25
2H61A,A,7,M,Reverse,7.2,25,2
2H61A,A,11,I,Reverse,7.2,25,1.65
2H61A,A,14,F,Reverse,7.2,25,2.85
2HPRA,D,46,S,Reverse,7,54.2,-0.72
2IMMA,I,21,M,Reverse,7.4,20,-0.24
2IMMA,Y,32,F,Reverse,7.4,20,-0.38
2IMMA,S,63,T,Reverse,7.4,20,-0.29
2IMMA,Q,90,N,Reverse,7.4,20,-1.05
2IMMA,G,100,A,Reverse,7.4,20,-0.02
2LZMA,A,3,I,Reverse,5.4,59.3,0.79
2LZMA,C,3,I,Reverse,5.4,59.3,-0.07
2LZMA,D,3,I,Reverse,5.4,59.3,2.87
2LZMA,E,3,I,Reverse,4,53,1.72
2LZMA,F,3,I,Reverse,4,53,1.02
2LZMA,G,3,I,Reverse,5.4,59.3,2.03
2LZMA,L,3,I,Reverse,4.2,56.2,-0.77
2LZMA,M,3,I,Reverse,5.4,59.3,0.76
2LZMA,S,3,I,Reverse,5.4,59.3,1.75
2LZMA,T,3,I,Reverse,4,53,2.15
2LZMA,V,3,I,Reverse,5.4,59.3,0.45
2LZMA,W,3,I,Reverse,6.5,64.7,2.8
2LZMA,Y,3,I,Reverse,5.4,59.3,2.39
2LZMA,I,6,M,Reverse,6.5,43.5,3.1
2LZMA,A,11,E,Reverse,5.4,66.5,-1.1
2LZMA,F,11,E,Reverse,5.4,66.5,-1.7
2LZMA,M,11,E,Reverse,5.4,66.5,-1.6
2LZMA,E,16,K,Reverse,4.4,61.2,-0.15
2LZMA,G,25,Y,Reverse,7,22,4.55
2LZMA,A,30,G,Reverse,5.4,66.5,-0.1
2LZMA,F,30,G,Reverse,5.4,66.5,1.5
2LZMA,A,38,S,Reverse,3,53.4,0.77
2LZMA,D,38,S,Reverse,5.7,50.1,0.01
2LZMA,V,41,A,Reverse,3.9,57,-0.37
2LZMA,A,44,S,Reverse,2.5,47.8,-0.44
2LZMA,T,54,C,Reverse,6.2,67.6,-0.87
2LZMA,V,54,C,Reverse,6.5,70,0.7
2LZMA,G,55,N,Reverse,5.4,59.3,0.58
2LZMA,H,60,K,Reverse,5.4,54.9,0.26
2LZMA,A,68,N,Reverse,2.5,47.8,-0.05
2LZMA,A,77,G,Reverse,5.9,48.4,0.2
2LZMA,H,83,K,Reverse,5.4,54.9,0.42
2LZMA,H,90,S,Reverse,5.5,59,1.09
2LZMA,H,96,R,Reverse,5.6,63.6,2.91
2LZMA,T,98,A,Reverse,7,22,3.83
2LZMA,V,98,A,Reverse,5.7,27.8,4.98
2LZMA,V,102,M,Reverse,3,47,3
2LZMA,A,103,V,Reverse,7,22,1.91
2LZMA,A,105,Q,Reverse,4.8,59.8,0.68
2LZMA,E,105,Q,Reverse,4.8,59.8,0.94
2LZMA,G,105,Q,Reverse,5.9,41.7,2.3
2LZMA,A,113,G,Reverse,4,53.3,-0.39
2LZMA,E,115,T,Reverse,5,60.8,-0.03
2LZMA,D,116,N,Reverse,4.6,60.9,-0.47
2LZMA,F,117,S,Reverse,5.4,66.5,-1.1
2LZMA,I,117,S,Reverse,5.4,66.5,-1.7
2LZMA,V,117,S,Reverse,5.4,66.5,-2
2LZMA,E,119,R,Reverse,4.8,46.9,0.06
2LZMA,M,119,R,Reverse,4.8,59.8,0
2LZMA,E,123,Q,Reverse,5.5,61.9,-0.27
2LZMA,G,124,K,Reverse,5.4,59.3,0.08
2LZMA,A,128,E,Reverse,2,40.8,-0.16
2LZMA,K,128,E,Reverse,3,47,1.16
2LZMA,V,129,A,Reverse,2.5,47.7,0.74
2LZMA,A,131,V,Reverse,3.4,53.2,-0.3
2LZMA,D,131,V,Reverse,3,53.1,-0.08
2LZMA,E,131,V,Reverse,3,53.1,-0.2
2LZMA,G,131,V,Reverse,3,53.1,0.68
2LZMA,I,131,V,Reverse,3,53.1,-0.16
2LZMA,L,131,V,Reverse,3,53.1,-0.09
2LZMA,M,131,V,Reverse,3,53.1,-0.12
2LZMA,S,131,V,Reverse,3,53.1,0.05
2LZMA,T,131,V,Reverse,2.7,49.7,0.09
2LZMA,F,132,N,Reverse,5.4,66.5,-1.3
2LZMA,I,132,N,Reverse,5.4,66.5,-1.2
2LZMA,M,132,N,Reverse,5.4,66.5,-1.5
2LZMA,A,133,L,Reverse,2,40.8,4.19
2LZMA,F,133,L,Reverse,2.5,47.7,0.26
2LZMA,E,135,K,Reverse,4.8,46.9,0.83
2LZMA,Y,138,W,Reverse,6,26.4,2.62
2LZMA,D,144,N,Reverse,5.2,61.2,-0.39
2LZMA,E,144,N,Reverse,5.5,61.9,-0.46
2LZMA,T,146,A,Reverse,6.1,44.5,2.25
2LZMA,V,146,A,Reverse,7,22,4.31
2LZMA,E,147,K,Reverse,4.8,46.9,0.53
2LZMA,A,149,V,Reverse,7,22,2.87
2LZMA,C,149,V,Reverse,3,40,2.2
2LZMA,S,152,T,Reverse,3,40,2.6
2LZMA,E,154,R,Reverse,4.4,61.2,0.65
2LZMA,D,156,G,Reverse,6.2,41.6,3.03
2LZMA,A,157,T,Reverse,2.5,46.3,0.9
2LZMA,C,157,T,Reverse,2,42,1.3
2LZMA,D,157,T,Reverse,6,26.1,2.12
2LZMA,E,157,T,Reverse,2.5,46.3,1.22
2LZMA,F,157,T,Reverse,6,26.1,3.73
2LZMA,G,157,T,Reverse,2,42,1.1
2LZMA,H,157,T,Reverse,2,42,2.1
2LZMA,I,157,T,Reverse,3.8,54.6,1.79
2LZMA,L,157,T,Reverse,2.5,46.3,1.63
2LZMA,N,157,T,Reverse,2.5,46.3,0.99
2LZMA,R,157,T,Reverse,2.5,46.3,0.54
2LZMA,S,157,T,Reverse,2,42,0.66
2LZMA,V,157,T,Reverse,2.5,46.3,1.49
2LZMA,T,160,A,Reverse,6.5,43.5,3.12
2NVHA,A,6,L,Reverse,6.5,25,2.13
2NVHA,G,7,N,Reverse,6.5,25,1.91
2NVHA,A,8,C,Reverse,6.5,25,2.02
2NVHA,A,9,T,Reverse,6.5,25,1.45
2NVHA,G,9,T,Reverse,6.5,25,2.91
2NVHA,L,9,T,Reverse,6.5,25,1.9
2NVHA,Q,9,T,Reverse,6.5,25,2.53
2NVHA,A,10,L,Reverse,6.5,25,3.9
2NVHA,G,97,K,Reverse,6.5,25,1.65
2NVHA,R,97,K,Reverse,6.5,25,1.8
2NVHA,V,97,K,Reverse,6.5,25,-1.15
2OCJA,H,175,R,Reverse,7.2,10,3.47
2OCJA,S,242,C,Reverse,7.2,10,3.3
2OCJA,Q,248,R,Reverse,7.2,10,2.03
2OCJA,S,249,R,Reverse,7.2,10,1.81
2OCJA,H,273,R,Reverse,7.2,10,0.13
2RN2A,A,10,D,Reverse,6.8,48.1,-3.4
2RN2A,E,10,D,Reverse,6.8,48.1,-1.04
2RN2A,H,10,D,Reverse,6.8,48.1,-1.65
2RN2A,N,10,D,Reverse,6.8,48.1,-0.99
2RN2A,S,10,D,Reverse,6.8,48.1,-1.95
2RN2A,A,23,G,Reverse,4.6,51.9,-0.57
2RN2A,V,24,A,Reverse,4.6,51.8,-0.83
2RN2A,C,41,R,Reverse,4.6,51.8,-0.33
2RN2A,A,48,E,Reverse,6.8,48.1,0.23
2RN2A,D,48,E,Reverse,6.8,48.1,0.05
2RN2A,Q,48,E,Reverse,6.8,48.1,-0.15
2RN2A,C,52,A,Reverse,3.2,53,-0.8
2RN2A,D,52,A,Reverse,3.2,53,1.9
2RN2A,E,52,A,Reverse,3.2,53,1.5
2RN2A,F,52,A,Reverse,3.2,53,0.5
2RN2A,G,52,A,Reverse,3.2,53,2.7
2RN2A,H,52,A,Reverse,3.2,53,3.6
2RN2A,I,52,A,Reverse,3.2,53,-1.9
2RN2A,L,52,A,Reverse,3.2,53,-1.3
2RN2A,M,52,A,Reverse,3.2,53,-0.5
2RN2A,N,52,A,Reverse,3.2,53,1.8
2RN2A,Q,52,A,Reverse,3.2,53,1.2
2RN2A,S,52,A,Reverse,3.2,53,1.8
2RN2A,T,52,A,Reverse,3.2,53,0.8
2RN2A,V,52,A,Reverse,3.1,51.6,-1.7
2RN2A,Y,52,A,Reverse,3.2,53,2.3
2RN2A,D,53,I,Reverse,5.5,25,3.1
2RN2A,F,53,I,Reverse,5.5,25,3.9
2RN2A,L,53,I,Reverse,5.5,25,1.4
2RN2A,V,53,I,Reverse,5.5,25,0.2
2RN2A,D,62,H,Reverse,4.6,51.8,-0.13
2RN2A,R,62,H,Reverse,4.6,51.8,-0.22
2RN2A,A,68,S,Reverse,4.6,34,0.2
2RN2A,G,68,S,Reverse,4.6,34,2.17
2RN2A,L,68,S,Reverse,4.6,34,0.82
2RN2A,T,68,S,Reverse,4.6,34,0.01
2RN2A,V,68,S,Reverse,4.6,34,-0.7
2RN2A,A,70,D,Reverse,6.8,48.1,-0.65
2RN2A,E,70,D,Reverse,6.8,48.1,-0.25
2RN2A,N,70,D,Reverse,6.8,48.1,-0.89
2RN2A,A,74,V,Reverse,4.6,51.2,2.98
2RN2A,I,74,V,Reverse,4.6,51.2,-0.64
2RN2A,L,74,V,Reverse,4.6,51.6,-0.97
2RN2A,L,76,Q,Reverse,3,50.1,-0.24
2RN2A,A,77,G,Reverse,3,49.8,0.9
2RN2A,L,80,Q,Reverse,3,50.1,-0.3
2RN2A,R,91,K,Reverse,4.6,49.8,-0.07
2RN2A,E,94,D,Reverse,4.6,49.8,0.4
2RN2A,A,95,K,Reverse,4.6,49.8,-0.1
2RN2A,G,95,K,Reverse,4.6,49.8,-1.83
2RN2A,N,95,K,Reverse,4.6,50.8,-0.89
2RN2A,A,114,H,Reverse,5.5,25,1.87
2RN2A,R,117,K,Reverse,4.6,51.8,0
2RN2A,V,119,E,Reverse,4.6,51.8,-0.51
2RN2A,A,124,H,Reverse,6.4,25,-0.17
2RN2A,T,125,A,Reverse,4.6,51.2,-0.04
2RN2A,A,127,H,Reverse,6.4,25,0.32
2RN2A,A,134,D,Reverse,5.7,50.1,-1.42
2RN2A,E,134,D,Reverse,4.6,52,-0.81
2RN2A,H,134,D,Reverse,4.6,52,-1.42
2RN2A,I,134,D,Reverse,4.6,52,-1.07
2RN2A,L,134,D,Reverse,4.6,52,-1.38
2RN2A,N,134,D,Reverse,5.7,50.1,-0.81
2RN2A,Q,134,D,Reverse,4.6,52,-1.02
2RN2A,S,134,D,Reverse,4.6,52,-0.79
2RN2A,T,134,D,Reverse,4.6,52,-0.74
2RN2A,V,134,D,Reverse,4.6,52,-0.83
2RN2A,K,135,E,Reverse,4.6,51.8,0.53
2TRTA,E,128,R,Reverse,7.5,22,-0.31
2TRXA,A,26,D,Reverse,7.7,25,-4.2
2TRXA,A,32,C,Reverse,7,25,3.5
2TRXA,A,35,C,Reverse,7,25,3.03
2TRXA,V,77,T,Reverse,7,25,0.72
2TRXA,K,78,L,Reverse,7,85.3,1.95
2TRXA,R,78,L,Reverse,7,85.3,2
2TS1A,L,52,I,Reverse,7.8,25,-0.1
2TS1A,V,105,L,Reverse,7.8,25,3.15
3ECAA,A,12,T,Reverse,7.4,25,0
3ECAA,S,12,T,Reverse,7.4,25,0.24
3ECAA,A,119,T,Reverse,7.4,25,0
3ECAA,A,122,S,Reverse,7.4,25,-0.96
3GLYA,A,137,G,Reverse,4.5,30,0.31
3GLYA,A,251,G,Reverse,4.5,30,0.14
3HHRA,A,71,S,Reverse,8,20,1.12
3HHRA,Q,71,S,Reverse,8,20,1.37
3HHRA,T,71,S,Reverse,8,20,0.2
3HHRA,V,71,S,Reverse,8,20,1.26
3HHRA,A,74,E,Reverse,8,20,0.95
3HHRA,D,74,E,Reverse,8,20,1.26
3HHRA,L,74,E,Reverse,8,20,1.01
3HHRA,Q,74,E,Reverse,8,20,0.71
3HHRA,S,74,E,Reverse,8,20,1.01
3HHRA,T,74,E,Reverse,8,20,1.13
3MBPA,G,8,V,Reverse,7.6,25,-0.38
3MBPA,C,19,G,Reverse,7.6,25,2.15
3MBPA,N,55,D,Reverse,7.6,25,-0.69
3MBPA,G,276,A,Reverse,7.6,25,1.1
3MBPA,D,283,Y,Reverse,7.6,25,2.3
3MBPA,I,345,T,Reverse,7.6,25,-0.17
3PGKA,F,308,W,Reverse,7.5,25,2.46
3PGKA,Y,308,W,Reverse,7.5,23.6,1.06
3PGKA,F,333,W,Reverse,7.5,24.1,1.88
3PGKA,Y,333,W,Reverse,7.5,25,1.13
3PGKA,W,399,L,Reverse,7.5,25,2.56
3SILA,V,69,A,Reverse,7,25,-0.45
3SSIA,A,13,V,Reverse,8,82.2,3.42
3SSIA,F,13,V,Reverse,8,82.2,2.78
3SSIA,G,13,V,Reverse,8,82.2,4.96
3SSIA,I,13,V,Reverse,8,82.2,0.44
3SSIA,L,13,V,Reverse,8,82.2,1.17
3SSIA,M,13,V,Reverse,8,82.2,2.86
3SSIA,A,73,M,Reverse,6.9,53.4,-0.21
3SSIA,D,73,M,Reverse,6.9,53.4,-0.69
3SSIA,E,73,M,Reverse,6.9,53.4,-0.37
3SSIA,G,73,M,Reverse,6.9,53.4,0.11
3SSIA,I,73,M,Reverse,6.9,53.4,0.5
3SSIA,K,73,M,Reverse,6.9,53.4,-0.23
3SSIA,L,73,M,Reverse,6.9,53.4,0.16
3SSIA,V,73,M,Reverse,6.9,53.4,0.35
3SSIA,A,103,M,Reverse,6.9,75.5,1.13
3SSIA,G,103,M,Reverse,8,81.6,3.46
3SSIA,I,103,M,Reverse,6.9,75.5,1.01
3SSIA,L,103,M,Reverse,6.9,75.5,-0.08
3SSIA,V,103,M,Reverse,6.9,75.5,0.93
4LYZA,Y,3,F,Reverse,6.4,74,0.45
4LYZA,F,12,M,Reverse,2.7,66,-0.28
4LYZA,L,12,M,Reverse,2.7,66,0.57
4LYZA,L,15,H,Reverse,6.4,74,-0.76
4LYZA,K,19,N,Reverse,6.4,74,1.06
4LYZA,Q,21,R,Reverse,6.4,74,0.15
4LYZA,I,31,A,Reverse,6.4,74,-1.4
4LYZA,L,31,A,Reverse,6.4,74,-1.8
4LYZA,V,31,A,Reverse,6.4,74,-1.2
4LYZA,Y,34,F,Reverse,6.4,74,-0.19
4LYZA,H,35,E,Reverse,4.6,35,2.45
4LYZA,Q,35,E,Reverse,4.6,35,0.64
4LYZA,I,40,T,Reverse,6.4,74,2.2
4LYZA,S,40,T,Reverse,6.4,74,0.27
4LYZA,D,46,N,Reverse,4.6,35,0.44
4LYZA,A,49,G,Reverse,4.2,48.8,1.91
4LYZA,N,49,G,Reverse,9.5,20,0.96
4LYZA,A,55,I,Reverse,6.4,74,4.4
4LYZA,F,55,I,Reverse,6.4,74,2.46
4LYZA,L,55,I,Reverse,6.4,74,0.45
4LYZA,M,55,I,Reverse,6.4,74,2.27
4LYZA,T,55,I,Reverse,5.8,52.5,4.12
4LYZA,V,55,I,Reverse,6.4,74,0.91
4LYZA,M,58,I,Reverse,5.5,35,1.18
4LYZA,A,67,G,Reverse,4.2,48.8,1.19
4LYZA,K,68,R,Reverse,6.4,74,0.04
4LYZA,A,71,G,Reverse,2.7,65.6,0.38
4LYZA,K,73,R,Reverse,6.4,74,-0.23
4LYZA,H,77,N,Reverse,6.4,74,0.38
4LYZA,M,78,I,Reverse,5.5,35,0.9
4LYZA,A,91,S,Reverse,6.4,74,0.15
4LYZA,D,91,S,Reverse,6.4,74,2.31
4LYZA,T,91,S,Reverse,6.4,74,-0.99
4LYZA,V,91,S,Reverse,6.4,74,0.08
4LYZA,Y,91,S,Reverse,6.4,74,3.07
4LYZA,A,94,C,Reverse,9.5,20,4.78
4LYZA,M,98,I,Reverse,5.5,35,0.9
4LYZA,A,101,D,Reverse,6.4,74,-0.76
4LYZA,E,101,D,Reverse,6.4,74,0
4LYZA,F,101,D,Reverse,6.4,74,-0.72
4LYZA,G,101,D,Reverse,6.4,74,-0.45
4LYZA,K,101,D,Reverse,6.4,74,-0.19
4LYZA,N,101,D,Reverse,6.4,74,-0.04
4LYZA,Q,101,D,Reverse,6.4,74,0.08
4LYZA,R,101,D,Reverse,6.4,74,-0.27
4LYZA,S,101,D,Reverse,6.4,74,-0.87
4LYZA,A,102,G,Reverse,2.7,65.6,-0.02
4LYZA,R,102,G,Reverse,6.4,74,-0.38
4LYZA,V,102,G,Reverse,6.4,74,0.04
4LYZA,D,103,N,Reverse,9.5,20,-0.24
4LYZA,T,105,M,Reverse,9.5,20,0.24
4LYZA,Q,108,W,Reverse,4.6,35,3.95
4LYZA,Y,108,W,Reverse,4.6,35,1.92
4LYZA,H,114,R,Reverse,6.4,74,-0.68
4LYZA,A,117,G,Reverse,2.7,65.6,1.46
4LYZA,H,121,Q,Reverse,6.4,74,0.45
5CROA,L,16,Q,Reverse,3,45,-1.4
5CROA,C,26,Y,Reverse,5.8,45,-1.1
5CROA,D,26,Y,Reverse,7,45,-1.35
5CROA,F,26,Y,Reverse,7,45,-0.2
5CROA,H,26,Y,Reverse,7,45,-0.95
5CROA,L,26,Y,Reverse,7,45,-0.55
5CROA,Q,26,Y,Reverse,7,45,-0.7
5CROA,V,26,Y,Reverse,7,45,-0.45
5CROA,W,26,Y,Reverse,7,45,0.05
5CROA,S,36,A,Reverse,3,45,-0.2
5DFRA,A,15,G,Reverse,7.8,15,-0.44
5DFRA,L,22,W,Reverse,7.8,15,0.31
5DFRA,V,24,L,Reverse,7.8,15,1.29
5DFRA,N,27,D,Reverse,7.8,15,-1.21
5DFRA,R,28,L,Reverse,7.8,15,-1.08
5DFRA,A,30,W,Reverse,7.8,15,2.03
5DFRA,E,30,W,Reverse,7.8,15,2.42
5DFRA,H,30,W,Reverse,7.8,15,2.44
5DFRA,N,30,W,Reverse,7.8,15,2.07
5DFRA,R,30,W,Reverse,7.8,15,2.09
5DFRA,S,30,W,Reverse,7.8,15,2.29
5DFRA,Y,30,W,Reverse,7.8,15,1.79
5DFRA,A,31,F,Reverse,7.8,15,1.72
5DFRA,V,31,F,Reverse,7.8,15,1.46
5DFRA,A,35,T,Reverse,7.8,15,1.1
5DFRA,A,40,V,Reverse,7.8,15,1.59
5DFRA,F,40,V,Reverse,7.8,15,1.99
5DFRA,I,40,V,Reverse,7.8,15,0.5
5DFRA,L,40,V,Reverse,7.8,15,0.78
5DFRA,M,40,V,Reverse,7.8,15,1.27
5DFRA,N,40,V,Reverse,7.8,15,1.82
5DFRA,R,40,V,Reverse,7.8,15,1.38
5DFRA,S,40,V,Reverse,7.8,15,2.04
5DFRA,A,43,G,Reverse,7.8,15,0.48
5DFRA,A,44,R,Reverse,7.8,15,0.94
5DFRA,L,44,R,Reverse,7.8,15,-0.78
5DFRA,V,54,L,Reverse,7.8,15,0.32
5DFRA,C,59,N,Reverse,7.8,15,-0.24
5DFRA,E,59,N,Reverse,7.8,15,1.36
5DFRA,G,59,N,Reverse,7.8,15,2.01
5DFRA,H,59,N,Reverse,7.8,15,0.81
5DFRA,I,59,N,Reverse,7.8,15,-0.13
5DFRA,K,59,N,Reverse,7.8,15,1.55
5DFRA,L,59,N,Reverse,7.8,15,-0.01
5DFRA,M,59,N,Reverse,7.8,15,0.14
5DFRA,Q,59,N,Reverse,7.8,15,0.35
5DFRA,S,59,N,Reverse,7.8,15,1.26
5DFRA,V,59,N,Reverse,7.8,15,-0.36
5DFRA,L,61,I,Reverse,7.8,15,0.36
5DFRA,V,61,I,Reverse,7.8,15,0.83
5DFRA,A,67,G,Reverse,7,15,0.05
5DFRA,C,67,G,Reverse,7,15,0.51
5DFRA,D,67,G,Reverse,7,15,0.58
5DFRA,L,67,G,Reverse,7,15,0.51
5DFRA,V,67,G,Reverse,7,15,0.7
5DFRA,F,74,W,Reverse,7.8,15,1.2
5DFRA,A,75,V,Reverse,7.8,15,0.05
5DFRA,C,75,V,Reverse,7.8,15,0.05
5DFRA,H,75,V,Reverse,7.1,15,1.72
5DFRA,I,75,V,Reverse,7.8,15,1.65
5DFRA,R,75,V,Reverse,7.8,15,2
5DFRA,S,75,V,Reverse,7.8,15,0.8
5DFRA,Y,75,V,Reverse,7.8,15,1.8
5DFRA,S,85,C,Reverse,7.8,15,0.97
5DFRA,A,88,V,Reverse,7.2,20,-0.29
5DFRA,I,88,V,Reverse,7.2,20,0.49
5DFRA,L,91,I,Reverse,7.8,15,1.5
5DFRA,V,91,I,Reverse,7.8,15,1.34
5DFRA,L,94,I,Reverse,7.8,15,0.63
5DFRA,V,94,I,Reverse,7.8,15,0.67
5DFRA,I,112,L,Reverse,7.8,15,0.25
5DFRA,V,112,L,Reverse,7.8,15,1.39
5DFRA,V,113,T,Reverse,7.8,15,0.91
5DFRA,A,121,G,Reverse,7,15,0.01
5DFRA,D,121,G,Reverse,7,15,0.34
5DFRA,L,121,G,Reverse,7,15,0.58
5DFRA,S,121,G,Reverse,7,15,0.08
5DFRA,V,121,G,Reverse,7,15,0.99
5DFRA,Y,121,G,Reverse,7,15,0.51
5DFRA,A,122,D,Reverse,7.8,15,1
5DFRA,K,139,E,Reverse,7.8,15,1.59
5DFRA,Q,139,E,Reverse,7.8,15,0.89
5DFRA,A,148,S,Reverse,7.8,15,0.42
5DFRA,E,148,S,Reverse,7.8,15,0.61
5DFRA,K,148,S,Reverse,7.8,15,0.38
5DFRA,N,148,S,Reverse,7.8,15,0.88
5DFRA,R,148,S,Reverse,7.8,15,0.66
5DFRA,T,148,S,Reverse,7.8,15,0.41
5DFRA,V,148,S,Reverse,7.8,15,0.35
5DFRA,E,152,C,Reverse,7.8,15,0.97
5DFRA,A,155,I,Reverse,7.8,15,2.99
5DFRA,D,155,I,Reverse,7.8,15,3.19
5DFRA,E,155,I,Reverse,7.8,15,2.62
5DFRA,K,155,I,Reverse,7.8,15,2.69
5DFRA,L,155,I,Reverse,7.8,15,1.63
5DFRA,Q,155,I,Reverse,7.8,15,3.01
5DFRA,R,155,I,Reverse,7.8,15,2.65
5DFRA,S,155,I,Reverse,7.8,15,3.09
5DFRA,V,155,I,Reverse,7.8,15,0.03
5DFRA,W,155,I,Reverse,7.8,15,3.21
5DFRA,Y,155,I,Reverse,7.8,15,2.85
5PTIA,L,4,F,Reverse,8.7,25,2.2
5PTIA,L,10,Y,Reverse,8.7,25,2.9
5PTIA,D,12,G,Reverse,8.7,25,4.3
5PTIA,V,12,G,Reverse,8.7,25,4.1
5PTIA,A,21,Y,Reverse,2,20,3.9
5PTIA,L,21,Y,Reverse,8.7,25,3.4
5PTIA,A,22,F,Reverse,2,22.7,1.11
5PTIA,I,33,F,Reverse,8.7,25,2.4
5PTIA,L,33,F,Reverse,8.7,25,2.7
5PTIA,A,35,Y,Reverse,8.7,25,4.7
5PTIA,F,35,Y,Reverse,8.7,25,0.6
5PTIA,G,35,Y,Reverse,5.4,25,5
5PTIA,N,35,Y,Reverse,8.7,25,3.7
5PTIA,D,36,G,Reverse,8.7,25,2.8
5PTIA,S,36,G,Reverse,4.6,72.6,0.7
5PTIA,A,37,G,Reverse,5.5,23.9,3.01
5PTIA,D,37,G,Reverse,8.7,25,1.7
5PTIA,G,44,N,Reverse,2,25,4.7
